{"type":"FeatureCollection","features":[{"type":"Feature","geometry":{"geodesic":false,"crs":{"type":"name","properties":{"name":"EPSG:32643"}},"type":"Polygon","coordinates":[[[765000.0,1421000.0],[766000.0,1421000.0],[766000.0,1422000.0],[765000.0,1422000.0],[765000.0,1421000.0]]]},"id":"765,1421","properties":{"bld_cover":8.0E-4,"bld_height":0.17044375,"id":"1"}},{"type":"Feature","geometry":{"geodesic":false,"crs":{"type":"name","properties":{"name":"EPSG:32643"}},"type":"Polygon","coordinates":[[[766000.0,1421000.0],[767000.0,1421000.0],[767000.0,1422000.0],[766000.0,1422000.0],[766000.0,1421000.0]]]},"id":"766,1421","properties":{"bld_cover":0.0026,"bld_height":0.3165697265625,"id":"2"}},{"type":"Feature","geometry":{"geodesic":false,"crs":{"type":"name","properties":{"name":"EPSG:32643"}},"type":"Polygon","coordinates":[[[767000.0,1421000.0],[768000.0,1421000.0],[768000.0,1422000.0],[767000.0,1422000.0],[767000.0,1421000.0]]]},"id":"767,1421","properties":{"bld_cover":0.0025,"bld_height":0.3248486328125,"id":"3"}},{"type":"Feature","geometry":{"geodesic":false,"crs":{"type":"name","properties":{"name":"EPSG:32643"}},"type":"Polygon","coordinates":[[[768000.0,1421000.0],[769000.0,1421000.0],[769000.0,1422000.0],[768000.0,1422000.0],[768000.0,1421000.0]]]},"id":"768,1421","properties":{"bld_cover":0.0025,"bld_height":0.154586328125,"id":"4"}},{"type":"Feature","geometry":{"geodesic":false,"crs":{"type":"name","properties":{"name":"EPSG:32643"}},"type":"Polygon","coordinates":[[[769000.0,1421000.0],[770000.0,1421000.0],[770000.0,1422000.0],[769000.0,1422000.0],[769000.0,1421000.0]]]},"id":"769,1421","properties":{"bld_cover":0.0054,"bld_height":0.230771484375,"id":"5"}},{"type":"Feature","geometry":{"geodesic":false,"crs":{"type":"name","properties":{"name":"EPSG:32643"}},"type":"Polygon","coordinates":[[[770000.0,1421000.0],[771000.0,1421000.0],[771000.0,1422000.0],[770000.0,1422000.0],[770000.0,1421000.0]]]},"id":"770,1421","properties":{"bld_cover":2.0E-4,"bld_height":0.2836908203125,"id":"6"}},{"type":"Feature","geometry":{"geodesic":false,"crs":{"type":"name","properties":{"name":"EPSG:32643"}},"type":"Polygon","coordinates":[[[771000.0,1421000.0],[772000.0,1421000.0],[772000.0,1422000.0],[771000.0,1422000.0],[771000.0,1421000.0]]]},"id":"771,1421","properties":{"bld_cover":0.0017,"bld_height":0.1564005859375,"id":"7"}},{"type":"Feature","geometry":{"geodesic":false,"crs":{"type":"name","properties":{"name":"EPSG:32643"}},"type":"Polygon","coordinates":[[[772000.0,1421000.0],[773000.0,1421000.0],[773000.0,1422000.0],[772000.0,1422000.0],[772000.0,1421000.0]]]},"id":"772,1421","properties":{"bld_cover":0.0123,"bld_height":1.0917123046875,"id":"8"}},{"type":"Feature","geometry":{"geodesic":false,"crs":{"type":"name","properties":{"name":"EPSG:32643"}},"type":"Polygon","coordinates":[[[773000.0,1421000.0],[774000.0,1421000.0],[774000.0,1422000.0],[773000.0,1422000.0],[773000.0,1421000.0]]]},"id":"773,1421","properties":{"bld_cover":0.0098,"bld_height":0.457703515625,"id":"9"}},{"type":"Feature","geometry":{"geodesic":false,"crs":{"type":"name","properties":{"name":"EPSG:32643"}},"type":"Polygon","coordinates":[[[774000.0,1421000.0],[775000.0,1421000.0],[775000.0,1422000.0],[774000.0,1422000.0],[774000.0,1421000.0]]]},"id":"774,1421","properties":{"bld_cover":0.0038,"bld_height":0.0407693359375,"id":"10"}},{"type":"Feature","geometry":{"geodesic":false,"crs":{"type":"name","properties":{"name":"EPSG:32643"}},"type":"Polygon","coordinates":[[[775000.0,1421000.0],[776000.0,1421000.0],[776000.0,1422000.0],[775000.0,1422000.0],[775000.0,1421000.0]]]},"id":"775,1421","properties":{"bld_cover":0.0016,"bld_height":0.1917634765625,"id":"11"}},{"type":"Feature","geometry":{"geodesic":false,"crs":{"type":"name","properties":{"name":"EPSG:32643"}},"type":"Polygon","coordinates":[[[776000.0,1421000.0],[777000.0,1421000.0],[777000.0,1422000.0],[776000.0,1422000.0],[776000.0,1421000.0]]]},"id":"776,1421","properties":{"bld_cover":0.0025,"bld_height":0.11727109375,"id":"12"}},{"type":"Feature","geometry":{"geodesic":false,"crs":{"type":"name","properties":{"name":"EPSG:32643"}},"type":"Polygon","coordinates":[[[777000.0,1421000.0],[778000.0,1421000.0],[778000.0,1422000.0],[777000.0,1422000.0],[777000.0,1421000.0]]]},"id":"777,1421","properties":{"bld_cover":4.0E-4,"bld_height":0.1574884765625,"id":"13"}},{"type":"Feature","geometry":{"geodesic":false,"crs":{"type":"name","properties":{"name":"EPSG:32643"}},"type":"Polygon","coordinates":[[[778000.0,1421000.0],[779000.0,1421000.0],[779000.0,1422000.0],[778000.0,1422000.0],[778000.0,1421000.0]]]},"id":"778,1421","properties":{"bld_cover":0.0013,"bld_height":0.031248046875,"id":"14"}},{"type":"Feature","geometry":{"geodesic":false,"crs":{"type":"name","properties":{"name":"EPSG:32643"}},"type":"Polygon","coordinates":[[[779000.0,1421000.0],[780000.0,1421000.0],[780000.0,1422000.0],[779000.0,1422000.0],[779000.0,1421000.0]]]},"id":"779,1421","properties":{"bld_cover":0.0037,"bld_height":0.4690068359375,"id":"15"}},{"type":"Feature","geometry":{"geodesic":false,"crs":{"type":"name","properties":{"name":"EPSG:32643"}},"type":"Polygon","coordinates":[[[780000.0,1421000.0],[781000.0,1421000.0],[781000.0,1422000.0],[780000.0,1422000.0],[780000.0,1421000.0]]]},"id":"780,1421","properties":{"bld_cover":4.0E-4,"bld_height":2.6054720703125,"id":"16"}},{"type":"Feature","geometry":{"geodesic":false,"crs":{"type":"name","properties":{"name":"EPSG:32643"}},"type":"Polygon","coordinates":[[[781000.0,1421000.0],[782000.0,1421000.0],[782000.0,1422000.0],[781000.0,1422000.0],[781000.0,1421000.0]]]},"id":"781,1421","properties":{"bld_cover":0.0068,"bld_height":1.491749609375,"id":"17"}},{"type":"Feature","geometry":{"geodesic":false,"crs":{"type":"name","properties":{"name":"EPSG:32643"}},"type":"Polygon","coordinates":[[[782000.0,1421000.0],[783000.0,1421000.0],[783000.0,1422000.0],[782000.0,1422000.0],[782000.0,1421000.0]]]},"id":"782,1421","properties":{"bld_cover":0.004,"bld_height":0.9569966796875,"id":"18"}},{"type":"Feature","geometry":{"geodesic":false,"crs":{"type":"name","properties":{"name":"EPSG:32643"}},"type":"Polygon","coordinates":[[[783000.0,1421000.0],[784000.0,1421000.0],[784000.0,1422000.0],[783000.0,1422000.0],[783000.0,1421000.0]]]},"id":"783,1421","properties":{"bld_cover":4.0E-4,"bld_height":0.433975,"id":"19"}},{"type":"Feature","geometry":{"geodesic":false,"crs":{"type":"name","properties":{"name":"EPSG:32643"}},"type":"Polygon","coordinates":[[[784000.0,1421000.0],[785000.0,1421000.0],[785000.0,1422000.0],[784000.0,1422000.0],[784000.0,1421000.0]]]},"id":"784,1421","properties":{"bld_cover":7.0E-4,"bld_height":0.6057599609375,"id":"20"}},{"type":"Feature","geometry":{"geodesic":false,"crs":{"type":"name","properties":{"name":"EPSG:32643"}},"type":"Polygon","coordinates":[[[785000.0,1421000.0],[786000.0,1421000.0],[786000.0,1422000.0],[785000.0,1422000.0],[785000.0,1421000.0]]]},"id":"785,1421","properties":{"bld_cover":0,"bld_height":0.993739453125,"id":"21"}},{"type":"Feature","geometry":{"geodesic":false,"crs":{"type":"name","properties":{"name":"EPSG:32643"}},"type":"Polygon","coordinates":[[[765000.0,1422000.0],[766000.0,1422000.0],[766000.0,1423000.0],[765000.0,1423000.0],[765000.0,1422000.0]]]},"id":"765,1422","properties":{"bld_cover":0.0025,"bld_height":0.093945703125,"id":"22"}},{"type":"Feature","geometry":{"geodesic":false,"crs":{"type":"name","properties":{"name":"EPSG:32643"}},"type":"Polygon","coordinates":[[[766000.0,1422000.0],[767000.0,1422000.0],[767000.0,1423000.0],[766000.0,1423000.0],[766000.0,1422000.0]]]},"id":"766,1422","properties":{"bld_cover":0.0769,"bld_height":0.48589375,"id":"23"}},{"type":"Feature","geometry":{"geodesic":false,"crs":{"type":"name","properties":{"name":"EPSG:32643"}},"type":"Polygon","coordinates":[[[767000.0,1422000.0],[768000.0,1422000.0],[768000.0,1423000.0],[767000.0,1423000.0],[767000.0,1422000.0]]]},"id":"767,1422","properties":{"bld_cover":0.0372,"bld_height":0.21445546875,"id":"24"}},{"type":"Feature","geometry":{"geodesic":false,"crs":{"type":"name","properties":{"name":"EPSG:32643"}},"type":"Polygon","coordinates":[[[768000.0,1422000.0],[769000.0,1422000.0],[769000.0,1423000.0],[768000.0,1423000.0],[768000.0,1422000.0]]]},"id":"768,1422","properties":{"bld_cover":0.0312,"bld_height":0.18299765625,"id":"25"}},{"type":"Feature","geometry":{"geodesic":false,"crs":{"type":"name","properties":{"name":"EPSG:32643"}},"type":"Polygon","coordinates":[[[769000.0,1422000.0],[770000.0,1422000.0],[770000.0,1423000.0],[769000.0,1423000.0],[769000.0,1422000.0]]]},"id":"769,1422","properties":{"bld_cover":0.0042,"bld_height":0.01558125,"id":"26"}},{"type":"Feature","geometry":{"geodesic":false,"crs":{"type":"name","properties":{"name":"EPSG:32643"}},"type":"Polygon","coordinates":[[[770000.0,1422000.0],[771000.0,1422000.0],[771000.0,1423000.0],[770000.0,1423000.0],[770000.0,1422000.0]]]},"id":"770,1422","properties":{"bld_cover":0.009,"bld_height":0.0224865234375,"id":"27"}},{"type":"Feature","geometry":{"geodesic":false,"crs":{"type":"name","properties":{"name":"EPSG:32643"}},"type":"Polygon","coordinates":[[[771000.0,1422000.0],[772000.0,1422000.0],[772000.0,1423000.0],[771000.0,1423000.0],[771000.0,1422000.0]]]},"id":"771,1422","properties":{"bld_cover":2.0E-4,"bld_height":0.001353125,"id":"28"}},{"type":"Feature","geometry":{"geodesic":false,"crs":{"type":"name","properties":{"name":"EPSG:32643"}},"type":"Polygon","coordinates":[[[772000.0,1422000.0],[773000.0,1422000.0],[773000.0,1423000.0],[772000.0,1423000.0],[772000.0,1422000.0]]]},"id":"772,1422","properties":{"bld_cover":0.0207,"bld_height":0.14758515625,"id":"29"}},{"type":"Feature","geometry":{"geodesic":false,"crs":{"type":"name","properties":{"name":"EPSG:32643"}},"type":"Polygon","coordinates":[[[773000.0,1422000.0],[774000.0,1422000.0],[774000.0,1423000.0],[773000.0,1423000.0],[773000.0,1422000.0]]]},"id":"773,1422","properties":{"bld_cover":0.0141,"bld_height":0.1235619140625,"id":"30"}},{"type":"Feature","geometry":{"geodesic":false,"crs":{"type":"name","properties":{"name":"EPSG:32643"}},"type":"Polygon","coordinates":[[[774000.0,1422000.0],[775000.0,1422000.0],[775000.0,1423000.0],[774000.0,1423000.0],[774000.0,1422000.0]]]},"id":"774,1422","properties":{"bld_cover":0.0486,"bld_height":0.520451953125,"id":"31"}},{"type":"Feature","geometry":{"geodesic":false,"crs":{"type":"name","properties":{"name":"EPSG:32643"}},"type":"Polygon","coordinates":[[[775000.0,1422000.0],[776000.0,1422000.0],[776000.0,1423000.0],[775000.0,1423000.0],[775000.0,1422000.0]]]},"id":"775,1422","properties":{"bld_cover":0.0666,"bld_height":0.977052734375,"id":"32"}},{"type":"Feature","geometry":{"geodesic":false,"crs":{"type":"name","properties":{"name":"EPSG:32643"}},"type":"Polygon","coordinates":[[[776000.0,1422000.0],[777000.0,1422000.0],[777000.0,1423000.0],[776000.0,1423000.0],[776000.0,1422000.0]]]},"id":"776,1422","properties":{"bld_cover":0.0277,"bld_height":0.7728169921875,"id":"33"}},{"type":"Feature","geometry":{"geodesic":false,"crs":{"type":"name","properties":{"name":"EPSG:32643"}},"type":"Polygon","coordinates":[[[777000.0,1422000.0],[778000.0,1422000.0],[778000.0,1423000.0],[777000.0,1423000.0],[777000.0,1422000.0]]]},"id":"777,1422","properties":{"bld_cover":0.0442,"bld_height":0.541496484375,"id":"34"}},{"type":"Feature","geometry":{"geodesic":false,"crs":{"type":"name","properties":{"name":"EPSG:32643"}},"type":"Polygon","coordinates":[[[778000.0,1422000.0],[779000.0,1422000.0],[779000.0,1423000.0],[778000.0,1423000.0],[778000.0,1422000.0]]]},"id":"778,1422","properties":{"bld_cover":0.0931,"bld_height":1.0086361328125,"id":"35"}},{"type":"Feature","geometry":{"geodesic":false,"crs":{"type":"name","properties":{"name":"EPSG:32643"}},"type":"Polygon","coordinates":[[[779000.0,1422000.0],[780000.0,1422000.0],[780000.0,1423000.0],[779000.0,1423000.0],[779000.0,1422000.0]]]},"id":"779,1422","properties":{"bld_cover":0.1348,"bld_height":1.4513318359375,"id":"36"}},{"type":"Feature","geometry":{"geodesic":false,"crs":{"type":"name","properties":{"name":"EPSG:32643"}},"type":"Polygon","coordinates":[[[780000.0,1422000.0],[781000.0,1422000.0],[781000.0,1423000.0],[780000.0,1423000.0],[780000.0,1422000.0]]]},"id":"780,1422","properties":{"bld_cover":0.1871,"bld_height":1.840319140625,"id":"37"}},{"type":"Feature","geometry":{"geodesic":false,"crs":{"type":"name","properties":{"name":"EPSG:32643"}},"type":"Polygon","coordinates":[[[781000.0,1422000.0],[782000.0,1422000.0],[782000.0,1423000.0],[781000.0,1423000.0],[781000.0,1422000.0]]]},"id":"781,1422","properties":{"bld_cover":0.1579,"bld_height":2.3766642578125,"id":"38"}},{"type":"Feature","geometry":{"geodesic":false,"crs":{"type":"name","properties":{"name":"EPSG:32643"}},"type":"Polygon","coordinates":[[[782000.0,1422000.0],[783000.0,1422000.0],[783000.0,1423000.0],[782000.0,1423000.0],[782000.0,1422000.0]]]},"id":"782,1422","properties":{"bld_cover":0.0977,"bld_height":0.9204611328125,"id":"39"}},{"type":"Feature","geometry":{"geodesic":false,"crs":{"type":"name","properties":{"name":"EPSG:32643"}},"type":"Polygon","coordinates":[[[783000.0,1422000.0],[784000.0,1422000.0],[784000.0,1423000.0],[783000.0,1423000.0],[783000.0,1422000.0]]]},"id":"783,1422","properties":{"bld_cover":0.0719,"bld_height":1.3113267578125,"id":"40"}},{"type":"Feature","geometry":{"geodesic":false,"crs":{"type":"name","properties":{"name":"EPSG:32643"}},"type":"Polygon","coordinates":[[[784000.0,1422000.0],[785000.0,1422000.0],[785000.0,1423000.0],[784000.0,1423000.0],[784000.0,1422000.0]]]},"id":"784,1422","properties":{"bld_cover":0.093,"bld_height":0.5571873046875,"id":"41"}},{"type":"Feature","geometry":{"geodesic":false,"crs":{"type":"name","properties":{"name":"EPSG:32643"}},"type":"Polygon","coordinates":[[[785000.0,1422000.0],[786000.0,1422000.0],[786000.0,1423000.0],[785000.0,1423000.0],[785000.0,1422000.0]]]},"id":"785,1422","properties":{"bld_cover":0.0324,"bld_height":0.1573275390625,"id":"42"}},{"type":"Feature","geometry":{"geodesic":false,"crs":{"type":"name","properties":{"name":"EPSG:32643"}},"type":"Polygon","coordinates":[[[786000.0,1422000.0],[787000.0,1422000.0],[787000.0,1423000.0],[786000.0,1423000.0],[786000.0,1422000.0]]]},"id":"786,1422","properties":{"bld_cover":0.0916,"bld_height":0.6113451171875,"id":"43"}},{"type":"Feature","geometry":{"geodesic":false,"crs":{"type":"name","properties":{"name":"EPSG:32643"}},"type":"Polygon","coordinates":[[[787000.0,1422000.0],[788000.0,1422000.0],[788000.0,1423000.0],[787000.0,1423000.0],[787000.0,1422000.0]]]},"id":"787,1422","properties":{"bld_cover":0.1439,"bld_height":1.6117982421875,"id":"44"}},{"type":"Feature","geometry":{"geodesic":false,"crs":{"type":"name","properties":{"name":"EPSG:32643"}},"type":"Polygon","coordinates":[[[788000.0,1422000.0],[789000.0,1422000.0],[789000.0,1423000.0],[788000.0,1423000.0],[788000.0,1422000.0]]]},"id":"788,1422","properties":{"bld_cover":0.1939,"bld_height":2.23622421875,"id":"45"}},{"type":"Feature","geometry":{"geodesic":false,"crs":{"type":"name","properties":{"name":"EPSG:32643"}},"type":"Polygon","coordinates":[[[789000.0,1422000.0],[790000.0,1422000.0],[790000.0,1423000.0],[789000.0,1423000.0],[789000.0,1422000.0]]]},"id":"789,1422","properties":{"bld_cover":0.2483,"bld_height":3.8837482421875,"id":"46"}},{"type":"Feature","geometry":{"geodesic":false,"crs":{"type":"name","properties":{"name":"EPSG:32643"}},"type":"Polygon","coordinates":[[[790000.0,1422000.0],[791000.0,1422000.0],[791000.0,1423000.0],[790000.0,1423000.0],[790000.0,1422000.0]]]},"id":"790,1422","properties":{"bld_cover":0.2457,"bld_height":4.3413626953125,"id":"47"}},{"type":"Feature","geometry":{"geodesic":false,"crs":{"type":"name","properties":{"name":"EPSG:32643"}},"type":"Polygon","coordinates":[[[791000.0,1422000.0],[792000.0,1422000.0],[792000.0,1423000.0],[791000.0,1423000.0],[791000.0,1422000.0]]]},"id":"791,1422","properties":{"bld_cover":0.1022,"bld_height":1.2786095703125,"id":"48"}},{"type":"Feature","geometry":{"geodesic":false,"crs":{"type":"name","properties":{"name":"EPSG:32643"}},"type":"Polygon","coordinates":[[[792000.0,1422000.0],[793000.0,1422000.0],[793000.0,1423000.0],[792000.0,1423000.0],[792000.0,1422000.0]]]},"id":"792,1422","properties":{"bld_cover":0.0213,"bld_height":0.234073828125,"id":"49"}},{"type":"Feature","geometry":{"geodesic":false,"crs":{"type":"name","properties":{"name":"EPSG:32643"}},"type":"Polygon","coordinates":[[[793000.0,1422000.0],[794000.0,1422000.0],[794000.0,1423000.0],[793000.0,1423000.0],[793000.0,1422000.0]]]},"id":"793,1422","properties":{"bld_cover":0.0387,"bld_height":0.266143359375,"id":"50"}},{"type":"Feature","geometry":{"geodesic":false,"crs":{"type":"name","properties":{"name":"EPSG:32643"}},"type":"Polygon","coordinates":[[[794000.0,1422000.0],[795000.0,1422000.0],[795000.0,1423000.0],[794000.0,1423000.0],[794000.0,1422000.0]]]},"id":"794,1422","properties":{"bld_cover":0.0567,"bld_height":0.29269765625,"id":"51"}},{"type":"Feature","geometry":{"geodesic":false,"crs":{"type":"name","properties":{"name":"EPSG:32643"}},"type":"Polygon","coordinates":[[[795000.0,1422000.0],[796000.0,1422000.0],[796000.0,1423000.0],[795000.0,1423000.0],[795000.0,1422000.0]]]},"id":"795,1422","properties":{"bld_cover":0.0376,"bld_height":0.1926111328125,"id":"52"}},{"type":"Feature","geometry":{"geodesic":false,"crs":{"type":"name","properties":{"name":"EPSG:32643"}},"type":"Polygon","coordinates":[[[796000.0,1422000.0],[797000.0,1422000.0],[797000.0,1423000.0],[796000.0,1423000.0],[796000.0,1422000.0]]]},"id":"796,1422","properties":{"bld_cover":0.0498,"bld_height":0.5629234375,"id":"53"}},{"type":"Feature","geometry":{"geodesic":false,"crs":{"type":"name","properties":{"name":"EPSG:32643"}},"type":"Polygon","coordinates":[[[797000.0,1422000.0],[798000.0,1422000.0],[798000.0,1423000.0],[797000.0,1423000.0],[797000.0,1422000.0]]]},"id":"797,1422","properties":{"bld_cover":0.0148,"bld_height":0.14868359375,"id":"54"}},{"type":"Feature","geometry":{"geodesic":false,"crs":{"type":"name","properties":{"name":"EPSG:32643"}},"type":"Polygon","coordinates":[[[798000.0,1422000.0],[799000.0,1422000.0],[799000.0,1423000.0],[798000.0,1423000.0],[798000.0,1422000.0]]]},"id":"798,1422","properties":{"bld_cover":0.01,"bld_height":0.1145552734375,"id":"55"}},{"type":"Feature","geometry":{"geodesic":false,"crs":{"type":"name","properties":{"name":"EPSG:32643"}},"type":"Polygon","coordinates":[[[765000.0,1423000.0],[766000.0,1423000.0],[766000.0,1424000.0],[765000.0,1424000.0],[765000.0,1423000.0]]]},"id":"765,1423","properties":{"bld_cover":0.016,"bld_height":1.11701171875,"id":"56"}},{"type":"Feature","geometry":{"geodesic":false,"crs":{"type":"name","properties":{"name":"EPSG:32643"}},"type":"Polygon","coordinates":[[[766000.0,1423000.0],[767000.0,1423000.0],[767000.0,1424000.0],[766000.0,1424000.0],[766000.0,1423000.0]]]},"id":"766,1423","properties":{"bld_cover":0.0942,"bld_height":0.6243541015625,"id":"57"}},{"type":"Feature","geometry":{"geodesic":false,"crs":{"type":"name","properties":{"name":"EPSG:32643"}},"type":"Polygon","coordinates":[[[767000.0,1423000.0],[768000.0,1423000.0],[768000.0,1424000.0],[767000.0,1424000.0],[767000.0,1423000.0]]]},"id":"767,1423","properties":{"bld_cover":0.0158,"bld_height":0.0990849609375,"id":"58"}},{"type":"Feature","geometry":{"geodesic":false,"crs":{"type":"name","properties":{"name":"EPSG:32643"}},"type":"Polygon","coordinates":[[[768000.0,1423000.0],[769000.0,1423000.0],[769000.0,1424000.0],[768000.0,1424000.0],[768000.0,1423000.0]]]},"id":"768,1423","properties":{"bld_cover":0.0306,"bld_height":0.1734041015625,"id":"59"}},{"type":"Feature","geometry":{"geodesic":false,"crs":{"type":"name","properties":{"name":"EPSG:32643"}},"type":"Polygon","coordinates":[[[769000.0,1423000.0],[770000.0,1423000.0],[770000.0,1424000.0],[769000.0,1424000.0],[769000.0,1423000.0]]]},"id":"769,1423","properties":{"bld_cover":0.0087,"bld_height":0.046600390625,"id":"60"}},{"type":"Feature","geometry":{"geodesic":false,"crs":{"type":"name","properties":{"name":"EPSG:32643"}},"type":"Polygon","coordinates":[[[770000.0,1423000.0],[771000.0,1423000.0],[771000.0,1424000.0],[770000.0,1424000.0],[770000.0,1423000.0]]]},"id":"770,1423","properties":{"bld_cover":0,"bld_height":1.642578125E-4,"id":"61"}},{"type":"Feature","geometry":{"geodesic":false,"crs":{"type":"name","properties":{"name":"EPSG:32643"}},"type":"Polygon","coordinates":[[[771000.0,1423000.0],[772000.0,1423000.0],[772000.0,1424000.0],[771000.0,1424000.0],[771000.0,1423000.0]]]},"id":"771,1423","properties":{"bld_cover":0,"bld_height":0,"id":"62"}},{"type":"Feature","geometry":{"geodesic":false,"crs":{"type":"name","properties":{"name":"EPSG:32643"}},"type":"Polygon","coordinates":[[[772000.0,1423000.0],[773000.0,1423000.0],[773000.0,1424000.0],[772000.0,1424000.0],[772000.0,1423000.0]]]},"id":"772,1423","properties":{"bld_cover":0.025,"bld_height":0.1644611328125,"id":"63"}},{"type":"Feature","geometry":{"geodesic":false,"crs":{"type":"name","properties":{"name":"EPSG:32643"}},"type":"Polygon","coordinates":[[[773000.0,1423000.0],[774000.0,1423000.0],[774000.0,1424000.0],[773000.0,1424000.0],[773000.0,1423000.0]]]},"id":"773,1423","properties":{"bld_cover":0.0355,"bld_height":0.9925607421875,"id":"64"}},{"type":"Feature","geometry":{"geodesic":false,"crs":{"type":"name","properties":{"name":"EPSG:32643"}},"type":"Polygon","coordinates":[[[774000.0,1423000.0],[775000.0,1423000.0],[775000.0,1424000.0],[774000.0,1424000.0],[774000.0,1423000.0]]]},"id":"774,1423","properties":{"bld_cover":0.0884,"bld_height":1.47699609375,"id":"65"}},{"type":"Feature","geometry":{"geodesic":false,"crs":{"type":"name","properties":{"name":"EPSG:32643"}},"type":"Polygon","coordinates":[[[775000.0,1423000.0],[776000.0,1423000.0],[776000.0,1424000.0],[775000.0,1424000.0],[775000.0,1423000.0]]]},"id":"775,1423","properties":{"bld_cover":0.1786,"bld_height":2.4662123046875,"id":"66"}},{"type":"Feature","geometry":{"geodesic":false,"crs":{"type":"name","properties":{"name":"EPSG:32643"}},"type":"Polygon","coordinates":[[[776000.0,1423000.0],[777000.0,1423000.0],[777000.0,1424000.0],[776000.0,1424000.0],[776000.0,1423000.0]]]},"id":"776,1423","properties":{"bld_cover":0.0564,"bld_height":0.886994140625,"id":"67"}},{"type":"Feature","geometry":{"geodesic":false,"crs":{"type":"name","properties":{"name":"EPSG:32643"}},"type":"Polygon","coordinates":[[[777000.0,1423000.0],[778000.0,1423000.0],[778000.0,1424000.0],[777000.0,1424000.0],[777000.0,1423000.0]]]},"id":"777,1423","properties":{"bld_cover":0.0614,"bld_height":0.6790470703125,"id":"68"}},{"type":"Feature","geometry":{"geodesic":false,"crs":{"type":"name","properties":{"name":"EPSG:32643"}},"type":"Polygon","coordinates":[[[778000.0,1423000.0],[779000.0,1423000.0],[779000.0,1424000.0],[778000.0,1424000.0],[778000.0,1423000.0]]]},"id":"778,1423","properties":{"bld_cover":0.1915,"bld_height":1.756077734375,"id":"69"}},{"type":"Feature","geometry":{"geodesic":false,"crs":{"type":"name","properties":{"name":"EPSG:32643"}},"type":"Polygon","coordinates":[[[779000.0,1423000.0],[780000.0,1423000.0],[780000.0,1424000.0],[779000.0,1424000.0],[779000.0,1423000.0]]]},"id":"779,1423","properties":{"bld_cover":0.1885,"bld_height":2.0011947265625,"id":"70"}},{"type":"Feature","geometry":{"geodesic":false,"crs":{"type":"name","properties":{"name":"EPSG:32643"}},"type":"Polygon","coordinates":[[[780000.0,1423000.0],[781000.0,1423000.0],[781000.0,1424000.0],[780000.0,1424000.0],[780000.0,1423000.0]]]},"id":"780,1423","properties":{"bld_cover":0.1974,"bld_height":1.9870212890625,"id":"71"}},{"type":"Feature","geometry":{"geodesic":false,"crs":{"type":"name","properties":{"name":"EPSG:32643"}},"type":"Polygon","coordinates":[[[781000.0,1423000.0],[782000.0,1423000.0],[782000.0,1424000.0],[781000.0,1424000.0],[781000.0,1423000.0]]]},"id":"781,1423","properties":{"bld_cover":0.2361,"bld_height":3.45290078125,"id":"72"}},{"type":"Feature","geometry":{"geodesic":false,"crs":{"type":"name","properties":{"name":"EPSG:32643"}},"type":"Polygon","coordinates":[[[782000.0,1423000.0],[783000.0,1423000.0],[783000.0,1424000.0],[782000.0,1424000.0],[782000.0,1423000.0]]]},"id":"782,1423","properties":{"bld_cover":0.209,"bld_height":2.629165234375,"id":"73"}},{"type":"Feature","geometry":{"geodesic":false,"crs":{"type":"name","properties":{"name":"EPSG:32643"}},"type":"Polygon","coordinates":[[[783000.0,1423000.0],[784000.0,1423000.0],[784000.0,1424000.0],[783000.0,1424000.0],[783000.0,1423000.0]]]},"id":"783,1423","properties":{"bld_cover":0.1537,"bld_height":2.8164205078125,"id":"74"}},{"type":"Feature","geometry":{"geodesic":false,"crs":{"type":"name","properties":{"name":"EPSG:32643"}},"type":"Polygon","coordinates":[[[784000.0,1423000.0],[785000.0,1423000.0],[785000.0,1424000.0],[784000.0,1424000.0],[784000.0,1423000.0]]]},"id":"784,1423","properties":{"bld_cover":0.0875,"bld_height":1.2105044921875,"id":"75"}},{"type":"Feature","geometry":{"geodesic":false,"crs":{"type":"name","properties":{"name":"EPSG:32643"}},"type":"Polygon","coordinates":[[[785000.0,1423000.0],[786000.0,1423000.0],[786000.0,1424000.0],[785000.0,1424000.0],[785000.0,1423000.0]]]},"id":"785,1423","properties":{"bld_cover":0.0352,"bld_height":0.1788318359375,"id":"76"}},{"type":"Feature","geometry":{"geodesic":false,"crs":{"type":"name","properties":{"name":"EPSG:32643"}},"type":"Polygon","coordinates":[[[786000.0,1423000.0],[787000.0,1423000.0],[787000.0,1424000.0],[786000.0,1424000.0],[786000.0,1423000.0]]]},"id":"786,1423","properties":{"bld_cover":0.0546,"bld_height":0.516097265625,"id":"77"}},{"type":"Feature","geometry":{"geodesic":false,"crs":{"type":"name","properties":{"name":"EPSG:32643"}},"type":"Polygon","coordinates":[[[787000.0,1423000.0],[788000.0,1423000.0],[788000.0,1424000.0],[787000.0,1424000.0],[787000.0,1423000.0]]]},"id":"787,1423","properties":{"bld_cover":0.1722,"bld_height":1.981601953125,"id":"78"}},{"type":"Feature","geometry":{"geodesic":false,"crs":{"type":"name","properties":{"name":"EPSG:32643"}},"type":"Polygon","coordinates":[[[788000.0,1423000.0],[789000.0,1423000.0],[789000.0,1424000.0],[788000.0,1424000.0],[788000.0,1423000.0]]]},"id":"788,1423","properties":{"bld_cover":0.2234,"bld_height":3.2043576171875,"id":"79"}},{"type":"Feature","geometry":{"geodesic":false,"crs":{"type":"name","properties":{"name":"EPSG:32643"}},"type":"Polygon","coordinates":[[[789000.0,1423000.0],[790000.0,1423000.0],[790000.0,1424000.0],[789000.0,1424000.0],[789000.0,1423000.0]]]},"id":"789,1423","properties":{"bld_cover":0.1042,"bld_height":1.8079154296875,"id":"80"}},{"type":"Feature","geometry":{"geodesic":false,"crs":{"type":"name","properties":{"name":"EPSG:32643"}},"type":"Polygon","coordinates":[[[790000.0,1423000.0],[791000.0,1423000.0],[791000.0,1424000.0],[790000.0,1424000.0],[790000.0,1423000.0]]]},"id":"790,1423","properties":{"bld_cover":0.1847,"bld_height":1.534492578125,"id":"81"}},{"type":"Feature","geometry":{"geodesic":false,"crs":{"type":"name","properties":{"name":"EPSG:32643"}},"type":"Polygon","coordinates":[[[791000.0,1423000.0],[792000.0,1423000.0],[792000.0,1424000.0],[791000.0,1424000.0],[791000.0,1423000.0]]]},"id":"791,1423","properties":{"bld_cover":0.0952,"bld_height":1.110930078125,"id":"82"}},{"type":"Feature","geometry":{"geodesic":false,"crs":{"type":"name","properties":{"name":"EPSG:32643"}},"type":"Polygon","coordinates":[[[792000.0,1423000.0],[793000.0,1423000.0],[793000.0,1424000.0],[792000.0,1424000.0],[792000.0,1423000.0]]]},"id":"792,1423","properties":{"bld_cover":0.0945,"bld_height":1.1626162109375,"id":"83"}},{"type":"Feature","geometry":{"geodesic":false,"crs":{"type":"name","properties":{"name":"EPSG:32643"}},"type":"Polygon","coordinates":[[[793000.0,1423000.0],[794000.0,1423000.0],[794000.0,1424000.0],[793000.0,1424000.0],[793000.0,1423000.0]]]},"id":"793,1423","properties":{"bld_cover":0.0924,"bld_height":0.6049890625,"id":"84"}},{"type":"Feature","geometry":{"geodesic":false,"crs":{"type":"name","properties":{"name":"EPSG:32643"}},"type":"Polygon","coordinates":[[[794000.0,1423000.0],[795000.0,1423000.0],[795000.0,1424000.0],[794000.0,1424000.0],[794000.0,1423000.0]]]},"id":"794,1423","properties":{"bld_cover":0.0416,"bld_height":0.19163203125,"id":"85"}},{"type":"Feature","geometry":{"geodesic":false,"crs":{"type":"name","properties":{"name":"EPSG:32643"}},"type":"Polygon","coordinates":[[[795000.0,1423000.0],[796000.0,1423000.0],[796000.0,1424000.0],[795000.0,1424000.0],[795000.0,1423000.0]]]},"id":"795,1423","properties":{"bld_cover":0.1094,"bld_height":0.55033125,"id":"86"}},{"type":"Feature","geometry":{"geodesic":false,"crs":{"type":"name","properties":{"name":"EPSG:32643"}},"type":"Polygon","coordinates":[[[796000.0,1423000.0],[797000.0,1423000.0],[797000.0,1424000.0],[796000.0,1424000.0],[796000.0,1423000.0]]]},"id":"796,1423","properties":{"bld_cover":0.071,"bld_height":0.34756640625,"id":"87"}},{"type":"Feature","geometry":{"geodesic":false,"crs":{"type":"name","properties":{"name":"EPSG:32643"}},"type":"Polygon","coordinates":[[[797000.0,1423000.0],[798000.0,1423000.0],[798000.0,1424000.0],[797000.0,1424000.0],[797000.0,1423000.0]]]},"id":"797,1423","properties":{"bld_cover":0.034,"bld_height":0.1979404296875,"id":"88"}},{"type":"Feature","geometry":{"geodesic":false,"crs":{"type":"name","properties":{"name":"EPSG:32643"}},"type":"Polygon","coordinates":[[[798000.0,1423000.0],[799000.0,1423000.0],[799000.0,1424000.0],[798000.0,1424000.0],[798000.0,1423000.0]]]},"id":"798,1423","properties":{"bld_cover":0.014,"bld_height":0.0848095703125,"id":"89"}},{"type":"Feature","geometry":{"geodesic":false,"crs":{"type":"name","properties":{"name":"EPSG:32643"}},"type":"Polygon","coordinates":[[[765000.0,1424000.0],[766000.0,1424000.0],[766000.0,1425000.0],[765000.0,1425000.0],[765000.0,1424000.0]]]},"id":"765,1424","properties":{"bld_cover":0.0155,"bld_height":1.9119345703125,"id":"90"}},{"type":"Feature","geometry":{"geodesic":false,"crs":{"type":"name","properties":{"name":"EPSG:32643"}},"type":"Polygon","coordinates":[[[766000.0,1424000.0],[767000.0,1424000.0],[767000.0,1425000.0],[766000.0,1425000.0],[766000.0,1424000.0]]]},"id":"766,1424","properties":{"bld_cover":0.0681,"bld_height":0.527009765625,"id":"91"}},{"type":"Feature","geometry":{"geodesic":false,"crs":{"type":"name","properties":{"name":"EPSG:32643"}},"type":"Polygon","coordinates":[[[767000.0,1424000.0],[768000.0,1424000.0],[768000.0,1425000.0],[767000.0,1425000.0],[767000.0,1424000.0]]]},"id":"767,1424","properties":{"bld_cover":0.0738,"bld_height":0.4343755859375,"id":"92"}},{"type":"Feature","geometry":{"geodesic":false,"crs":{"type":"name","properties":{"name":"EPSG:32643"}},"type":"Polygon","coordinates":[[[768000.0,1424000.0],[769000.0,1424000.0],[769000.0,1425000.0],[768000.0,1425000.0],[768000.0,1424000.0]]]},"id":"768,1424","properties":{"bld_cover":0.0499,"bld_height":0.31275078125,"id":"93"}},{"type":"Feature","geometry":{"geodesic":false,"crs":{"type":"name","properties":{"name":"EPSG:32643"}},"type":"Polygon","coordinates":[[[769000.0,1424000.0],[770000.0,1424000.0],[770000.0,1425000.0],[769000.0,1425000.0],[769000.0,1424000.0]]]},"id":"769,1424","properties":{"bld_cover":0.0786,"bld_height":0.48782578125,"id":"94"}},{"type":"Feature","geometry":{"geodesic":false,"crs":{"type":"name","properties":{"name":"EPSG:32643"}},"type":"Polygon","coordinates":[[[770000.0,1424000.0],[771000.0,1424000.0],[771000.0,1425000.0],[770000.0,1425000.0],[770000.0,1424000.0]]]},"id":"770,1424","properties":{"bld_cover":0.0051,"bld_height":0.0296423828125,"id":"95"}},{"type":"Feature","geometry":{"geodesic":false,"crs":{"type":"name","properties":{"name":"EPSG:32643"}},"type":"Polygon","coordinates":[[[771000.0,1424000.0],[772000.0,1424000.0],[772000.0,1425000.0],[771000.0,1425000.0],[771000.0,1424000.0]]]},"id":"771,1424","properties":{"bld_cover":0.0087,"bld_height":0.0838294921875,"id":"96"}},{"type":"Feature","geometry":{"geodesic":false,"crs":{"type":"name","properties":{"name":"EPSG:32643"}},"type":"Polygon","coordinates":[[[772000.0,1424000.0],[773000.0,1424000.0],[773000.0,1425000.0],[772000.0,1425000.0],[772000.0,1424000.0]]]},"id":"772,1424","properties":{"bld_cover":0.0572,"bld_height":0.6549318359375,"id":"97"}},{"type":"Feature","geometry":{"geodesic":false,"crs":{"type":"name","properties":{"name":"EPSG:32643"}},"type":"Polygon","coordinates":[[[773000.0,1424000.0],[774000.0,1424000.0],[774000.0,1425000.0],[773000.0,1425000.0],[773000.0,1424000.0]]]},"id":"773,1424","properties":{"bld_cover":0.0489,"bld_height":0.3559974609375,"id":"98"}},{"type":"Feature","geometry":{"geodesic":false,"crs":{"type":"name","properties":{"name":"EPSG:32643"}},"type":"Polygon","coordinates":[[[774000.0,1424000.0],[775000.0,1424000.0],[775000.0,1425000.0],[774000.0,1425000.0],[774000.0,1424000.0]]]},"id":"774,1424","properties":{"bld_cover":0.1301,"bld_height":1.4591244140625,"id":"99"}},{"type":"Feature","geometry":{"geodesic":false,"crs":{"type":"name","properties":{"name":"EPSG:32643"}},"type":"Polygon","coordinates":[[[775000.0,1424000.0],[776000.0,1424000.0],[776000.0,1425000.0],[775000.0,1425000.0],[775000.0,1424000.0]]]},"id":"775,1424","properties":{"bld_cover":0.2468,"bld_height":2.280141015625,"id":"100"}},{"type":"Feature","geometry":{"geodesic":false,"crs":{"type":"name","properties":{"name":"EPSG:32643"}},"type":"Polygon","coordinates":[[[776000.0,1424000.0],[777000.0,1424000.0],[777000.0,1425000.0],[776000.0,1425000.0],[776000.0,1424000.0]]]},"id":"776,1424","properties":{"bld_cover":0.108,"bld_height":1.1591318359375,"id":"101"}},{"type":"Feature","geometry":{"geodesic":false,"crs":{"type":"name","properties":{"name":"EPSG:32643"}},"type":"Polygon","coordinates":[[[777000.0,1424000.0],[778000.0,1424000.0],[778000.0,1425000.0],[777000.0,1425000.0],[777000.0,1424000.0]]]},"id":"777,1424","properties":{"bld_cover":0.1196,"bld_height":1.03751953125,"id":"102"}},{"type":"Feature","geometry":{"geodesic":false,"crs":{"type":"name","properties":{"name":"EPSG:32643"}},"type":"Polygon","coordinates":[[[778000.0,1424000.0],[779000.0,1424000.0],[779000.0,1425000.0],[778000.0,1425000.0],[778000.0,1424000.0]]]},"id":"778,1424","properties":{"bld_cover":0.2407,"bld_height":2.2749619140625,"id":"103"}},{"type":"Feature","geometry":{"geodesic":false,"crs":{"type":"name","properties":{"name":"EPSG:32643"}},"type":"Polygon","coordinates":[[[779000.0,1424000.0],[780000.0,1424000.0],[780000.0,1425000.0],[779000.0,1425000.0],[779000.0,1424000.0]]]},"id":"779,1424","properties":{"bld_cover":0.2045,"bld_height":2.8364513671875,"id":"104"}},{"type":"Feature","geometry":{"geodesic":false,"crs":{"type":"name","properties":{"name":"EPSG:32643"}},"type":"Polygon","coordinates":[[[780000.0,1424000.0],[781000.0,1424000.0],[781000.0,1425000.0],[780000.0,1425000.0],[780000.0,1424000.0]]]},"id":"780,1424","properties":{"bld_cover":0.2499,"bld_height":2.4480615234375,"id":"105"}},{"type":"Feature","geometry":{"geodesic":false,"crs":{"type":"name","properties":{"name":"EPSG:32643"}},"type":"Polygon","coordinates":[[[781000.0,1424000.0],[782000.0,1424000.0],[782000.0,1425000.0],[781000.0,1425000.0],[781000.0,1424000.0]]]},"id":"781,1424","properties":{"bld_cover":0.175,"bld_height":2.958953515625,"id":"106"}},{"type":"Feature","geometry":{"geodesic":false,"crs":{"type":"name","properties":{"name":"EPSG:32643"}},"type":"Polygon","coordinates":[[[782000.0,1424000.0],[783000.0,1424000.0],[783000.0,1425000.0],[782000.0,1425000.0],[782000.0,1424000.0]]]},"id":"782,1424","properties":{"bld_cover":0.1445,"bld_height":1.526287890625,"id":"107"}},{"type":"Feature","geometry":{"geodesic":false,"crs":{"type":"name","properties":{"name":"EPSG:32643"}},"type":"Polygon","coordinates":[[[783000.0,1424000.0],[784000.0,1424000.0],[784000.0,1425000.0],[783000.0,1425000.0],[783000.0,1424000.0]]]},"id":"783,1424","properties":{"bld_cover":0.1929,"bld_height":2.7704953125,"id":"108"}},{"type":"Feature","geometry":{"geodesic":false,"crs":{"type":"name","properties":{"name":"EPSG:32643"}},"type":"Polygon","coordinates":[[[784000.0,1424000.0],[785000.0,1424000.0],[785000.0,1425000.0],[784000.0,1425000.0],[784000.0,1424000.0]]]},"id":"784,1424","properties":{"bld_cover":0.1727,"bld_height":2.4764568359375,"id":"109"}},{"type":"Feature","geometry":{"geodesic":false,"crs":{"type":"name","properties":{"name":"EPSG:32643"}},"type":"Polygon","coordinates":[[[785000.0,1424000.0],[786000.0,1424000.0],[786000.0,1425000.0],[785000.0,1425000.0],[785000.0,1424000.0]]]},"id":"785,1424","properties":{"bld_cover":0.0975,"bld_height":0.977829296875,"id":"110"}},{"type":"Feature","geometry":{"geodesic":false,"crs":{"type":"name","properties":{"name":"EPSG:32643"}},"type":"Polygon","coordinates":[[[786000.0,1424000.0],[787000.0,1424000.0],[787000.0,1425000.0],[786000.0,1425000.0],[786000.0,1424000.0]]]},"id":"786,1424","properties":{"bld_cover":0.2053,"bld_height":2.4361814453125,"id":"111"}},{"type":"Feature","geometry":{"geodesic":false,"crs":{"type":"name","properties":{"name":"EPSG:32643"}},"type":"Polygon","coordinates":[[[787000.0,1424000.0],[788000.0,1424000.0],[788000.0,1425000.0],[787000.0,1425000.0],[787000.0,1424000.0]]]},"id":"787,1424","properties":{"bld_cover":0.1964,"bld_height":2.25949140625,"id":"112"}},{"type":"Feature","geometry":{"geodesic":false,"crs":{"type":"name","properties":{"name":"EPSG:32643"}},"type":"Polygon","coordinates":[[[788000.0,1424000.0],[789000.0,1424000.0],[789000.0,1425000.0],[788000.0,1425000.0],[788000.0,1424000.0]]]},"id":"788,1424","properties":{"bld_cover":0.2861,"bld_height":3.5947615234375,"id":"113"}},{"type":"Feature","geometry":{"geodesic":false,"crs":{"type":"name","properties":{"name":"EPSG:32643"}},"type":"Polygon","coordinates":[[[789000.0,1424000.0],[790000.0,1424000.0],[790000.0,1425000.0],[789000.0,1425000.0],[789000.0,1424000.0]]]},"id":"789,1424","properties":{"bld_cover":0.2562,"bld_height":2.821808203125,"id":"114"}},{"type":"Feature","geometry":{"geodesic":false,"crs":{"type":"name","properties":{"name":"EPSG:32643"}},"type":"Polygon","coordinates":[[[790000.0,1424000.0],[791000.0,1424000.0],[791000.0,1425000.0],[790000.0,1425000.0],[790000.0,1424000.0]]]},"id":"790,1424","properties":{"bld_cover":0.1321,"bld_height":1.1124685546875,"id":"115"}},{"type":"Feature","geometry":{"geodesic":false,"crs":{"type":"name","properties":{"name":"EPSG:32643"}},"type":"Polygon","coordinates":[[[791000.0,1424000.0],[792000.0,1424000.0],[792000.0,1425000.0],[791000.0,1425000.0],[791000.0,1424000.0]]]},"id":"791,1424","properties":{"bld_cover":0.0142,"bld_height":0.434508203125,"id":"116"}},{"type":"Feature","geometry":{"geodesic":false,"crs":{"type":"name","properties":{"name":"EPSG:32643"}},"type":"Polygon","coordinates":[[[792000.0,1424000.0],[793000.0,1424000.0],[793000.0,1425000.0],[792000.0,1425000.0],[792000.0,1424000.0]]]},"id":"792,1424","properties":{"bld_cover":0.0548,"bld_height":0.56814140625,"id":"117"}},{"type":"Feature","geometry":{"geodesic":false,"crs":{"type":"name","properties":{"name":"EPSG:32643"}},"type":"Polygon","coordinates":[[[793000.0,1424000.0],[794000.0,1424000.0],[794000.0,1425000.0],[793000.0,1425000.0],[793000.0,1424000.0]]]},"id":"793,1424","properties":{"bld_cover":0.0397,"bld_height":0.3279462890625,"id":"118"}},{"type":"Feature","geometry":{"geodesic":false,"crs":{"type":"name","properties":{"name":"EPSG:32643"}},"type":"Polygon","coordinates":[[[794000.0,1424000.0],[795000.0,1424000.0],[795000.0,1425000.0],[794000.0,1425000.0],[794000.0,1424000.0]]]},"id":"794,1424","properties":{"bld_cover":0.0675,"bld_height":0.3016404296875,"id":"119"}},{"type":"Feature","geometry":{"geodesic":false,"crs":{"type":"name","properties":{"name":"EPSG:32643"}},"type":"Polygon","coordinates":[[[795000.0,1424000.0],[796000.0,1424000.0],[796000.0,1425000.0],[795000.0,1425000.0],[795000.0,1424000.0]]]},"id":"795,1424","properties":{"bld_cover":0.0864,"bld_height":0.4114564453125,"id":"120"}},{"type":"Feature","geometry":{"geodesic":false,"crs":{"type":"name","properties":{"name":"EPSG:32643"}},"type":"Polygon","coordinates":[[[796000.0,1424000.0],[797000.0,1424000.0],[797000.0,1425000.0],[796000.0,1425000.0],[796000.0,1424000.0]]]},"id":"796,1424","properties":{"bld_cover":0.0427,"bld_height":0.251594140625,"id":"121"}},{"type":"Feature","geometry":{"geodesic":false,"crs":{"type":"name","properties":{"name":"EPSG:32643"}},"type":"Polygon","coordinates":[[[797000.0,1424000.0],[798000.0,1424000.0],[798000.0,1425000.0],[797000.0,1425000.0],[797000.0,1424000.0]]]},"id":"797,1424","properties":{"bld_cover":0.0032,"bld_height":0.01545859375,"id":"122"}},{"type":"Feature","geometry":{"geodesic":false,"crs":{"type":"name","properties":{"name":"EPSG:32643"}},"type":"Polygon","coordinates":[[[798000.0,1424000.0],[799000.0,1424000.0],[799000.0,1425000.0],[798000.0,1425000.0],[798000.0,1424000.0]]]},"id":"798,1424","properties":{"bld_cover":0.0119,"bld_height":0.1997095703125,"id":"123"}},{"type":"Feature","geometry":{"geodesic":false,"crs":{"type":"name","properties":{"name":"EPSG:32643"}},"type":"Polygon","coordinates":[[[765000.0,1425000.0],[766000.0,1425000.0],[766000.0,1426000.0],[765000.0,1426000.0],[765000.0,1425000.0]]]},"id":"765,1425","properties":{"bld_cover":0.019,"bld_height":1.5463029296875,"id":"124"}},{"type":"Feature","geometry":{"geodesic":false,"crs":{"type":"name","properties":{"name":"EPSG:32643"}},"type":"Polygon","coordinates":[[[766000.0,1425000.0],[767000.0,1425000.0],[767000.0,1426000.0],[766000.0,1426000.0],[766000.0,1425000.0]]]},"id":"766,1425","properties":{"bld_cover":0.0587,"bld_height":1.0825861328125,"id":"125"}},{"type":"Feature","geometry":{"geodesic":false,"crs":{"type":"name","properties":{"name":"EPSG:32643"}},"type":"Polygon","coordinates":[[[767000.0,1425000.0],[768000.0,1425000.0],[768000.0,1426000.0],[767000.0,1426000.0],[767000.0,1425000.0]]]},"id":"767,1425","properties":{"bld_cover":0.1146,"bld_height":1.297712890625,"id":"126"}},{"type":"Feature","geometry":{"geodesic":false,"crs":{"type":"name","properties":{"name":"EPSG:32643"}},"type":"Polygon","coordinates":[[[768000.0,1425000.0],[769000.0,1425000.0],[769000.0,1426000.0],[768000.0,1426000.0],[768000.0,1425000.0]]]},"id":"768,1425","properties":{"bld_cover":0.0636,"bld_height":1.539098046875,"id":"127"}},{"type":"Feature","geometry":{"geodesic":false,"crs":{"type":"name","properties":{"name":"EPSG:32643"}},"type":"Polygon","coordinates":[[[769000.0,1425000.0],[770000.0,1425000.0],[770000.0,1426000.0],[769000.0,1426000.0],[769000.0,1425000.0]]]},"id":"769,1425","properties":{"bld_cover":0.0506,"bld_height":0.3808111328125,"id":"128"}},{"type":"Feature","geometry":{"geodesic":false,"crs":{"type":"name","properties":{"name":"EPSG:32643"}},"type":"Polygon","coordinates":[[[770000.0,1425000.0],[771000.0,1425000.0],[771000.0,1426000.0],[770000.0,1426000.0],[770000.0,1425000.0]]]},"id":"770,1425","properties":{"bld_cover":0.0297,"bld_height":0.22377890625,"id":"129"}},{"type":"Feature","geometry":{"geodesic":false,"crs":{"type":"name","properties":{"name":"EPSG:32643"}},"type":"Polygon","coordinates":[[[771000.0,1425000.0],[772000.0,1425000.0],[772000.0,1426000.0],[771000.0,1426000.0],[771000.0,1425000.0]]]},"id":"771,1425","properties":{"bld_cover":0.0335,"bld_height":0.2890771484375,"id":"130"}},{"type":"Feature","geometry":{"geodesic":false,"crs":{"type":"name","properties":{"name":"EPSG:32643"}},"type":"Polygon","coordinates":[[[772000.0,1425000.0],[773000.0,1425000.0],[773000.0,1426000.0],[772000.0,1426000.0],[772000.0,1425000.0]]]},"id":"772,1425","properties":{"bld_cover":0.0428,"bld_height":0.38701640625,"id":"131"}},{"type":"Feature","geometry":{"geodesic":false,"crs":{"type":"name","properties":{"name":"EPSG:32643"}},"type":"Polygon","coordinates":[[[773000.0,1425000.0],[774000.0,1425000.0],[774000.0,1426000.0],[773000.0,1426000.0],[773000.0,1425000.0]]]},"id":"773,1425","properties":{"bld_cover":0.0172,"bld_height":0.1143587890625,"id":"132"}},{"type":"Feature","geometry":{"geodesic":false,"crs":{"type":"name","properties":{"name":"EPSG:32643"}},"type":"Polygon","coordinates":[[[774000.0,1425000.0],[775000.0,1425000.0],[775000.0,1426000.0],[774000.0,1426000.0],[774000.0,1425000.0]]]},"id":"774,1425","properties":{"bld_cover":0.024,"bld_height":0.6832556640625,"id":"133"}},{"type":"Feature","geometry":{"geodesic":false,"crs":{"type":"name","properties":{"name":"EPSG:32643"}},"type":"Polygon","coordinates":[[[775000.0,1425000.0],[776000.0,1425000.0],[776000.0,1426000.0],[775000.0,1426000.0],[775000.0,1425000.0]]]},"id":"775,1425","properties":{"bld_cover":0.1392,"bld_height":1.5844896484375,"id":"134"}},{"type":"Feature","geometry":{"geodesic":false,"crs":{"type":"name","properties":{"name":"EPSG:32643"}},"type":"Polygon","coordinates":[[[776000.0,1425000.0],[777000.0,1425000.0],[777000.0,1426000.0],[776000.0,1426000.0],[776000.0,1425000.0]]]},"id":"776,1425","properties":{"bld_cover":0.2248,"bld_height":3.7522427734375,"id":"135"}},{"type":"Feature","geometry":{"geodesic":false,"crs":{"type":"name","properties":{"name":"EPSG:32643"}},"type":"Polygon","coordinates":[[[777000.0,1425000.0],[778000.0,1425000.0],[778000.0,1426000.0],[777000.0,1426000.0],[777000.0,1425000.0]]]},"id":"777,1425","properties":{"bld_cover":0.2178,"bld_height":2.14188828125,"id":"136"}},{"type":"Feature","geometry":{"geodesic":false,"crs":{"type":"name","properties":{"name":"EPSG:32643"}},"type":"Polygon","coordinates":[[[778000.0,1425000.0],[779000.0,1425000.0],[779000.0,1426000.0],[778000.0,1426000.0],[778000.0,1425000.0]]]},"id":"778,1425","properties":{"bld_cover":0.3221,"bld_height":3.978730859375,"id":"137"}},{"type":"Feature","geometry":{"geodesic":false,"crs":{"type":"name","properties":{"name":"EPSG:32643"}},"type":"Polygon","coordinates":[[[779000.0,1425000.0],[780000.0,1425000.0],[780000.0,1426000.0],[779000.0,1426000.0],[779000.0,1425000.0]]]},"id":"779,1425","properties":{"bld_cover":0.3667,"bld_height":3.5932412109375,"id":"138"}},{"type":"Feature","geometry":{"geodesic":false,"crs":{"type":"name","properties":{"name":"EPSG:32643"}},"type":"Polygon","coordinates":[[[780000.0,1425000.0],[781000.0,1425000.0],[781000.0,1426000.0],[780000.0,1426000.0],[780000.0,1425000.0]]]},"id":"780,1425","properties":{"bld_cover":0.3014,"bld_height":3.077615625,"id":"139"}},{"type":"Feature","geometry":{"geodesic":false,"crs":{"type":"name","properties":{"name":"EPSG:32643"}},"type":"Polygon","coordinates":[[[781000.0,1425000.0],[782000.0,1425000.0],[782000.0,1426000.0],[781000.0,1426000.0],[781000.0,1425000.0]]]},"id":"781,1425","properties":{"bld_cover":0.2527,"bld_height":3.6433990234375,"id":"140"}},{"type":"Feature","geometry":{"geodesic":false,"crs":{"type":"name","properties":{"name":"EPSG:32643"}},"type":"Polygon","coordinates":[[[782000.0,1425000.0],[783000.0,1425000.0],[783000.0,1426000.0],[782000.0,1426000.0],[782000.0,1425000.0]]]},"id":"782,1425","properties":{"bld_cover":0.3492,"bld_height":3.9394771484375,"id":"141"}},{"type":"Feature","geometry":{"geodesic":false,"crs":{"type":"name","properties":{"name":"EPSG:32643"}},"type":"Polygon","coordinates":[[[783000.0,1425000.0],[784000.0,1425000.0],[784000.0,1426000.0],[783000.0,1426000.0],[783000.0,1425000.0]]]},"id":"783,1425","properties":{"bld_cover":0.2825,"bld_height":3.2118240234375,"id":"142"}},{"type":"Feature","geometry":{"geodesic":false,"crs":{"type":"name","properties":{"name":"EPSG:32643"}},"type":"Polygon","coordinates":[[[784000.0,1425000.0],[785000.0,1425000.0],[785000.0,1426000.0],[784000.0,1426000.0],[784000.0,1425000.0]]]},"id":"784,1425","properties":{"bld_cover":0.3127,"bld_height":2.9262333984375,"id":"143"}},{"type":"Feature","geometry":{"geodesic":false,"crs":{"type":"name","properties":{"name":"EPSG:32643"}},"type":"Polygon","coordinates":[[[785000.0,1425000.0],[786000.0,1425000.0],[786000.0,1426000.0],[785000.0,1426000.0],[785000.0,1425000.0]]]},"id":"785,1425","properties":{"bld_cover":0.2239,"bld_height":2.50223203125,"id":"144"}},{"type":"Feature","geometry":{"geodesic":false,"crs":{"type":"name","properties":{"name":"EPSG:32643"}},"type":"Polygon","coordinates":[[[786000.0,1425000.0],[787000.0,1425000.0],[787000.0,1426000.0],[786000.0,1426000.0],[786000.0,1425000.0]]]},"id":"786,1425","properties":{"bld_cover":0.1854,"bld_height":2.0238408203125,"id":"145"}},{"type":"Feature","geometry":{"geodesic":false,"crs":{"type":"name","properties":{"name":"EPSG:32643"}},"type":"Polygon","coordinates":[[[787000.0,1425000.0],[788000.0,1425000.0],[788000.0,1426000.0],[787000.0,1426000.0],[787000.0,1425000.0]]]},"id":"787,1425","properties":{"bld_cover":0.265,"bld_height":2.9034892578125,"id":"146"}},{"type":"Feature","geometry":{"geodesic":false,"crs":{"type":"name","properties":{"name":"EPSG:32643"}},"type":"Polygon","coordinates":[[[788000.0,1425000.0],[789000.0,1425000.0],[789000.0,1426000.0],[788000.0,1426000.0],[788000.0,1425000.0]]]},"id":"788,1425","properties":{"bld_cover":0.1747,"bld_height":1.6271142578125,"id":"147"}},{"type":"Feature","geometry":{"geodesic":false,"crs":{"type":"name","properties":{"name":"EPSG:32643"}},"type":"Polygon","coordinates":[[[789000.0,1425000.0],[790000.0,1425000.0],[790000.0,1426000.0],[789000.0,1426000.0],[789000.0,1425000.0]]]},"id":"789,1425","properties":{"bld_cover":0.133,"bld_height":1.8551091796875,"id":"148"}},{"type":"Feature","geometry":{"geodesic":false,"crs":{"type":"name","properties":{"name":"EPSG:32643"}},"type":"Polygon","coordinates":[[[790000.0,1425000.0],[791000.0,1425000.0],[791000.0,1426000.0],[790000.0,1426000.0],[790000.0,1425000.0]]]},"id":"790,1425","properties":{"bld_cover":0.2643,"bld_height":2.7022630859375,"id":"149"}},{"type":"Feature","geometry":{"geodesic":false,"crs":{"type":"name","properties":{"name":"EPSG:32643"}},"type":"Polygon","coordinates":[[[791000.0,1425000.0],[792000.0,1425000.0],[792000.0,1426000.0],[791000.0,1426000.0],[791000.0,1425000.0]]]},"id":"791,1425","properties":{"bld_cover":0.0583,"bld_height":0.7382982421875,"id":"150"}},{"type":"Feature","geometry":{"geodesic":false,"crs":{"type":"name","properties":{"name":"EPSG:32643"}},"type":"Polygon","coordinates":[[[792000.0,1425000.0],[793000.0,1425000.0],[793000.0,1426000.0],[792000.0,1426000.0],[792000.0,1425000.0]]]},"id":"792,1425","properties":{"bld_cover":0.0556,"bld_height":0.506673046875,"id":"151"}},{"type":"Feature","geometry":{"geodesic":false,"crs":{"type":"name","properties":{"name":"EPSG:32643"}},"type":"Polygon","coordinates":[[[793000.0,1425000.0],[794000.0,1425000.0],[794000.0,1426000.0],[793000.0,1426000.0],[793000.0,1425000.0]]]},"id":"793,1425","properties":{"bld_cover":0.0271,"bld_height":0.1946712890625,"id":"152"}},{"type":"Feature","geometry":{"geodesic":false,"crs":{"type":"name","properties":{"name":"EPSG:32643"}},"type":"Polygon","coordinates":[[[794000.0,1425000.0],[795000.0,1425000.0],[795000.0,1426000.0],[794000.0,1426000.0],[794000.0,1425000.0]]]},"id":"794,1425","properties":{"bld_cover":0.0445,"bld_height":0.30732109375,"id":"153"}},{"type":"Feature","geometry":{"geodesic":false,"crs":{"type":"name","properties":{"name":"EPSG:32643"}},"type":"Polygon","coordinates":[[[795000.0,1425000.0],[796000.0,1425000.0],[796000.0,1426000.0],[795000.0,1426000.0],[795000.0,1425000.0]]]},"id":"795,1425","properties":{"bld_cover":0.0372,"bld_height":0.3150421875,"id":"154"}},{"type":"Feature","geometry":{"geodesic":false,"crs":{"type":"name","properties":{"name":"EPSG:32643"}},"type":"Polygon","coordinates":[[[796000.0,1425000.0],[797000.0,1425000.0],[797000.0,1426000.0],[796000.0,1426000.0],[796000.0,1425000.0]]]},"id":"796,1425","properties":{"bld_cover":0.0264,"bld_height":0.2015693359375,"id":"155"}},{"type":"Feature","geometry":{"geodesic":false,"crs":{"type":"name","properties":{"name":"EPSG:32643"}},"type":"Polygon","coordinates":[[[797000.0,1425000.0],[798000.0,1425000.0],[798000.0,1426000.0],[797000.0,1426000.0],[797000.0,1425000.0]]]},"id":"797,1425","properties":{"bld_cover":0.1034,"bld_height":0.72717734375,"id":"156"}},{"type":"Feature","geometry":{"geodesic":false,"crs":{"type":"name","properties":{"name":"EPSG:32643"}},"type":"Polygon","coordinates":[[[798000.0,1425000.0],[799000.0,1425000.0],[799000.0,1426000.0],[798000.0,1426000.0],[798000.0,1425000.0]]]},"id":"798,1425","properties":{"bld_cover":0.076,"bld_height":1.6608634765625,"id":"157"}},{"type":"Feature","geometry":{"geodesic":false,"crs":{"type":"name","properties":{"name":"EPSG:32643"}},"type":"Polygon","coordinates":[[[765000.0,1426000.0],[766000.0,1426000.0],[766000.0,1427000.0],[765000.0,1427000.0],[765000.0,1426000.0]]]},"id":"765,1426","properties":{"bld_cover":0.0039,"bld_height":0.344399609375,"id":"158"}},{"type":"Feature","geometry":{"geodesic":false,"crs":{"type":"name","properties":{"name":"EPSG:32643"}},"type":"Polygon","coordinates":[[[766000.0,1426000.0],[767000.0,1426000.0],[767000.0,1427000.0],[766000.0,1427000.0],[766000.0,1426000.0]]]},"id":"766,1426","properties":{"bld_cover":0.1603,"bld_height":1.3709369140625,"id":"159"}},{"type":"Feature","geometry":{"geodesic":false,"crs":{"type":"name","properties":{"name":"EPSG:32643"}},"type":"Polygon","coordinates":[[[767000.0,1426000.0],[768000.0,1426000.0],[768000.0,1427000.0],[767000.0,1427000.0],[767000.0,1426000.0]]]},"id":"767,1426","properties":{"bld_cover":0.0717,"bld_height":0.95158828125,"id":"160"}},{"type":"Feature","geometry":{"geodesic":false,"crs":{"type":"name","properties":{"name":"EPSG:32643"}},"type":"Polygon","coordinates":[[[768000.0,1426000.0],[769000.0,1426000.0],[769000.0,1427000.0],[768000.0,1427000.0],[768000.0,1426000.0]]]},"id":"768,1426","properties":{"bld_cover":0.0761,"bld_height":0.4817126953125,"id":"161"}},{"type":"Feature","geometry":{"geodesic":false,"crs":{"type":"name","properties":{"name":"EPSG:32643"}},"type":"Polygon","coordinates":[[[769000.0,1426000.0],[770000.0,1426000.0],[770000.0,1427000.0],[769000.0,1427000.0],[769000.0,1426000.0]]]},"id":"769,1426","properties":{"bld_cover":0.0507,"bld_height":0.4012587890625,"id":"162"}},{"type":"Feature","geometry":{"geodesic":false,"crs":{"type":"name","properties":{"name":"EPSG:32643"}},"type":"Polygon","coordinates":[[[770000.0,1426000.0],[771000.0,1426000.0],[771000.0,1427000.0],[770000.0,1427000.0],[770000.0,1426000.0]]]},"id":"770,1426","properties":{"bld_cover":0.0423,"bld_height":0.223589453125,"id":"163"}},{"type":"Feature","geometry":{"geodesic":false,"crs":{"type":"name","properties":{"name":"EPSG:32643"}},"type":"Polygon","coordinates":[[[771000.0,1426000.0],[772000.0,1426000.0],[772000.0,1427000.0],[771000.0,1427000.0],[771000.0,1426000.0]]]},"id":"771,1426","properties":{"bld_cover":0.0016,"bld_height":0.0055041015625,"id":"164"}},{"type":"Feature","geometry":{"geodesic":false,"crs":{"type":"name","properties":{"name":"EPSG:32643"}},"type":"Polygon","coordinates":[[[772000.0,1426000.0],[773000.0,1426000.0],[773000.0,1427000.0],[772000.0,1427000.0],[772000.0,1426000.0]]]},"id":"772,1426","properties":{"bld_cover":0.0351,"bld_height":0.2678640625,"id":"165"}},{"type":"Feature","geometry":{"geodesic":false,"crs":{"type":"name","properties":{"name":"EPSG:32643"}},"type":"Polygon","coordinates":[[[773000.0,1426000.0],[774000.0,1426000.0],[774000.0,1427000.0],[773000.0,1427000.0],[773000.0,1426000.0]]]},"id":"773,1426","properties":{"bld_cover":0.07,"bld_height":0.659313671875,"id":"166"}},{"type":"Feature","geometry":{"geodesic":false,"crs":{"type":"name","properties":{"name":"EPSG:32643"}},"type":"Polygon","coordinates":[[[774000.0,1426000.0],[775000.0,1426000.0],[775000.0,1427000.0],[774000.0,1427000.0],[774000.0,1426000.0]]]},"id":"774,1426","properties":{"bld_cover":0.0663,"bld_height":1.2117072265625,"id":"167"}},{"type":"Feature","geometry":{"geodesic":false,"crs":{"type":"name","properties":{"name":"EPSG:32643"}},"type":"Polygon","coordinates":[[[775000.0,1426000.0],[776000.0,1426000.0],[776000.0,1427000.0],[775000.0,1427000.0],[775000.0,1426000.0]]]},"id":"775,1426","properties":{"bld_cover":0.1804,"bld_height":3.06571953125,"id":"168"}},{"type":"Feature","geometry":{"geodesic":false,"crs":{"type":"name","properties":{"name":"EPSG:32643"}},"type":"Polygon","coordinates":[[[776000.0,1426000.0],[777000.0,1426000.0],[777000.0,1427000.0],[776000.0,1427000.0],[776000.0,1426000.0]]]},"id":"776,1426","properties":{"bld_cover":0.1938,"bld_height":3.2984392578125,"id":"169"}},{"type":"Feature","geometry":{"geodesic":false,"crs":{"type":"name","properties":{"name":"EPSG:32643"}},"type":"Polygon","coordinates":[[[777000.0,1426000.0],[778000.0,1426000.0],[778000.0,1427000.0],[777000.0,1427000.0],[777000.0,1426000.0]]]},"id":"777,1426","properties":{"bld_cover":0.3177,"bld_height":3.336886328125,"id":"170"}},{"type":"Feature","geometry":{"geodesic":false,"crs":{"type":"name","properties":{"name":"EPSG:32643"}},"type":"Polygon","coordinates":[[[778000.0,1426000.0],[779000.0,1426000.0],[779000.0,1427000.0],[778000.0,1427000.0],[778000.0,1426000.0]]]},"id":"778,1426","properties":{"bld_cover":0.3299,"bld_height":4.1899603515625,"id":"171"}},{"type":"Feature","geometry":{"geodesic":false,"crs":{"type":"name","properties":{"name":"EPSG:32643"}},"type":"Polygon","coordinates":[[[779000.0,1426000.0],[780000.0,1426000.0],[780000.0,1427000.0],[779000.0,1427000.0],[779000.0,1426000.0]]]},"id":"779,1426","properties":{"bld_cover":0.3502,"bld_height":4.5360357421875,"id":"172"}},{"type":"Feature","geometry":{"geodesic":false,"crs":{"type":"name","properties":{"name":"EPSG:32643"}},"type":"Polygon","coordinates":[[[780000.0,1426000.0],[781000.0,1426000.0],[781000.0,1427000.0],[780000.0,1427000.0],[780000.0,1426000.0]]]},"id":"780,1426","properties":{"bld_cover":0.3054,"bld_height":4.3763458984375,"id":"173"}},{"type":"Feature","geometry":{"geodesic":false,"crs":{"type":"name","properties":{"name":"EPSG:32643"}},"type":"Polygon","coordinates":[[[781000.0,1426000.0],[782000.0,1426000.0],[782000.0,1427000.0],[781000.0,1427000.0],[781000.0,1426000.0]]]},"id":"781,1426","properties":{"bld_cover":0.2394,"bld_height":3.8298921875,"id":"174"}},{"type":"Feature","geometry":{"geodesic":false,"crs":{"type":"name","properties":{"name":"EPSG:32643"}},"type":"Polygon","coordinates":[[[782000.0,1426000.0],[783000.0,1426000.0],[783000.0,1427000.0],[782000.0,1427000.0],[782000.0,1426000.0]]]},"id":"782,1426","properties":{"bld_cover":0.2955,"bld_height":3.5740310546875,"id":"175"}},{"type":"Feature","geometry":{"geodesic":false,"crs":{"type":"name","properties":{"name":"EPSG:32643"}},"type":"Polygon","coordinates":[[[783000.0,1426000.0],[784000.0,1426000.0],[784000.0,1427000.0],[783000.0,1427000.0],[783000.0,1426000.0]]]},"id":"783,1426","properties":{"bld_cover":0.29,"bld_height":3.636726953125,"id":"176"}},{"type":"Feature","geometry":{"geodesic":false,"crs":{"type":"name","properties":{"name":"EPSG:32643"}},"type":"Polygon","coordinates":[[[784000.0,1426000.0],[785000.0,1426000.0],[785000.0,1427000.0],[784000.0,1427000.0],[784000.0,1426000.0]]]},"id":"784,1426","properties":{"bld_cover":0.4285,"bld_height":4.681619921875,"id":"177"}},{"type":"Feature","geometry":{"geodesic":false,"crs":{"type":"name","properties":{"name":"EPSG:32643"}},"type":"Polygon","coordinates":[[[785000.0,1426000.0],[786000.0,1426000.0],[786000.0,1427000.0],[785000.0,1427000.0],[785000.0,1426000.0]]]},"id":"785,1426","properties":{"bld_cover":0.3943,"bld_height":4.036642578125,"id":"178"}},{"type":"Feature","geometry":{"geodesic":false,"crs":{"type":"name","properties":{"name":"EPSG:32643"}},"type":"Polygon","coordinates":[[[786000.0,1426000.0],[787000.0,1426000.0],[787000.0,1427000.0],[786000.0,1427000.0],[786000.0,1426000.0]]]},"id":"786,1426","properties":{"bld_cover":0.3092,"bld_height":4.061784765625,"id":"179"}},{"type":"Feature","geometry":{"geodesic":false,"crs":{"type":"name","properties":{"name":"EPSG:32643"}},"type":"Polygon","coordinates":[[[787000.0,1426000.0],[788000.0,1426000.0],[788000.0,1427000.0],[787000.0,1427000.0],[787000.0,1426000.0]]]},"id":"787,1426","properties":{"bld_cover":0.3125,"bld_height":3.17356484375,"id":"180"}},{"type":"Feature","geometry":{"geodesic":false,"crs":{"type":"name","properties":{"name":"EPSG:32643"}},"type":"Polygon","coordinates":[[[788000.0,1426000.0],[789000.0,1426000.0],[789000.0,1427000.0],[788000.0,1427000.0],[788000.0,1426000.0]]]},"id":"788,1426","properties":{"bld_cover":0.2135,"bld_height":2.9766048828125,"id":"181"}},{"type":"Feature","geometry":{"geodesic":false,"crs":{"type":"name","properties":{"name":"EPSG:32643"}},"type":"Polygon","coordinates":[[[789000.0,1426000.0],[790000.0,1426000.0],[790000.0,1427000.0],[789000.0,1427000.0],[789000.0,1426000.0]]]},"id":"789,1426","properties":{"bld_cover":0.0838,"bld_height":1.2612837890625,"id":"182"}},{"type":"Feature","geometry":{"geodesic":false,"crs":{"type":"name","properties":{"name":"EPSG:32643"}},"type":"Polygon","coordinates":[[[790000.0,1426000.0],[791000.0,1426000.0],[791000.0,1427000.0],[790000.0,1427000.0],[790000.0,1426000.0]]]},"id":"790,1426","properties":{"bld_cover":0.1995,"bld_height":1.906412109375,"id":"183"}},{"type":"Feature","geometry":{"geodesic":false,"crs":{"type":"name","properties":{"name":"EPSG:32643"}},"type":"Polygon","coordinates":[[[791000.0,1426000.0],[792000.0,1426000.0],[792000.0,1427000.0],[791000.0,1427000.0],[791000.0,1426000.0]]]},"id":"791,1426","properties":{"bld_cover":0.0535,"bld_height":0.4530796875,"id":"184"}},{"type":"Feature","geometry":{"geodesic":false,"crs":{"type":"name","properties":{"name":"EPSG:32643"}},"type":"Polygon","coordinates":[[[792000.0,1426000.0],[793000.0,1426000.0],[793000.0,1427000.0],[792000.0,1427000.0],[792000.0,1426000.0]]]},"id":"792,1426","properties":{"bld_cover":0.0764,"bld_height":0.721546484375,"id":"185"}},{"type":"Feature","geometry":{"geodesic":false,"crs":{"type":"name","properties":{"name":"EPSG:32643"}},"type":"Polygon","coordinates":[[[793000.0,1426000.0],[794000.0,1426000.0],[794000.0,1427000.0],[793000.0,1427000.0],[793000.0,1426000.0]]]},"id":"793,1426","properties":{"bld_cover":0.0685,"bld_height":1.4567517578125,"id":"186"}},{"type":"Feature","geometry":{"geodesic":false,"crs":{"type":"name","properties":{"name":"EPSG:32643"}},"type":"Polygon","coordinates":[[[794000.0,1426000.0],[795000.0,1426000.0],[795000.0,1427000.0],[794000.0,1427000.0],[794000.0,1426000.0]]]},"id":"794,1426","properties":{"bld_cover":0.094,"bld_height":0.95887265625,"id":"187"}},{"type":"Feature","geometry":{"geodesic":false,"crs":{"type":"name","properties":{"name":"EPSG:32643"}},"type":"Polygon","coordinates":[[[795000.0,1426000.0],[796000.0,1426000.0],[796000.0,1427000.0],[795000.0,1427000.0],[795000.0,1426000.0]]]},"id":"795,1426","properties":{"bld_cover":0.0726,"bld_height":0.612891015625,"id":"188"}},{"type":"Feature","geometry":{"geodesic":false,"crs":{"type":"name","properties":{"name":"EPSG:32643"}},"type":"Polygon","coordinates":[[[796000.0,1426000.0],[797000.0,1426000.0],[797000.0,1427000.0],[796000.0,1427000.0],[796000.0,1426000.0]]]},"id":"796,1426","properties":{"bld_cover":0.0845,"bld_height":0.6645150390625,"id":"189"}},{"type":"Feature","geometry":{"geodesic":false,"crs":{"type":"name","properties":{"name":"EPSG:32643"}},"type":"Polygon","coordinates":[[[797000.0,1426000.0],[798000.0,1426000.0],[798000.0,1427000.0],[797000.0,1427000.0],[797000.0,1426000.0]]]},"id":"797,1426","properties":{"bld_cover":0.1247,"bld_height":1.0541134765625,"id":"190"}},{"type":"Feature","geometry":{"geodesic":false,"crs":{"type":"name","properties":{"name":"EPSG:32643"}},"type":"Polygon","coordinates":[[[798000.0,1426000.0],[799000.0,1426000.0],[799000.0,1427000.0],[798000.0,1427000.0],[798000.0,1426000.0]]]},"id":"798,1426","properties":{"bld_cover":0.0326,"bld_height":0.6845248046875,"id":"191"}},{"type":"Feature","geometry":{"geodesic":false,"crs":{"type":"name","properties":{"name":"EPSG:32643"}},"type":"Polygon","coordinates":[[[765000.0,1427000.0],[766000.0,1427000.0],[766000.0,1428000.0],[765000.0,1428000.0],[765000.0,1427000.0]]]},"id":"765,1427","properties":{"bld_cover":0.0183,"bld_height":0.233550390625,"id":"192"}},{"type":"Feature","geometry":{"geodesic":false,"crs":{"type":"name","properties":{"name":"EPSG:32643"}},"type":"Polygon","coordinates":[[[766000.0,1427000.0],[767000.0,1427000.0],[767000.0,1428000.0],[766000.0,1428000.0],[766000.0,1427000.0]]]},"id":"766,1427","properties":{"bld_cover":0.0657,"bld_height":0.5239822265625,"id":"193"}},{"type":"Feature","geometry":{"geodesic":false,"crs":{"type":"name","properties":{"name":"EPSG:32643"}},"type":"Polygon","coordinates":[[[767000.0,1427000.0],[768000.0,1427000.0],[768000.0,1428000.0],[767000.0,1428000.0],[767000.0,1427000.0]]]},"id":"767,1427","properties":{"bld_cover":0.0948,"bld_height":0.858909765625,"id":"194"}},{"type":"Feature","geometry":{"geodesic":false,"crs":{"type":"name","properties":{"name":"EPSG:32643"}},"type":"Polygon","coordinates":[[[768000.0,1427000.0],[769000.0,1427000.0],[769000.0,1428000.0],[768000.0,1428000.0],[768000.0,1427000.0]]]},"id":"768,1427","properties":{"bld_cover":0.1186,"bld_height":0.9343572265625,"id":"195"}},{"type":"Feature","geometry":{"geodesic":false,"crs":{"type":"name","properties":{"name":"EPSG:32643"}},"type":"Polygon","coordinates":[[[769000.0,1427000.0],[770000.0,1427000.0],[770000.0,1428000.0],[769000.0,1428000.0],[769000.0,1427000.0]]]},"id":"769,1427","properties":{"bld_cover":0.1155,"bld_height":0.95543125,"id":"196"}},{"type":"Feature","geometry":{"geodesic":false,"crs":{"type":"name","properties":{"name":"EPSG:32643"}},"type":"Polygon","coordinates":[[[770000.0,1427000.0],[771000.0,1427000.0],[771000.0,1428000.0],[770000.0,1428000.0],[770000.0,1427000.0]]]},"id":"770,1427","properties":{"bld_cover":0.1222,"bld_height":1.4588431640625,"id":"197"}},{"type":"Feature","geometry":{"geodesic":false,"crs":{"type":"name","properties":{"name":"EPSG:32643"}},"type":"Polygon","coordinates":[[[771000.0,1427000.0],[772000.0,1427000.0],[772000.0,1428000.0],[771000.0,1428000.0],[771000.0,1427000.0]]]},"id":"771,1427","properties":{"bld_cover":0.0564,"bld_height":0.7156810546875,"id":"198"}},{"type":"Feature","geometry":{"geodesic":false,"crs":{"type":"name","properties":{"name":"EPSG:32643"}},"type":"Polygon","coordinates":[[[772000.0,1427000.0],[773000.0,1427000.0],[773000.0,1428000.0],[772000.0,1428000.0],[772000.0,1427000.0]]]},"id":"772,1427","properties":{"bld_cover":0.1463,"bld_height":1.418216796875,"id":"199"}},{"type":"Feature","geometry":{"geodesic":false,"crs":{"type":"name","properties":{"name":"EPSG:32643"}},"type":"Polygon","coordinates":[[[773000.0,1427000.0],[774000.0,1427000.0],[774000.0,1428000.0],[773000.0,1428000.0],[773000.0,1427000.0]]]},"id":"773,1427","properties":{"bld_cover":0.2155,"bld_height":2.351514453125,"id":"200"}},{"type":"Feature","geometry":{"geodesic":false,"crs":{"type":"name","properties":{"name":"EPSG:32643"}},"type":"Polygon","coordinates":[[[774000.0,1427000.0],[775000.0,1427000.0],[775000.0,1428000.0],[774000.0,1428000.0],[774000.0,1427000.0]]]},"id":"774,1427","properties":{"bld_cover":0.1377,"bld_height":2.259155859375,"id":"201"}},{"type":"Feature","geometry":{"geodesic":false,"crs":{"type":"name","properties":{"name":"EPSG:32643"}},"type":"Polygon","coordinates":[[[775000.0,1427000.0],[776000.0,1427000.0],[776000.0,1428000.0],[775000.0,1428000.0],[775000.0,1427000.0]]]},"id":"775,1427","properties":{"bld_cover":0.2299,"bld_height":2.5752978515625,"id":"202"}},{"type":"Feature","geometry":{"geodesic":false,"crs":{"type":"name","properties":{"name":"EPSG:32643"}},"type":"Polygon","coordinates":[[[776000.0,1427000.0],[777000.0,1427000.0],[777000.0,1428000.0],[776000.0,1428000.0],[776000.0,1427000.0]]]},"id":"776,1427","properties":{"bld_cover":0.2165,"bld_height":2.5497208984375,"id":"203"}},{"type":"Feature","geometry":{"geodesic":false,"crs":{"type":"name","properties":{"name":"EPSG:32643"}},"type":"Polygon","coordinates":[[[777000.0,1427000.0],[778000.0,1427000.0],[778000.0,1428000.0],[777000.0,1428000.0],[777000.0,1427000.0]]]},"id":"777,1427","properties":{"bld_cover":0.3034,"bld_height":3.3064169921875,"id":"204"}},{"type":"Feature","geometry":{"geodesic":false,"crs":{"type":"name","properties":{"name":"EPSG:32643"}},"type":"Polygon","coordinates":[[[778000.0,1427000.0],[779000.0,1427000.0],[779000.0,1428000.0],[778000.0,1428000.0],[778000.0,1427000.0]]]},"id":"778,1427","properties":{"bld_cover":0.3956,"bld_height":4.2202748046875,"id":"205"}},{"type":"Feature","geometry":{"geodesic":false,"crs":{"type":"name","properties":{"name":"EPSG:32643"}},"type":"Polygon","coordinates":[[[779000.0,1427000.0],[780000.0,1427000.0],[780000.0,1428000.0],[779000.0,1428000.0],[779000.0,1427000.0]]]},"id":"779,1427","properties":{"bld_cover":0.3517,"bld_height":3.5281828125,"id":"206"}},{"type":"Feature","geometry":{"geodesic":false,"crs":{"type":"name","properties":{"name":"EPSG:32643"}},"type":"Polygon","coordinates":[[[780000.0,1427000.0],[781000.0,1427000.0],[781000.0,1428000.0],[780000.0,1428000.0],[780000.0,1427000.0]]]},"id":"780,1427","properties":{"bld_cover":0.4166,"bld_height":5.10206015625,"id":"207"}},{"type":"Feature","geometry":{"geodesic":false,"crs":{"type":"name","properties":{"name":"EPSG:32643"}},"type":"Polygon","coordinates":[[[781000.0,1427000.0],[782000.0,1427000.0],[782000.0,1428000.0],[781000.0,1428000.0],[781000.0,1427000.0]]]},"id":"781,1427","properties":{"bld_cover":0.3058,"bld_height":4.7789111328125,"id":"208"}},{"type":"Feature","geometry":{"geodesic":false,"crs":{"type":"name","properties":{"name":"EPSG:32643"}},"type":"Polygon","coordinates":[[[782000.0,1427000.0],[783000.0,1427000.0],[783000.0,1428000.0],[782000.0,1428000.0],[782000.0,1427000.0]]]},"id":"782,1427","properties":{"bld_cover":0.2714,"bld_height":3.9643962890625,"id":"209"}},{"type":"Feature","geometry":{"geodesic":false,"crs":{"type":"name","properties":{"name":"EPSG:32643"}},"type":"Polygon","coordinates":[[[783000.0,1427000.0],[784000.0,1427000.0],[784000.0,1428000.0],[783000.0,1428000.0],[783000.0,1427000.0]]]},"id":"783,1427","properties":{"bld_cover":0.2463,"bld_height":3.1330109375,"id":"210"}},{"type":"Feature","geometry":{"geodesic":false,"crs":{"type":"name","properties":{"name":"EPSG:32643"}},"type":"Polygon","coordinates":[[[784000.0,1427000.0],[785000.0,1427000.0],[785000.0,1428000.0],[784000.0,1428000.0],[784000.0,1427000.0]]]},"id":"784,1427","properties":{"bld_cover":0.3907,"bld_height":4.4835892578125,"id":"211"}},{"type":"Feature","geometry":{"geodesic":false,"crs":{"type":"name","properties":{"name":"EPSG:32643"}},"type":"Polygon","coordinates":[[[785000.0,1427000.0],[786000.0,1427000.0],[786000.0,1428000.0],[785000.0,1428000.0],[785000.0,1427000.0]]]},"id":"785,1427","properties":{"bld_cover":0.396,"bld_height":6.1045525390625,"id":"212"}},{"type":"Feature","geometry":{"geodesic":false,"crs":{"type":"name","properties":{"name":"EPSG:32643"}},"type":"Polygon","coordinates":[[[786000.0,1427000.0],[787000.0,1427000.0],[787000.0,1428000.0],[786000.0,1428000.0],[786000.0,1427000.0]]]},"id":"786,1427","properties":{"bld_cover":0.3579,"bld_height":3.8579814453125,"id":"213"}},{"type":"Feature","geometry":{"geodesic":false,"crs":{"type":"name","properties":{"name":"EPSG:32643"}},"type":"Polygon","coordinates":[[[787000.0,1427000.0],[788000.0,1427000.0],[788000.0,1428000.0],[787000.0,1428000.0],[787000.0,1427000.0]]]},"id":"787,1427","properties":{"bld_cover":0.2659,"bld_height":3.6556591796875,"id":"214"}},{"type":"Feature","geometry":{"geodesic":false,"crs":{"type":"name","properties":{"name":"EPSG:32643"}},"type":"Polygon","coordinates":[[[788000.0,1427000.0],[789000.0,1427000.0],[789000.0,1428000.0],[788000.0,1428000.0],[788000.0,1427000.0]]]},"id":"788,1427","properties":{"bld_cover":0.1907,"bld_height":2.6666689453125,"id":"215"}},{"type":"Feature","geometry":{"geodesic":false,"crs":{"type":"name","properties":{"name":"EPSG:32643"}},"type":"Polygon","coordinates":[[[789000.0,1427000.0],[790000.0,1427000.0],[790000.0,1428000.0],[789000.0,1428000.0],[789000.0,1427000.0]]]},"id":"789,1427","properties":{"bld_cover":0.1442,"bld_height":2.9639849609375,"id":"216"}},{"type":"Feature","geometry":{"geodesic":false,"crs":{"type":"name","properties":{"name":"EPSG:32643"}},"type":"Polygon","coordinates":[[[790000.0,1427000.0],[791000.0,1427000.0],[791000.0,1428000.0],[790000.0,1428000.0],[790000.0,1427000.0]]]},"id":"790,1427","properties":{"bld_cover":0.2252,"bld_height":3.6814095703125,"id":"217"}},{"type":"Feature","geometry":{"geodesic":false,"crs":{"type":"name","properties":{"name":"EPSG:32643"}},"type":"Polygon","coordinates":[[[791000.0,1427000.0],[792000.0,1427000.0],[792000.0,1428000.0],[791000.0,1428000.0],[791000.0,1427000.0]]]},"id":"791,1427","properties":{"bld_cover":0.1361,"bld_height":1.05002734375,"id":"218"}},{"type":"Feature","geometry":{"geodesic":false,"crs":{"type":"name","properties":{"name":"EPSG:32643"}},"type":"Polygon","coordinates":[[[792000.0,1427000.0],[793000.0,1427000.0],[793000.0,1428000.0],[792000.0,1428000.0],[792000.0,1427000.0]]]},"id":"792,1427","properties":{"bld_cover":0.0499,"bld_height":0.7517470703125,"id":"219"}},{"type":"Feature","geometry":{"geodesic":false,"crs":{"type":"name","properties":{"name":"EPSG:32643"}},"type":"Polygon","coordinates":[[[793000.0,1427000.0],[794000.0,1427000.0],[794000.0,1428000.0],[793000.0,1428000.0],[793000.0,1427000.0]]]},"id":"793,1427","properties":{"bld_cover":0.1672,"bld_height":4.469789453125,"id":"220"}},{"type":"Feature","geometry":{"geodesic":false,"crs":{"type":"name","properties":{"name":"EPSG:32643"}},"type":"Polygon","coordinates":[[[794000.0,1427000.0],[795000.0,1427000.0],[795000.0,1428000.0],[794000.0,1428000.0],[794000.0,1427000.0]]]},"id":"794,1427","properties":{"bld_cover":0.1345,"bld_height":2.4228818359375,"id":"221"}},{"type":"Feature","geometry":{"geodesic":false,"crs":{"type":"name","properties":{"name":"EPSG:32643"}},"type":"Polygon","coordinates":[[[795000.0,1427000.0],[796000.0,1427000.0],[796000.0,1428000.0],[795000.0,1428000.0],[795000.0,1427000.0]]]},"id":"795,1427","properties":{"bld_cover":0.1185,"bld_height":0.9741759765625,"id":"222"}},{"type":"Feature","geometry":{"geodesic":false,"crs":{"type":"name","properties":{"name":"EPSG:32643"}},"type":"Polygon","coordinates":[[[796000.0,1427000.0],[797000.0,1427000.0],[797000.0,1428000.0],[796000.0,1428000.0],[796000.0,1427000.0]]]},"id":"796,1427","properties":{"bld_cover":0.0189,"bld_height":0.1513845703125,"id":"223"}},{"type":"Feature","geometry":{"geodesic":false,"crs":{"type":"name","properties":{"name":"EPSG:32643"}},"type":"Polygon","coordinates":[[[797000.0,1427000.0],[798000.0,1427000.0],[798000.0,1428000.0],[797000.0,1428000.0],[797000.0,1427000.0]]]},"id":"797,1427","properties":{"bld_cover":0.0165,"bld_height":0.10468203125,"id":"224"}},{"type":"Feature","geometry":{"geodesic":false,"crs":{"type":"name","properties":{"name":"EPSG:32643"}},"type":"Polygon","coordinates":[[[798000.0,1427000.0],[799000.0,1427000.0],[799000.0,1428000.0],[798000.0,1428000.0],[798000.0,1427000.0]]]},"id":"798,1427","properties":{"bld_cover":0.0525,"bld_height":0.5375755859375,"id":"225"}},{"type":"Feature","geometry":{"geodesic":false,"crs":{"type":"name","properties":{"name":"EPSG:32643"}},"type":"Polygon","coordinates":[[[765000.0,1428000.0],[766000.0,1428000.0],[766000.0,1429000.0],[765000.0,1429000.0],[765000.0,1428000.0]]]},"id":"765,1428","properties":{"bld_cover":0.0166,"bld_height":0.40385078125,"id":"226"}},{"type":"Feature","geometry":{"geodesic":false,"crs":{"type":"name","properties":{"name":"EPSG:32643"}},"type":"Polygon","coordinates":[[[766000.0,1428000.0],[767000.0,1428000.0],[767000.0,1429000.0],[766000.0,1429000.0],[766000.0,1428000.0]]]},"id":"766,1428","properties":{"bld_cover":0.0142,"bld_height":0.0747353515625,"id":"227"}},{"type":"Feature","geometry":{"geodesic":false,"crs":{"type":"name","properties":{"name":"EPSG:32643"}},"type":"Polygon","coordinates":[[[767000.0,1428000.0],[768000.0,1428000.0],[768000.0,1429000.0],[767000.0,1429000.0],[767000.0,1428000.0]]]},"id":"767,1428","properties":{"bld_cover":0.0564,"bld_height":0.7223244140625,"id":"228"}},{"type":"Feature","geometry":{"geodesic":false,"crs":{"type":"name","properties":{"name":"EPSG:32643"}},"type":"Polygon","coordinates":[[[768000.0,1428000.0],[769000.0,1428000.0],[769000.0,1429000.0],[768000.0,1429000.0],[768000.0,1428000.0]]]},"id":"768,1428","properties":{"bld_cover":0.1475,"bld_height":1.28616953125,"id":"229"}},{"type":"Feature","geometry":{"geodesic":false,"crs":{"type":"name","properties":{"name":"EPSG:32643"}},"type":"Polygon","coordinates":[[[769000.0,1428000.0],[770000.0,1428000.0],[770000.0,1429000.0],[769000.0,1429000.0],[769000.0,1428000.0]]]},"id":"769,1428","properties":{"bld_cover":0.2165,"bld_height":2.0452771484375,"id":"230"}},{"type":"Feature","geometry":{"geodesic":false,"crs":{"type":"name","properties":{"name":"EPSG:32643"}},"type":"Polygon","coordinates":[[[770000.0,1428000.0],[771000.0,1428000.0],[771000.0,1429000.0],[770000.0,1429000.0],[770000.0,1428000.0]]]},"id":"770,1428","properties":{"bld_cover":0.1031,"bld_height":1.190608984375,"id":"231"}},{"type":"Feature","geometry":{"geodesic":false,"crs":{"type":"name","properties":{"name":"EPSG:32643"}},"type":"Polygon","coordinates":[[[771000.0,1428000.0],[772000.0,1428000.0],[772000.0,1429000.0],[771000.0,1429000.0],[771000.0,1428000.0]]]},"id":"771,1428","properties":{"bld_cover":0.0729,"bld_height":0.8016439453125,"id":"232"}},{"type":"Feature","geometry":{"geodesic":false,"crs":{"type":"name","properties":{"name":"EPSG:32643"}},"type":"Polygon","coordinates":[[[772000.0,1428000.0],[773000.0,1428000.0],[773000.0,1429000.0],[772000.0,1429000.0],[772000.0,1428000.0]]]},"id":"772,1428","properties":{"bld_cover":0.2495,"bld_height":2.77266875,"id":"233"}},{"type":"Feature","geometry":{"geodesic":false,"crs":{"type":"name","properties":{"name":"EPSG:32643"}},"type":"Polygon","coordinates":[[[773000.0,1428000.0],[774000.0,1428000.0],[774000.0,1429000.0],[773000.0,1429000.0],[773000.0,1428000.0]]]},"id":"773,1428","properties":{"bld_cover":0.2644,"bld_height":2.47591640625,"id":"234"}},{"type":"Feature","geometry":{"geodesic":false,"crs":{"type":"name","properties":{"name":"EPSG:32643"}},"type":"Polygon","coordinates":[[[774000.0,1428000.0],[775000.0,1428000.0],[775000.0,1429000.0],[774000.0,1429000.0],[774000.0,1428000.0]]]},"id":"774,1428","properties":{"bld_cover":0.1555,"bld_height":1.7557732421875,"id":"235"}},{"type":"Feature","geometry":{"geodesic":false,"crs":{"type":"name","properties":{"name":"EPSG:32643"}},"type":"Polygon","coordinates":[[[775000.0,1428000.0],[776000.0,1428000.0],[776000.0,1429000.0],[775000.0,1429000.0],[775000.0,1428000.0]]]},"id":"775,1428","properties":{"bld_cover":0.3056,"bld_height":3.582794921875,"id":"236"}},{"type":"Feature","geometry":{"geodesic":false,"crs":{"type":"name","properties":{"name":"EPSG:32643"}},"type":"Polygon","coordinates":[[[776000.0,1428000.0],[777000.0,1428000.0],[777000.0,1429000.0],[776000.0,1429000.0],[776000.0,1428000.0]]]},"id":"776,1428","properties":{"bld_cover":0.4279,"bld_height":5.25238125,"id":"237"}},{"type":"Feature","geometry":{"geodesic":false,"crs":{"type":"name","properties":{"name":"EPSG:32643"}},"type":"Polygon","coordinates":[[[777000.0,1428000.0],[778000.0,1428000.0],[778000.0,1429000.0],[777000.0,1429000.0],[777000.0,1428000.0]]]},"id":"777,1428","properties":{"bld_cover":0.407,"bld_height":4.4397779296875,"id":"238"}},{"type":"Feature","geometry":{"geodesic":false,"crs":{"type":"name","properties":{"name":"EPSG:32643"}},"type":"Polygon","coordinates":[[[778000.0,1428000.0],[779000.0,1428000.0],[779000.0,1429000.0],[778000.0,1429000.0],[778000.0,1428000.0]]]},"id":"778,1428","properties":{"bld_cover":0.3547,"bld_height":3.664025390625,"id":"239"}},{"type":"Feature","geometry":{"geodesic":false,"crs":{"type":"name","properties":{"name":"EPSG:32643"}},"type":"Polygon","coordinates":[[[779000.0,1428000.0],[780000.0,1428000.0],[780000.0,1429000.0],[779000.0,1429000.0],[779000.0,1428000.0]]]},"id":"779,1428","properties":{"bld_cover":0.4485,"bld_height":5.2299373046875,"id":"240"}},{"type":"Feature","geometry":{"geodesic":false,"crs":{"type":"name","properties":{"name":"EPSG:32643"}},"type":"Polygon","coordinates":[[[780000.0,1428000.0],[781000.0,1428000.0],[781000.0,1429000.0],[780000.0,1429000.0],[780000.0,1428000.0]]]},"id":"780,1428","properties":{"bld_cover":0.3257,"bld_height":3.65875,"id":"241"}},{"type":"Feature","geometry":{"geodesic":false,"crs":{"type":"name","properties":{"name":"EPSG:32643"}},"type":"Polygon","coordinates":[[[781000.0,1428000.0],[782000.0,1428000.0],[782000.0,1429000.0],[781000.0,1429000.0],[781000.0,1428000.0]]]},"id":"781,1428","properties":{"bld_cover":0.3637,"bld_height":3.7036283203125,"id":"242"}},{"type":"Feature","geometry":{"geodesic":false,"crs":{"type":"name","properties":{"name":"EPSG:32643"}},"type":"Polygon","coordinates":[[[782000.0,1428000.0],[783000.0,1428000.0],[783000.0,1429000.0],[782000.0,1429000.0],[782000.0,1428000.0]]]},"id":"782,1428","properties":{"bld_cover":0.4099,"bld_height":5.03160625,"id":"243"}},{"type":"Feature","geometry":{"geodesic":false,"crs":{"type":"name","properties":{"name":"EPSG:32643"}},"type":"Polygon","coordinates":[[[783000.0,1428000.0],[784000.0,1428000.0],[784000.0,1429000.0],[783000.0,1429000.0],[783000.0,1428000.0]]]},"id":"783,1428","properties":{"bld_cover":0.2469,"bld_height":3.1960125,"id":"244"}},{"type":"Feature","geometry":{"geodesic":false,"crs":{"type":"name","properties":{"name":"EPSG:32643"}},"type":"Polygon","coordinates":[[[784000.0,1428000.0],[785000.0,1428000.0],[785000.0,1429000.0],[784000.0,1429000.0],[784000.0,1428000.0]]]},"id":"784,1428","properties":{"bld_cover":0.2852,"bld_height":3.2065265625,"id":"245"}},{"type":"Feature","geometry":{"geodesic":false,"crs":{"type":"name","properties":{"name":"EPSG:32643"}},"type":"Polygon","coordinates":[[[785000.0,1428000.0],[786000.0,1428000.0],[786000.0,1429000.0],[785000.0,1429000.0],[785000.0,1428000.0]]]},"id":"785,1428","properties":{"bld_cover":0.3883,"bld_height":4.29450390625,"id":"246"}},{"type":"Feature","geometry":{"geodesic":false,"crs":{"type":"name","properties":{"name":"EPSG:32643"}},"type":"Polygon","coordinates":[[[786000.0,1428000.0],[787000.0,1428000.0],[787000.0,1429000.0],[786000.0,1429000.0],[786000.0,1428000.0]]]},"id":"786,1428","properties":{"bld_cover":0.3458,"bld_height":4.0758681640625,"id":"247"}},{"type":"Feature","geometry":{"geodesic":false,"crs":{"type":"name","properties":{"name":"EPSG:32643"}},"type":"Polygon","coordinates":[[[787000.0,1428000.0],[788000.0,1428000.0],[788000.0,1429000.0],[787000.0,1429000.0],[787000.0,1428000.0]]]},"id":"787,1428","properties":{"bld_cover":0.3188,"bld_height":3.98822109375,"id":"248"}},{"type":"Feature","geometry":{"geodesic":false,"crs":{"type":"name","properties":{"name":"EPSG:32643"}},"type":"Polygon","coordinates":[[[788000.0,1428000.0],[789000.0,1428000.0],[789000.0,1429000.0],[788000.0,1429000.0],[788000.0,1428000.0]]]},"id":"788,1428","properties":{"bld_cover":0.0059,"bld_height":0.3569322265625,"id":"249"}},{"type":"Feature","geometry":{"geodesic":false,"crs":{"type":"name","properties":{"name":"EPSG:32643"}},"type":"Polygon","coordinates":[[[789000.0,1428000.0],[790000.0,1428000.0],[790000.0,1429000.0],[789000.0,1429000.0],[789000.0,1428000.0]]]},"id":"789,1428","properties":{"bld_cover":0.1037,"bld_height":1.92516953125,"id":"250"}},{"type":"Feature","geometry":{"geodesic":false,"crs":{"type":"name","properties":{"name":"EPSG:32643"}},"type":"Polygon","coordinates":[[[790000.0,1428000.0],[791000.0,1428000.0],[791000.0,1429000.0],[790000.0,1429000.0],[790000.0,1428000.0]]]},"id":"790,1428","properties":{"bld_cover":0.2875,"bld_height":3.8547517578125,"id":"251"}},{"type":"Feature","geometry":{"geodesic":false,"crs":{"type":"name","properties":{"name":"EPSG:32643"}},"type":"Polygon","coordinates":[[[791000.0,1428000.0],[792000.0,1428000.0],[792000.0,1429000.0],[791000.0,1429000.0],[791000.0,1428000.0]]]},"id":"791,1428","properties":{"bld_cover":0.2168,"bld_height":3.0376970703125,"id":"252"}},{"type":"Feature","geometry":{"geodesic":false,"crs":{"type":"name","properties":{"name":"EPSG:32643"}},"type":"Polygon","coordinates":[[[792000.0,1428000.0],[793000.0,1428000.0],[793000.0,1429000.0],[792000.0,1429000.0],[792000.0,1428000.0]]]},"id":"792,1428","properties":{"bld_cover":0.1915,"bld_height":2.5520990234375,"id":"253"}},{"type":"Feature","geometry":{"geodesic":false,"crs":{"type":"name","properties":{"name":"EPSG:32643"}},"type":"Polygon","coordinates":[[[793000.0,1428000.0],[794000.0,1428000.0],[794000.0,1429000.0],[793000.0,1429000.0],[793000.0,1428000.0]]]},"id":"793,1428","properties":{"bld_cover":0.1464,"bld_height":2.7963791015625,"id":"254"}},{"type":"Feature","geometry":{"geodesic":false,"crs":{"type":"name","properties":{"name":"EPSG:32643"}},"type":"Polygon","coordinates":[[[794000.0,1428000.0],[795000.0,1428000.0],[795000.0,1429000.0],[794000.0,1429000.0],[794000.0,1428000.0]]]},"id":"794,1428","properties":{"bld_cover":0.0609,"bld_height":0.447494140625,"id":"255"}},{"type":"Feature","geometry":{"geodesic":false,"crs":{"type":"name","properties":{"name":"EPSG:32643"}},"type":"Polygon","coordinates":[[[795000.0,1428000.0],[796000.0,1428000.0],[796000.0,1429000.0],[795000.0,1429000.0],[795000.0,1428000.0]]]},"id":"795,1428","properties":{"bld_cover":0.0859,"bld_height":0.763537890625,"id":"256"}},{"type":"Feature","geometry":{"geodesic":false,"crs":{"type":"name","properties":{"name":"EPSG:32643"}},"type":"Polygon","coordinates":[[[796000.0,1428000.0],[797000.0,1428000.0],[797000.0,1429000.0],[796000.0,1429000.0],[796000.0,1428000.0]]]},"id":"796,1428","properties":{"bld_cover":0.0489,"bld_height":0.3565193359375,"id":"257"}},{"type":"Feature","geometry":{"geodesic":false,"crs":{"type":"name","properties":{"name":"EPSG:32643"}},"type":"Polygon","coordinates":[[[797000.0,1428000.0],[798000.0,1428000.0],[798000.0,1429000.0],[797000.0,1429000.0],[797000.0,1428000.0]]]},"id":"797,1428","properties":{"bld_cover":0.0236,"bld_height":0.137116015625,"id":"258"}},{"type":"Feature","geometry":{"geodesic":false,"crs":{"type":"name","properties":{"name":"EPSG:32643"}},"type":"Polygon","coordinates":[[[798000.0,1428000.0],[799000.0,1428000.0],[799000.0,1429000.0],[798000.0,1429000.0],[798000.0,1428000.0]]]},"id":"798,1428","properties":{"bld_cover":0.0259,"bld_height":0.325175390625,"id":"259"}},{"type":"Feature","geometry":{"geodesic":false,"crs":{"type":"name","properties":{"name":"EPSG:32643"}},"type":"Polygon","coordinates":[[[765000.0,1429000.0],[766000.0,1429000.0],[766000.0,1430000.0],[765000.0,1430000.0],[765000.0,1429000.0]]]},"id":"765,1429","properties":{"bld_cover":0.0061,"bld_height":0.1267994140625,"id":"260"}},{"type":"Feature","geometry":{"geodesic":false,"crs":{"type":"name","properties":{"name":"EPSG:32643"}},"type":"Polygon","coordinates":[[[766000.0,1429000.0],[767000.0,1429000.0],[767000.0,1430000.0],[766000.0,1430000.0],[766000.0,1429000.0]]]},"id":"766,1429","properties":{"bld_cover":0.0432,"bld_height":0.278745703125,"id":"261"}},{"type":"Feature","geometry":{"geodesic":false,"crs":{"type":"name","properties":{"name":"EPSG:32643"}},"type":"Polygon","coordinates":[[[767000.0,1429000.0],[768000.0,1429000.0],[768000.0,1430000.0],[767000.0,1430000.0],[767000.0,1429000.0]]]},"id":"767,1429","properties":{"bld_cover":0.0199,"bld_height":0.2961455078125,"id":"262"}},{"type":"Feature","geometry":{"geodesic":false,"crs":{"type":"name","properties":{"name":"EPSG:32643"}},"type":"Polygon","coordinates":[[[768000.0,1429000.0],[769000.0,1429000.0],[769000.0,1430000.0],[768000.0,1430000.0],[768000.0,1429000.0]]]},"id":"768,1429","properties":{"bld_cover":0.1553,"bld_height":1.5596791015625,"id":"263"}},{"type":"Feature","geometry":{"geodesic":false,"crs":{"type":"name","properties":{"name":"EPSG:32643"}},"type":"Polygon","coordinates":[[[769000.0,1429000.0],[770000.0,1429000.0],[770000.0,1430000.0],[769000.0,1430000.0],[769000.0,1429000.0]]]},"id":"769,1429","properties":{"bld_cover":0.2783,"bld_height":2.8467375,"id":"264"}},{"type":"Feature","geometry":{"geodesic":false,"crs":{"type":"name","properties":{"name":"EPSG:32643"}},"type":"Polygon","coordinates":[[[770000.0,1429000.0],[771000.0,1429000.0],[771000.0,1430000.0],[770000.0,1430000.0],[770000.0,1429000.0]]]},"id":"770,1429","properties":{"bld_cover":0.1565,"bld_height":2.3357208984375,"id":"265"}},{"type":"Feature","geometry":{"geodesic":false,"crs":{"type":"name","properties":{"name":"EPSG:32643"}},"type":"Polygon","coordinates":[[[771000.0,1429000.0],[772000.0,1429000.0],[772000.0,1430000.0],[771000.0,1430000.0],[771000.0,1429000.0]]]},"id":"771,1429","properties":{"bld_cover":0.198,"bld_height":3.369790625,"id":"266"}},{"type":"Feature","geometry":{"geodesic":false,"crs":{"type":"name","properties":{"name":"EPSG:32643"}},"type":"Polygon","coordinates":[[[772000.0,1429000.0],[773000.0,1429000.0],[773000.0,1430000.0],[772000.0,1430000.0],[772000.0,1429000.0]]]},"id":"772,1429","properties":{"bld_cover":0.2879,"bld_height":2.9665693359375,"id":"267"}},{"type":"Feature","geometry":{"geodesic":false,"crs":{"type":"name","properties":{"name":"EPSG:32643"}},"type":"Polygon","coordinates":[[[773000.0,1429000.0],[774000.0,1429000.0],[774000.0,1430000.0],[773000.0,1430000.0],[773000.0,1429000.0]]]},"id":"773,1429","properties":{"bld_cover":0.3163,"bld_height":3.029787109375,"id":"268"}},{"type":"Feature","geometry":{"geodesic":false,"crs":{"type":"name","properties":{"name":"EPSG:32643"}},"type":"Polygon","coordinates":[[[774000.0,1429000.0],[775000.0,1429000.0],[775000.0,1430000.0],[774000.0,1430000.0],[774000.0,1429000.0]]]},"id":"774,1429","properties":{"bld_cover":0.1396,"bld_height":1.256502734375,"id":"269"}},{"type":"Feature","geometry":{"geodesic":false,"crs":{"type":"name","properties":{"name":"EPSG:32643"}},"type":"Polygon","coordinates":[[[775000.0,1429000.0],[776000.0,1429000.0],[776000.0,1430000.0],[775000.0,1430000.0],[775000.0,1429000.0]]]},"id":"775,1429","properties":{"bld_cover":0.2799,"bld_height":3.403398046875,"id":"270"}},{"type":"Feature","geometry":{"geodesic":false,"crs":{"type":"name","properties":{"name":"EPSG:32643"}},"type":"Polygon","coordinates":[[[776000.0,1429000.0],[777000.0,1429000.0],[777000.0,1430000.0],[776000.0,1430000.0],[776000.0,1429000.0]]]},"id":"776,1429","properties":{"bld_cover":0.4586,"bld_height":5.1575212890625,"id":"271"}},{"type":"Feature","geometry":{"geodesic":false,"crs":{"type":"name","properties":{"name":"EPSG:32643"}},"type":"Polygon","coordinates":[[[777000.0,1429000.0],[778000.0,1429000.0],[778000.0,1430000.0],[777000.0,1430000.0],[777000.0,1429000.0]]]},"id":"777,1429","properties":{"bld_cover":0.4044,"bld_height":4.5344822265625,"id":"272"}},{"type":"Feature","geometry":{"geodesic":false,"crs":{"type":"name","properties":{"name":"EPSG:32643"}},"type":"Polygon","coordinates":[[[778000.0,1429000.0],[779000.0,1429000.0],[779000.0,1430000.0],[778000.0,1430000.0],[778000.0,1429000.0]]]},"id":"778,1429","properties":{"bld_cover":0.3702,"bld_height":4.071070703125,"id":"273"}},{"type":"Feature","geometry":{"geodesic":false,"crs":{"type":"name","properties":{"name":"EPSG:32643"}},"type":"Polygon","coordinates":[[[779000.0,1429000.0],[780000.0,1429000.0],[780000.0,1430000.0],[779000.0,1430000.0],[779000.0,1429000.0]]]},"id":"779,1429","properties":{"bld_cover":0.346,"bld_height":4.05328828125,"id":"274"}},{"type":"Feature","geometry":{"geodesic":false,"crs":{"type":"name","properties":{"name":"EPSG:32643"}},"type":"Polygon","coordinates":[[[780000.0,1429000.0],[781000.0,1429000.0],[781000.0,1430000.0],[780000.0,1430000.0],[780000.0,1429000.0]]]},"id":"780,1429","properties":{"bld_cover":0.2843,"bld_height":3.36923671875,"id":"275"}},{"type":"Feature","geometry":{"geodesic":false,"crs":{"type":"name","properties":{"name":"EPSG:32643"}},"type":"Polygon","coordinates":[[[781000.0,1429000.0],[782000.0,1429000.0],[782000.0,1430000.0],[781000.0,1430000.0],[781000.0,1429000.0]]]},"id":"781,1429","properties":{"bld_cover":0.3569,"bld_height":4.4594455078125,"id":"276"}},{"type":"Feature","geometry":{"geodesic":false,"crs":{"type":"name","properties":{"name":"EPSG:32643"}},"type":"Polygon","coordinates":[[[782000.0,1429000.0],[783000.0,1429000.0],[783000.0,1430000.0],[782000.0,1430000.0],[782000.0,1429000.0]]]},"id":"782,1429","properties":{"bld_cover":0.4224,"bld_height":5.0069568359375,"id":"277"}},{"type":"Feature","geometry":{"geodesic":false,"crs":{"type":"name","properties":{"name":"EPSG:32643"}},"type":"Polygon","coordinates":[[[783000.0,1429000.0],[784000.0,1429000.0],[784000.0,1430000.0],[783000.0,1430000.0],[783000.0,1429000.0]]]},"id":"783,1429","properties":{"bld_cover":0.4052,"bld_height":4.9895931640625,"id":"278"}},{"type":"Feature","geometry":{"geodesic":false,"crs":{"type":"name","properties":{"name":"EPSG:32643"}},"type":"Polygon","coordinates":[[[784000.0,1429000.0],[785000.0,1429000.0],[785000.0,1430000.0],[784000.0,1430000.0],[784000.0,1429000.0]]]},"id":"784,1429","properties":{"bld_cover":0.237,"bld_height":3.21486484375,"id":"279"}},{"type":"Feature","geometry":{"geodesic":false,"crs":{"type":"name","properties":{"name":"EPSG:32643"}},"type":"Polygon","coordinates":[[[785000.0,1429000.0],[786000.0,1429000.0],[786000.0,1430000.0],[785000.0,1430000.0],[785000.0,1429000.0]]]},"id":"785,1429","properties":{"bld_cover":0.2702,"bld_height":3.31806171875,"id":"280"}},{"type":"Feature","geometry":{"geodesic":false,"crs":{"type":"name","properties":{"name":"EPSG:32643"}},"type":"Polygon","coordinates":[[[786000.0,1429000.0],[787000.0,1429000.0],[787000.0,1430000.0],[786000.0,1430000.0],[786000.0,1429000.0]]]},"id":"786,1429","properties":{"bld_cover":0.2174,"bld_height":2.52774921875,"id":"281"}},{"type":"Feature","geometry":{"geodesic":false,"crs":{"type":"name","properties":{"name":"EPSG:32643"}},"type":"Polygon","coordinates":[[[787000.0,1429000.0],[788000.0,1429000.0],[788000.0,1430000.0],[787000.0,1430000.0],[787000.0,1429000.0]]]},"id":"787,1429","properties":{"bld_cover":0.3491,"bld_height":4.099914453125,"id":"282"}},{"type":"Feature","geometry":{"geodesic":false,"crs":{"type":"name","properties":{"name":"EPSG:32643"}},"type":"Polygon","coordinates":[[[788000.0,1429000.0],[789000.0,1429000.0],[789000.0,1430000.0],[788000.0,1430000.0],[788000.0,1429000.0]]]},"id":"788,1429","properties":{"bld_cover":0.0188,"bld_height":0.201401171875,"id":"283"}},{"type":"Feature","geometry":{"geodesic":false,"crs":{"type":"name","properties":{"name":"EPSG:32643"}},"type":"Polygon","coordinates":[[[789000.0,1429000.0],[790000.0,1429000.0],[790000.0,1430000.0],[789000.0,1430000.0],[789000.0,1429000.0]]]},"id":"789,1429","properties":{"bld_cover":0.2111,"bld_height":4.792009765625,"id":"284"}},{"type":"Feature","geometry":{"geodesic":false,"crs":{"type":"name","properties":{"name":"EPSG:32643"}},"type":"Polygon","coordinates":[[[790000.0,1429000.0],[791000.0,1429000.0],[791000.0,1430000.0],[790000.0,1430000.0],[790000.0,1429000.0]]]},"id":"790,1429","properties":{"bld_cover":0.1877,"bld_height":3.3236599609375,"id":"285"}},{"type":"Feature","geometry":{"geodesic":false,"crs":{"type":"name","properties":{"name":"EPSG:32643"}},"type":"Polygon","coordinates":[[[791000.0,1429000.0],[792000.0,1429000.0],[792000.0,1430000.0],[791000.0,1430000.0],[791000.0,1429000.0]]]},"id":"791,1429","properties":{"bld_cover":0.1937,"bld_height":5.3067962890625,"id":"286"}},{"type":"Feature","geometry":{"geodesic":false,"crs":{"type":"name","properties":{"name":"EPSG:32643"}},"type":"Polygon","coordinates":[[[792000.0,1429000.0],[793000.0,1429000.0],[793000.0,1430000.0],[792000.0,1430000.0],[792000.0,1429000.0]]]},"id":"792,1429","properties":{"bld_cover":0.2318,"bld_height":2.921519140625,"id":"287"}},{"type":"Feature","geometry":{"geodesic":false,"crs":{"type":"name","properties":{"name":"EPSG:32643"}},"type":"Polygon","coordinates":[[[793000.0,1429000.0],[794000.0,1429000.0],[794000.0,1430000.0],[793000.0,1430000.0],[793000.0,1429000.0]]]},"id":"793,1429","properties":{"bld_cover":0.0579,"bld_height":0.531658984375,"id":"288"}},{"type":"Feature","geometry":{"geodesic":false,"crs":{"type":"name","properties":{"name":"EPSG:32643"}},"type":"Polygon","coordinates":[[[794000.0,1429000.0],[795000.0,1429000.0],[795000.0,1430000.0],[794000.0,1430000.0],[794000.0,1429000.0]]]},"id":"794,1429","properties":{"bld_cover":0.0732,"bld_height":1.345323828125,"id":"289"}},{"type":"Feature","geometry":{"geodesic":false,"crs":{"type":"name","properties":{"name":"EPSG:32643"}},"type":"Polygon","coordinates":[[[795000.0,1429000.0],[796000.0,1429000.0],[796000.0,1430000.0],[795000.0,1430000.0],[795000.0,1429000.0]]]},"id":"795,1429","properties":{"bld_cover":0.0407,"bld_height":0.4399525390625,"id":"290"}},{"type":"Feature","geometry":{"geodesic":false,"crs":{"type":"name","properties":{"name":"EPSG:32643"}},"type":"Polygon","coordinates":[[[796000.0,1429000.0],[797000.0,1429000.0],[797000.0,1430000.0],[796000.0,1430000.0],[796000.0,1429000.0]]]},"id":"796,1429","properties":{"bld_cover":0.1263,"bld_height":1.146342578125,"id":"291"}},{"type":"Feature","geometry":{"geodesic":false,"crs":{"type":"name","properties":{"name":"EPSG:32643"}},"type":"Polygon","coordinates":[[[797000.0,1429000.0],[798000.0,1429000.0],[798000.0,1430000.0],[797000.0,1430000.0],[797000.0,1429000.0]]]},"id":"797,1429","properties":{"bld_cover":0.0354,"bld_height":0.364644921875,"id":"292"}},{"type":"Feature","geometry":{"geodesic":false,"crs":{"type":"name","properties":{"name":"EPSG:32643"}},"type":"Polygon","coordinates":[[[798000.0,1429000.0],[799000.0,1429000.0],[799000.0,1430000.0],[798000.0,1430000.0],[798000.0,1429000.0]]]},"id":"798,1429","properties":{"bld_cover":0.0038,"bld_height":0.2126552734375,"id":"293"}},{"type":"Feature","geometry":{"geodesic":false,"crs":{"type":"name","properties":{"name":"EPSG:32643"}},"type":"Polygon","coordinates":[[[765000.0,1430000.0],[766000.0,1430000.0],[766000.0,1431000.0],[765000.0,1431000.0],[765000.0,1430000.0]]]},"id":"765,1430","properties":{"bld_cover":0.0036,"bld_height":0.053647265625,"id":"294"}},{"type":"Feature","geometry":{"geodesic":false,"crs":{"type":"name","properties":{"name":"EPSG:32643"}},"type":"Polygon","coordinates":[[[766000.0,1430000.0],[767000.0,1430000.0],[767000.0,1431000.0],[766000.0,1431000.0],[766000.0,1430000.0]]]},"id":"766,1430","properties":{"bld_cover":0.03,"bld_height":0.1900908203125,"id":"295"}},{"type":"Feature","geometry":{"geodesic":false,"crs":{"type":"name","properties":{"name":"EPSG:32643"}},"type":"Polygon","coordinates":[[[767000.0,1430000.0],[768000.0,1430000.0],[768000.0,1431000.0],[767000.0,1431000.0],[767000.0,1430000.0]]]},"id":"767,1430","properties":{"bld_cover":0.0588,"bld_height":0.43840703125,"id":"296"}},{"type":"Feature","geometry":{"geodesic":false,"crs":{"type":"name","properties":{"name":"EPSG:32643"}},"type":"Polygon","coordinates":[[[768000.0,1430000.0],[769000.0,1430000.0],[769000.0,1431000.0],[768000.0,1431000.0],[768000.0,1430000.0]]]},"id":"768,1430","properties":{"bld_cover":0.0482,"bld_height":0.451323046875,"id":"297"}},{"type":"Feature","geometry":{"geodesic":false,"crs":{"type":"name","properties":{"name":"EPSG:32643"}},"type":"Polygon","coordinates":[[[769000.0,1430000.0],[770000.0,1430000.0],[770000.0,1431000.0],[769000.0,1431000.0],[769000.0,1430000.0]]]},"id":"769,1430","properties":{"bld_cover":0.2238,"bld_height":2.5732076171875,"id":"298"}},{"type":"Feature","geometry":{"geodesic":false,"crs":{"type":"name","properties":{"name":"EPSG:32643"}},"type":"Polygon","coordinates":[[[770000.0,1430000.0],[771000.0,1430000.0],[771000.0,1431000.0],[770000.0,1431000.0],[770000.0,1430000.0]]]},"id":"770,1430","properties":{"bld_cover":0.2035,"bld_height":2.0842390625,"id":"299"}},{"type":"Feature","geometry":{"geodesic":false,"crs":{"type":"name","properties":{"name":"EPSG:32643"}},"type":"Polygon","coordinates":[[[771000.0,1430000.0],[772000.0,1430000.0],[772000.0,1431000.0],[771000.0,1431000.0],[771000.0,1430000.0]]]},"id":"771,1430","properties":{"bld_cover":0.1811,"bld_height":2.1697818359375,"id":"300"}},{"type":"Feature","geometry":{"geodesic":false,"crs":{"type":"name","properties":{"name":"EPSG:32643"}},"type":"Polygon","coordinates":[[[772000.0,1430000.0],[773000.0,1430000.0],[773000.0,1431000.0],[772000.0,1431000.0],[772000.0,1430000.0]]]},"id":"772,1430","properties":{"bld_cover":0.2703,"bld_height":2.727926953125,"id":"301"}},{"type":"Feature","geometry":{"geodesic":false,"crs":{"type":"name","properties":{"name":"EPSG:32643"}},"type":"Polygon","coordinates":[[[773000.0,1430000.0],[774000.0,1430000.0],[774000.0,1431000.0],[773000.0,1431000.0],[773000.0,1430000.0]]]},"id":"773,1430","properties":{"bld_cover":0.2424,"bld_height":3.071885546875,"id":"302"}},{"type":"Feature","geometry":{"geodesic":false,"crs":{"type":"name","properties":{"name":"EPSG:32643"}},"type":"Polygon","coordinates":[[[774000.0,1430000.0],[775000.0,1430000.0],[775000.0,1431000.0],[774000.0,1431000.0],[774000.0,1430000.0]]]},"id":"774,1430","properties":{"bld_cover":0.1623,"bld_height":1.6035390625,"id":"303"}},{"type":"Feature","geometry":{"geodesic":false,"crs":{"type":"name","properties":{"name":"EPSG:32643"}},"type":"Polygon","coordinates":[[[775000.0,1430000.0],[776000.0,1430000.0],[776000.0,1431000.0],[775000.0,1431000.0],[775000.0,1430000.0]]]},"id":"775,1430","properties":{"bld_cover":0.3687,"bld_height":3.9920146484375,"id":"304"}},{"type":"Feature","geometry":{"geodesic":false,"crs":{"type":"name","properties":{"name":"EPSG:32643"}},"type":"Polygon","coordinates":[[[776000.0,1430000.0],[777000.0,1430000.0],[777000.0,1431000.0],[776000.0,1431000.0],[776000.0,1430000.0]]]},"id":"776,1430","properties":{"bld_cover":0.4078,"bld_height":4.5612294921875,"id":"305"}},{"type":"Feature","geometry":{"geodesic":false,"crs":{"type":"name","properties":{"name":"EPSG:32643"}},"type":"Polygon","coordinates":[[[777000.0,1430000.0],[778000.0,1430000.0],[778000.0,1431000.0],[777000.0,1431000.0],[777000.0,1430000.0]]]},"id":"777,1430","properties":{"bld_cover":0.401,"bld_height":4.47906953125,"id":"306"}},{"type":"Feature","geometry":{"geodesic":false,"crs":{"type":"name","properties":{"name":"EPSG:32643"}},"type":"Polygon","coordinates":[[[778000.0,1430000.0],[779000.0,1430000.0],[779000.0,1431000.0],[778000.0,1431000.0],[778000.0,1430000.0]]]},"id":"778,1430","properties":{"bld_cover":0.3944,"bld_height":4.1020912109375,"id":"307"}},{"type":"Feature","geometry":{"geodesic":false,"crs":{"type":"name","properties":{"name":"EPSG:32643"}},"type":"Polygon","coordinates":[[[779000.0,1430000.0],[780000.0,1430000.0],[780000.0,1431000.0],[779000.0,1431000.0],[779000.0,1430000.0]]]},"id":"779,1430","properties":{"bld_cover":0.3792,"bld_height":3.7840759765625,"id":"308"}},{"type":"Feature","geometry":{"geodesic":false,"crs":{"type":"name","properties":{"name":"EPSG:32643"}},"type":"Polygon","coordinates":[[[780000.0,1430000.0],[781000.0,1430000.0],[781000.0,1431000.0],[780000.0,1431000.0],[780000.0,1430000.0]]]},"id":"780,1430","properties":{"bld_cover":0.3167,"bld_height":3.710509375,"id":"309"}},{"type":"Feature","geometry":{"geodesic":false,"crs":{"type":"name","properties":{"name":"EPSG:32643"}},"type":"Polygon","coordinates":[[[781000.0,1430000.0],[782000.0,1430000.0],[782000.0,1431000.0],[781000.0,1431000.0],[781000.0,1430000.0]]]},"id":"781,1430","properties":{"bld_cover":0.3228,"bld_height":3.5732078125,"id":"310"}},{"type":"Feature","geometry":{"geodesic":false,"crs":{"type":"name","properties":{"name":"EPSG:32643"}},"type":"Polygon","coordinates":[[[782000.0,1430000.0],[783000.0,1430000.0],[783000.0,1431000.0],[782000.0,1431000.0],[782000.0,1430000.0]]]},"id":"782,1430","properties":{"bld_cover":0.3841,"bld_height":5.211738671875,"id":"311"}},{"type":"Feature","geometry":{"geodesic":false,"crs":{"type":"name","properties":{"name":"EPSG:32643"}},"type":"Polygon","coordinates":[[[783000.0,1430000.0],[784000.0,1430000.0],[784000.0,1431000.0],[783000.0,1431000.0],[783000.0,1430000.0]]]},"id":"783,1430","properties":{"bld_cover":0.3521,"bld_height":4.7647431640625,"id":"312"}},{"type":"Feature","geometry":{"geodesic":false,"crs":{"type":"name","properties":{"name":"EPSG:32643"}},"type":"Polygon","coordinates":[[[784000.0,1430000.0],[785000.0,1430000.0],[785000.0,1431000.0],[784000.0,1431000.0],[784000.0,1430000.0]]]},"id":"784,1430","properties":{"bld_cover":0.1956,"bld_height":2.6168462890625,"id":"313"}},{"type":"Feature","geometry":{"geodesic":false,"crs":{"type":"name","properties":{"name":"EPSG:32643"}},"type":"Polygon","coordinates":[[[785000.0,1430000.0],[786000.0,1430000.0],[786000.0,1431000.0],[785000.0,1431000.0],[785000.0,1430000.0]]]},"id":"785,1430","properties":{"bld_cover":0.2189,"bld_height":3.079084765625,"id":"314"}},{"type":"Feature","geometry":{"geodesic":false,"crs":{"type":"name","properties":{"name":"EPSG:32643"}},"type":"Polygon","coordinates":[[[786000.0,1430000.0],[787000.0,1430000.0],[787000.0,1431000.0],[786000.0,1431000.0],[786000.0,1430000.0]]]},"id":"786,1430","properties":{"bld_cover":0.1535,"bld_height":2.002053125,"id":"315"}},{"type":"Feature","geometry":{"geodesic":false,"crs":{"type":"name","properties":{"name":"EPSG:32643"}},"type":"Polygon","coordinates":[[[787000.0,1430000.0],[788000.0,1430000.0],[788000.0,1431000.0],[787000.0,1431000.0],[787000.0,1430000.0]]]},"id":"787,1430","properties":{"bld_cover":0.0663,"bld_height":1.034430078125,"id":"316"}},{"type":"Feature","geometry":{"geodesic":false,"crs":{"type":"name","properties":{"name":"EPSG:32643"}},"type":"Polygon","coordinates":[[[788000.0,1430000.0],[789000.0,1430000.0],[789000.0,1431000.0],[788000.0,1431000.0],[788000.0,1430000.0]]]},"id":"788,1430","properties":{"bld_cover":0.0366,"bld_height":1.03066015625,"id":"317"}},{"type":"Feature","geometry":{"geodesic":false,"crs":{"type":"name","properties":{"name":"EPSG:32643"}},"type":"Polygon","coordinates":[[[789000.0,1430000.0],[790000.0,1430000.0],[790000.0,1431000.0],[789000.0,1431000.0],[789000.0,1430000.0]]]},"id":"789,1430","properties":{"bld_cover":0.2458,"bld_height":5.168255859375,"id":"318"}},{"type":"Feature","geometry":{"geodesic":false,"crs":{"type":"name","properties":{"name":"EPSG:32643"}},"type":"Polygon","coordinates":[[[790000.0,1430000.0],[791000.0,1430000.0],[791000.0,1431000.0],[790000.0,1431000.0],[790000.0,1430000.0]]]},"id":"790,1430","properties":{"bld_cover":0.3069,"bld_height":5.7964712890625,"id":"319"}},{"type":"Feature","geometry":{"geodesic":false,"crs":{"type":"name","properties":{"name":"EPSG:32643"}},"type":"Polygon","coordinates":[[[791000.0,1430000.0],[792000.0,1430000.0],[792000.0,1431000.0],[791000.0,1431000.0],[791000.0,1430000.0]]]},"id":"791,1430","properties":{"bld_cover":0.2791,"bld_height":7.4142474609375,"id":"320"}},{"type":"Feature","geometry":{"geodesic":false,"crs":{"type":"name","properties":{"name":"EPSG:32643"}},"type":"Polygon","coordinates":[[[792000.0,1430000.0],[793000.0,1430000.0],[793000.0,1431000.0],[792000.0,1431000.0],[792000.0,1430000.0]]]},"id":"792,1430","properties":{"bld_cover":0.2422,"bld_height":3.787190625,"id":"321"}},{"type":"Feature","geometry":{"geodesic":false,"crs":{"type":"name","properties":{"name":"EPSG:32643"}},"type":"Polygon","coordinates":[[[793000.0,1430000.0],[794000.0,1430000.0],[794000.0,1431000.0],[793000.0,1431000.0],[793000.0,1430000.0]]]},"id":"793,1430","properties":{"bld_cover":0.0418,"bld_height":0.466234765625,"id":"322"}},{"type":"Feature","geometry":{"geodesic":false,"crs":{"type":"name","properties":{"name":"EPSG:32643"}},"type":"Polygon","coordinates":[[[794000.0,1430000.0],[795000.0,1430000.0],[795000.0,1431000.0],[794000.0,1431000.0],[794000.0,1430000.0]]]},"id":"794,1430","properties":{"bld_cover":0.0471,"bld_height":0.438388671875,"id":"323"}},{"type":"Feature","geometry":{"geodesic":false,"crs":{"type":"name","properties":{"name":"EPSG:32643"}},"type":"Polygon","coordinates":[[[795000.0,1430000.0],[796000.0,1430000.0],[796000.0,1431000.0],[795000.0,1431000.0],[795000.0,1430000.0]]]},"id":"795,1430","properties":{"bld_cover":0.0561,"bld_height":0.5544033203125,"id":"324"}},{"type":"Feature","geometry":{"geodesic":false,"crs":{"type":"name","properties":{"name":"EPSG:32643"}},"type":"Polygon","coordinates":[[[796000.0,1430000.0],[797000.0,1430000.0],[797000.0,1431000.0],[796000.0,1431000.0],[796000.0,1430000.0]]]},"id":"796,1430","properties":{"bld_cover":0.1167,"bld_height":1.27866328125,"id":"325"}},{"type":"Feature","geometry":{"geodesic":false,"crs":{"type":"name","properties":{"name":"EPSG:32643"}},"type":"Polygon","coordinates":[[[797000.0,1430000.0],[798000.0,1430000.0],[798000.0,1431000.0],[797000.0,1431000.0],[797000.0,1430000.0]]]},"id":"797,1430","properties":{"bld_cover":0.1021,"bld_height":2.5974802734375,"id":"326"}},{"type":"Feature","geometry":{"geodesic":false,"crs":{"type":"name","properties":{"name":"EPSG:32643"}},"type":"Polygon","coordinates":[[[798000.0,1430000.0],[799000.0,1430000.0],[799000.0,1431000.0],[798000.0,1431000.0],[798000.0,1430000.0]]]},"id":"798,1430","properties":{"bld_cover":0.0042,"bld_height":0.1528416015625,"id":"327"}},{"type":"Feature","geometry":{"geodesic":false,"crs":{"type":"name","properties":{"name":"EPSG:32643"}},"type":"Polygon","coordinates":[[[765000.0,1431000.0],[766000.0,1431000.0],[766000.0,1432000.0],[765000.0,1432000.0],[765000.0,1431000.0]]]},"id":"765,1431","properties":{"bld_cover":3.0E-4,"bld_height":0.198750390625,"id":"328"}},{"type":"Feature","geometry":{"geodesic":false,"crs":{"type":"name","properties":{"name":"EPSG:32643"}},"type":"Polygon","coordinates":[[[766000.0,1431000.0],[767000.0,1431000.0],[767000.0,1432000.0],[766000.0,1432000.0],[766000.0,1431000.0]]]},"id":"766,1431","properties":{"bld_cover":0.0132,"bld_height":0.100672265625,"id":"329"}},{"type":"Feature","geometry":{"geodesic":false,"crs":{"type":"name","properties":{"name":"EPSG:32643"}},"type":"Polygon","coordinates":[[[767000.0,1431000.0],[768000.0,1431000.0],[768000.0,1432000.0],[767000.0,1432000.0],[767000.0,1431000.0]]]},"id":"767,1431","properties":{"bld_cover":0.0656,"bld_height":0.4852779296875,"id":"330"}},{"type":"Feature","geometry":{"geodesic":false,"crs":{"type":"name","properties":{"name":"EPSG:32643"}},"type":"Polygon","coordinates":[[[768000.0,1431000.0],[769000.0,1431000.0],[769000.0,1432000.0],[768000.0,1432000.0],[768000.0,1431000.0]]]},"id":"768,1431","properties":{"bld_cover":0.1268,"bld_height":1.044271875,"id":"331"}},{"type":"Feature","geometry":{"geodesic":false,"crs":{"type":"name","properties":{"name":"EPSG:32643"}},"type":"Polygon","coordinates":[[[769000.0,1431000.0],[770000.0,1431000.0],[770000.0,1432000.0],[769000.0,1432000.0],[769000.0,1431000.0]]]},"id":"769,1431","properties":{"bld_cover":0.1839,"bld_height":2.0080123046875,"id":"332"}},{"type":"Feature","geometry":{"geodesic":false,"crs":{"type":"name","properties":{"name":"EPSG:32643"}},"type":"Polygon","coordinates":[[[770000.0,1431000.0],[771000.0,1431000.0],[771000.0,1432000.0],[770000.0,1432000.0],[770000.0,1431000.0]]]},"id":"770,1431","properties":{"bld_cover":0.2945,"bld_height":2.881553515625,"id":"333"}},{"type":"Feature","geometry":{"geodesic":false,"crs":{"type":"name","properties":{"name":"EPSG:32643"}},"type":"Polygon","coordinates":[[[771000.0,1431000.0],[772000.0,1431000.0],[772000.0,1432000.0],[771000.0,1432000.0],[771000.0,1431000.0]]]},"id":"771,1431","properties":{"bld_cover":0.087,"bld_height":0.842693359375,"id":"334"}},{"type":"Feature","geometry":{"geodesic":false,"crs":{"type":"name","properties":{"name":"EPSG:32643"}},"type":"Polygon","coordinates":[[[772000.0,1431000.0],[773000.0,1431000.0],[773000.0,1432000.0],[772000.0,1432000.0],[772000.0,1431000.0]]]},"id":"772,1431","properties":{"bld_cover":0.0743,"bld_height":0.942348046875,"id":"335"}},{"type":"Feature","geometry":{"geodesic":false,"crs":{"type":"name","properties":{"name":"EPSG:32643"}},"type":"Polygon","coordinates":[[[773000.0,1431000.0],[774000.0,1431000.0],[774000.0,1432000.0],[773000.0,1432000.0],[773000.0,1431000.0]]]},"id":"773,1431","properties":{"bld_cover":0.1871,"bld_height":2.3727779296875,"id":"336"}},{"type":"Feature","geometry":{"geodesic":false,"crs":{"type":"name","properties":{"name":"EPSG:32643"}},"type":"Polygon","coordinates":[[[774000.0,1431000.0],[775000.0,1431000.0],[775000.0,1432000.0],[774000.0,1432000.0],[774000.0,1431000.0]]]},"id":"774,1431","properties":{"bld_cover":0.1692,"bld_height":2.3639150390625,"id":"337"}},{"type":"Feature","geometry":{"geodesic":false,"crs":{"type":"name","properties":{"name":"EPSG:32643"}},"type":"Polygon","coordinates":[[[775000.0,1431000.0],[776000.0,1431000.0],[776000.0,1432000.0],[775000.0,1432000.0],[775000.0,1431000.0]]]},"id":"775,1431","properties":{"bld_cover":0.3381,"bld_height":3.8111984375,"id":"338"}},{"type":"Feature","geometry":{"geodesic":false,"crs":{"type":"name","properties":{"name":"EPSG:32643"}},"type":"Polygon","coordinates":[[[776000.0,1431000.0],[777000.0,1431000.0],[777000.0,1432000.0],[776000.0,1432000.0],[776000.0,1431000.0]]]},"id":"776,1431","properties":{"bld_cover":0.4018,"bld_height":4.465423046875,"id":"339"}},{"type":"Feature","geometry":{"geodesic":false,"crs":{"type":"name","properties":{"name":"EPSG:32643"}},"type":"Polygon","coordinates":[[[777000.0,1431000.0],[778000.0,1431000.0],[778000.0,1432000.0],[777000.0,1432000.0],[777000.0,1431000.0]]]},"id":"777,1431","properties":{"bld_cover":0.4638,"bld_height":4.6975560546875,"id":"340"}},{"type":"Feature","geometry":{"geodesic":false,"crs":{"type":"name","properties":{"name":"EPSG:32643"}},"type":"Polygon","coordinates":[[[778000.0,1431000.0],[779000.0,1431000.0],[779000.0,1432000.0],[778000.0,1432000.0],[778000.0,1431000.0]]]},"id":"778,1431","properties":{"bld_cover":0.4517,"bld_height":4.426617578125,"id":"341"}},{"type":"Feature","geometry":{"geodesic":false,"crs":{"type":"name","properties":{"name":"EPSG:32643"}},"type":"Polygon","coordinates":[[[779000.0,1431000.0],[780000.0,1431000.0],[780000.0,1432000.0],[779000.0,1432000.0],[779000.0,1431000.0]]]},"id":"779,1431","properties":{"bld_cover":0.3612,"bld_height":3.55631015625,"id":"342"}},{"type":"Feature","geometry":{"geodesic":false,"crs":{"type":"name","properties":{"name":"EPSG:32643"}},"type":"Polygon","coordinates":[[[780000.0,1431000.0],[781000.0,1431000.0],[781000.0,1432000.0],[780000.0,1432000.0],[780000.0,1431000.0]]]},"id":"780,1431","properties":{"bld_cover":0.2797,"bld_height":3.3014927734375,"id":"343"}},{"type":"Feature","geometry":{"geodesic":false,"crs":{"type":"name","properties":{"name":"EPSG:32643"}},"type":"Polygon","coordinates":[[[781000.0,1431000.0],[782000.0,1431000.0],[782000.0,1432000.0],[781000.0,1432000.0],[781000.0,1431000.0]]]},"id":"781,1431","properties":{"bld_cover":0.2361,"bld_height":2.8524701171875,"id":"344"}},{"type":"Feature","geometry":{"geodesic":false,"crs":{"type":"name","properties":{"name":"EPSG:32643"}},"type":"Polygon","coordinates":[[[782000.0,1431000.0],[783000.0,1431000.0],[783000.0,1432000.0],[782000.0,1432000.0],[782000.0,1431000.0]]]},"id":"782,1431","properties":{"bld_cover":0.2364,"bld_height":4.4059736328125,"id":"345"}},{"type":"Feature","geometry":{"geodesic":false,"crs":{"type":"name","properties":{"name":"EPSG:32643"}},"type":"Polygon","coordinates":[[[783000.0,1431000.0],[784000.0,1431000.0],[784000.0,1432000.0],[783000.0,1432000.0],[783000.0,1431000.0]]]},"id":"783,1431","properties":{"bld_cover":0.2646,"bld_height":4.1137501953125,"id":"346"}},{"type":"Feature","geometry":{"geodesic":false,"crs":{"type":"name","properties":{"name":"EPSG:32643"}},"type":"Polygon","coordinates":[[[784000.0,1431000.0],[785000.0,1431000.0],[785000.0,1432000.0],[784000.0,1432000.0],[784000.0,1431000.0]]]},"id":"784,1431","properties":{"bld_cover":0.2849,"bld_height":3.56128125,"id":"347"}},{"type":"Feature","geometry":{"geodesic":false,"crs":{"type":"name","properties":{"name":"EPSG:32643"}},"type":"Polygon","coordinates":[[[785000.0,1431000.0],[786000.0,1431000.0],[786000.0,1432000.0],[785000.0,1432000.0],[785000.0,1431000.0]]]},"id":"785,1431","properties":{"bld_cover":0.3129,"bld_height":4.2757611328125,"id":"348"}},{"type":"Feature","geometry":{"geodesic":false,"crs":{"type":"name","properties":{"name":"EPSG:32643"}},"type":"Polygon","coordinates":[[[786000.0,1431000.0],[787000.0,1431000.0],[787000.0,1432000.0],[786000.0,1432000.0],[786000.0,1431000.0]]]},"id":"786,1431","properties":{"bld_cover":0.0328,"bld_height":0.3964001953125,"id":"349"}},{"type":"Feature","geometry":{"geodesic":false,"crs":{"type":"name","properties":{"name":"EPSG:32643"}},"type":"Polygon","coordinates":[[[787000.0,1431000.0],[788000.0,1431000.0],[788000.0,1432000.0],[787000.0,1432000.0],[787000.0,1431000.0]]]},"id":"787,1431","properties":{"bld_cover":0.0028,"bld_height":0.015568359375,"id":"350"}},{"type":"Feature","geometry":{"geodesic":false,"crs":{"type":"name","properties":{"name":"EPSG:32643"}},"type":"Polygon","coordinates":[[[788000.0,1431000.0],[789000.0,1431000.0],[789000.0,1432000.0],[788000.0,1432000.0],[788000.0,1431000.0]]]},"id":"788,1431","properties":{"bld_cover":0.0111,"bld_height":0.09186796875,"id":"351"}},{"type":"Feature","geometry":{"geodesic":false,"crs":{"type":"name","properties":{"name":"EPSG:32643"}},"type":"Polygon","coordinates":[[[789000.0,1431000.0],[790000.0,1431000.0],[790000.0,1432000.0],[789000.0,1432000.0],[789000.0,1431000.0]]]},"id":"789,1431","properties":{"bld_cover":0,"bld_height":0,"id":"352"}},{"type":"Feature","geometry":{"geodesic":false,"crs":{"type":"name","properties":{"name":"EPSG:32643"}},"type":"Polygon","coordinates":[[[790000.0,1431000.0],[791000.0,1431000.0],[791000.0,1432000.0],[790000.0,1432000.0],[790000.0,1431000.0]]]},"id":"790,1431","properties":{"bld_cover":0.0623,"bld_height":0.8534669921875,"id":"353"}},{"type":"Feature","geometry":{"geodesic":false,"crs":{"type":"name","properties":{"name":"EPSG:32643"}},"type":"Polygon","coordinates":[[[791000.0,1431000.0],[792000.0,1431000.0],[792000.0,1432000.0],[791000.0,1432000.0],[791000.0,1431000.0]]]},"id":"791,1431","properties":{"bld_cover":0.2401,"bld_height":5.044521484375,"id":"354"}},{"type":"Feature","geometry":{"geodesic":false,"crs":{"type":"name","properties":{"name":"EPSG:32643"}},"type":"Polygon","coordinates":[[[792000.0,1431000.0],[793000.0,1431000.0],[793000.0,1432000.0],[792000.0,1432000.0],[792000.0,1431000.0]]]},"id":"792,1431","properties":{"bld_cover":0.2939,"bld_height":7.92563359375,"id":"355"}},{"type":"Feature","geometry":{"geodesic":false,"crs":{"type":"name","properties":{"name":"EPSG:32643"}},"type":"Polygon","coordinates":[[[793000.0,1431000.0],[794000.0,1431000.0],[794000.0,1432000.0],[793000.0,1432000.0],[793000.0,1431000.0]]]},"id":"793,1431","properties":{"bld_cover":0.247,"bld_height":3.113398828125,"id":"356"}},{"type":"Feature","geometry":{"geodesic":false,"crs":{"type":"name","properties":{"name":"EPSG:32643"}},"type":"Polygon","coordinates":[[[794000.0,1431000.0],[795000.0,1431000.0],[795000.0,1432000.0],[794000.0,1432000.0],[794000.0,1431000.0]]]},"id":"794,1431","properties":{"bld_cover":0.059,"bld_height":0.6347966796875,"id":"357"}},{"type":"Feature","geometry":{"geodesic":false,"crs":{"type":"name","properties":{"name":"EPSG:32643"}},"type":"Polygon","coordinates":[[[795000.0,1431000.0],[796000.0,1431000.0],[796000.0,1432000.0],[795000.0,1432000.0],[795000.0,1431000.0]]]},"id":"795,1431","properties":{"bld_cover":0.1529,"bld_height":3.3280748046875,"id":"358"}},{"type":"Feature","geometry":{"geodesic":false,"crs":{"type":"name","properties":{"name":"EPSG:32643"}},"type":"Polygon","coordinates":[[[796000.0,1431000.0],[797000.0,1431000.0],[797000.0,1432000.0],[796000.0,1432000.0],[796000.0,1431000.0]]]},"id":"796,1431","properties":{"bld_cover":0.1438,"bld_height":2.4013353515625,"id":"359"}},{"type":"Feature","geometry":{"geodesic":false,"crs":{"type":"name","properties":{"name":"EPSG:32643"}},"type":"Polygon","coordinates":[[[797000.0,1431000.0],[798000.0,1431000.0],[798000.0,1432000.0],[797000.0,1432000.0],[797000.0,1431000.0]]]},"id":"797,1431","properties":{"bld_cover":0.1956,"bld_height":5.0818326171875,"id":"360"}},{"type":"Feature","geometry":{"geodesic":false,"crs":{"type":"name","properties":{"name":"EPSG:32643"}},"type":"Polygon","coordinates":[[[798000.0,1431000.0],[799000.0,1431000.0],[799000.0,1432000.0],[798000.0,1432000.0],[798000.0,1431000.0]]]},"id":"798,1431","properties":{"bld_cover":0.0877,"bld_height":1.2970818359375,"id":"361"}},{"type":"Feature","geometry":{"geodesic":false,"crs":{"type":"name","properties":{"name":"EPSG:32643"}},"type":"Polygon","coordinates":[[[765000.0,1432000.0],[766000.0,1432000.0],[766000.0,1433000.0],[765000.0,1433000.0],[765000.0,1432000.0]]]},"id":"765,1432","properties":{"bld_cover":0.0018,"bld_height":0.1193876953125,"id":"362"}},{"type":"Feature","geometry":{"geodesic":false,"crs":{"type":"name","properties":{"name":"EPSG:32643"}},"type":"Polygon","coordinates":[[[766000.0,1432000.0],[767000.0,1432000.0],[767000.0,1433000.0],[766000.0,1433000.0],[766000.0,1432000.0]]]},"id":"766,1432","properties":{"bld_cover":0.0294,"bld_height":0.14480078125,"id":"363"}},{"type":"Feature","geometry":{"geodesic":false,"crs":{"type":"name","properties":{"name":"EPSG:32643"}},"type":"Polygon","coordinates":[[[767000.0,1432000.0],[768000.0,1432000.0],[768000.0,1433000.0],[767000.0,1433000.0],[767000.0,1432000.0]]]},"id":"767,1432","properties":{"bld_cover":0.1127,"bld_height":0.7809208984375,"id":"364"}},{"type":"Feature","geometry":{"geodesic":false,"crs":{"type":"name","properties":{"name":"EPSG:32643"}},"type":"Polygon","coordinates":[[[768000.0,1432000.0],[769000.0,1432000.0],[769000.0,1433000.0],[768000.0,1433000.0],[768000.0,1432000.0]]]},"id":"768,1432","properties":{"bld_cover":0.0956,"bld_height":0.800859765625,"id":"365"}},{"type":"Feature","geometry":{"geodesic":false,"crs":{"type":"name","properties":{"name":"EPSG:32643"}},"type":"Polygon","coordinates":[[[769000.0,1432000.0],[770000.0,1432000.0],[770000.0,1433000.0],[769000.0,1433000.0],[769000.0,1432000.0]]]},"id":"769,1432","properties":{"bld_cover":0.2011,"bld_height":1.8930765625,"id":"366"}},{"type":"Feature","geometry":{"geodesic":false,"crs":{"type":"name","properties":{"name":"EPSG:32643"}},"type":"Polygon","coordinates":[[[770000.0,1432000.0],[771000.0,1432000.0],[771000.0,1433000.0],[770000.0,1433000.0],[770000.0,1432000.0]]]},"id":"770,1432","properties":{"bld_cover":0.3135,"bld_height":3.15510390625,"id":"367"}},{"type":"Feature","geometry":{"geodesic":false,"crs":{"type":"name","properties":{"name":"EPSG:32643"}},"type":"Polygon","coordinates":[[[771000.0,1432000.0],[772000.0,1432000.0],[772000.0,1433000.0],[771000.0,1433000.0],[771000.0,1432000.0]]]},"id":"771,1432","properties":{"bld_cover":0.0979,"bld_height":0.9070580078125,"id":"368"}},{"type":"Feature","geometry":{"geodesic":false,"crs":{"type":"name","properties":{"name":"EPSG:32643"}},"type":"Polygon","coordinates":[[[772000.0,1432000.0],[773000.0,1432000.0],[773000.0,1433000.0],[772000.0,1433000.0],[772000.0,1432000.0]]]},"id":"772,1432","properties":{"bld_cover":0.063,"bld_height":0.382686328125,"id":"369"}},{"type":"Feature","geometry":{"geodesic":false,"crs":{"type":"name","properties":{"name":"EPSG:32643"}},"type":"Polygon","coordinates":[[[773000.0,1432000.0],[774000.0,1432000.0],[774000.0,1433000.0],[773000.0,1433000.0],[773000.0,1432000.0]]]},"id":"773,1432","properties":{"bld_cover":0.291,"bld_height":2.71210859375,"id":"370"}},{"type":"Feature","geometry":{"geodesic":false,"crs":{"type":"name","properties":{"name":"EPSG:32643"}},"type":"Polygon","coordinates":[[[774000.0,1432000.0],[775000.0,1432000.0],[775000.0,1433000.0],[774000.0,1433000.0],[774000.0,1432000.0]]]},"id":"774,1432","properties":{"bld_cover":0.2776,"bld_height":2.376778515625,"id":"371"}},{"type":"Feature","geometry":{"geodesic":false,"crs":{"type":"name","properties":{"name":"EPSG:32643"}},"type":"Polygon","coordinates":[[[775000.0,1432000.0],[776000.0,1432000.0],[776000.0,1433000.0],[775000.0,1433000.0],[775000.0,1432000.0]]]},"id":"775,1432","properties":{"bld_cover":0.3486,"bld_height":3.7884931640625,"id":"372"}},{"type":"Feature","geometry":{"geodesic":false,"crs":{"type":"name","properties":{"name":"EPSG:32643"}},"type":"Polygon","coordinates":[[[776000.0,1432000.0],[777000.0,1432000.0],[777000.0,1433000.0],[776000.0,1433000.0],[776000.0,1432000.0]]]},"id":"776,1432","properties":{"bld_cover":0.4864,"bld_height":4.92125078125,"id":"373"}},{"type":"Feature","geometry":{"geodesic":false,"crs":{"type":"name","properties":{"name":"EPSG:32643"}},"type":"Polygon","coordinates":[[[777000.0,1432000.0],[778000.0,1432000.0],[778000.0,1433000.0],[777000.0,1433000.0],[777000.0,1432000.0]]]},"id":"777,1432","properties":{"bld_cover":0.453,"bld_height":4.56249375,"id":"374"}},{"type":"Feature","geometry":{"geodesic":false,"crs":{"type":"name","properties":{"name":"EPSG:32643"}},"type":"Polygon","coordinates":[[[778000.0,1432000.0],[779000.0,1432000.0],[779000.0,1433000.0],[778000.0,1433000.0],[778000.0,1432000.0]]]},"id":"778,1432","properties":{"bld_cover":0.3488,"bld_height":3.562301953125,"id":"375"}},{"type":"Feature","geometry":{"geodesic":false,"crs":{"type":"name","properties":{"name":"EPSG:32643"}},"type":"Polygon","coordinates":[[[779000.0,1432000.0],[780000.0,1432000.0],[780000.0,1433000.0],[779000.0,1433000.0],[779000.0,1432000.0]]]},"id":"779,1432","properties":{"bld_cover":0.3311,"bld_height":3.4679318359375,"id":"376"}},{"type":"Feature","geometry":{"geodesic":false,"crs":{"type":"name","properties":{"name":"EPSG:32643"}},"type":"Polygon","coordinates":[[[780000.0,1432000.0],[781000.0,1432000.0],[781000.0,1433000.0],[780000.0,1433000.0],[780000.0,1432000.0]]]},"id":"780,1432","properties":{"bld_cover":0.1556,"bld_height":1.7439189453125,"id":"377"}},{"type":"Feature","geometry":{"geodesic":false,"crs":{"type":"name","properties":{"name":"EPSG:32643"}},"type":"Polygon","coordinates":[[[781000.0,1432000.0],[782000.0,1432000.0],[782000.0,1433000.0],[781000.0,1433000.0],[781000.0,1432000.0]]]},"id":"781,1432","properties":{"bld_cover":0.313,"bld_height":4.0626556640625,"id":"378"}},{"type":"Feature","geometry":{"geodesic":false,"crs":{"type":"name","properties":{"name":"EPSG:32643"}},"type":"Polygon","coordinates":[[[782000.0,1432000.0],[783000.0,1432000.0],[783000.0,1433000.0],[782000.0,1433000.0],[782000.0,1432000.0]]]},"id":"782,1432","properties":{"bld_cover":0.3606,"bld_height":4.319425390625,"id":"379"}},{"type":"Feature","geometry":{"geodesic":false,"crs":{"type":"name","properties":{"name":"EPSG:32643"}},"type":"Polygon","coordinates":[[[783000.0,1432000.0],[784000.0,1432000.0],[784000.0,1433000.0],[783000.0,1433000.0],[783000.0,1432000.0]]]},"id":"783,1432","properties":{"bld_cover":0.1688,"bld_height":2.010284375,"id":"380"}},{"type":"Feature","geometry":{"geodesic":false,"crs":{"type":"name","properties":{"name":"EPSG:32643"}},"type":"Polygon","coordinates":[[[784000.0,1432000.0],[785000.0,1432000.0],[785000.0,1433000.0],[784000.0,1433000.0],[784000.0,1432000.0]]]},"id":"784,1432","properties":{"bld_cover":0.3124,"bld_height":5.294915234375,"id":"381"}},{"type":"Feature","geometry":{"geodesic":false,"crs":{"type":"name","properties":{"name":"EPSG:32643"}},"type":"Polygon","coordinates":[[[785000.0,1432000.0],[786000.0,1432000.0],[786000.0,1433000.0],[785000.0,1433000.0],[785000.0,1432000.0]]]},"id":"785,1432","properties":{"bld_cover":0.1655,"bld_height":1.723478125,"id":"382"}},{"type":"Feature","geometry":{"geodesic":false,"crs":{"type":"name","properties":{"name":"EPSG:32643"}},"type":"Polygon","coordinates":[[[786000.0,1432000.0],[787000.0,1432000.0],[787000.0,1433000.0],[786000.0,1433000.0],[786000.0,1432000.0]]]},"id":"786,1432","properties":{"bld_cover":0.0452,"bld_height":0.5321291015625,"id":"383"}},{"type":"Feature","geometry":{"geodesic":false,"crs":{"type":"name","properties":{"name":"EPSG:32643"}},"type":"Polygon","coordinates":[[[787000.0,1432000.0],[788000.0,1432000.0],[788000.0,1433000.0],[787000.0,1433000.0],[787000.0,1432000.0]]]},"id":"787,1432","properties":{"bld_cover":0.1203,"bld_height":1.5336869140625,"id":"384"}},{"type":"Feature","geometry":{"geodesic":false,"crs":{"type":"name","properties":{"name":"EPSG:32643"}},"type":"Polygon","coordinates":[[[788000.0,1432000.0],[789000.0,1432000.0],[789000.0,1433000.0],[788000.0,1433000.0],[788000.0,1432000.0]]]},"id":"788,1432","properties":{"bld_cover":0.0832,"bld_height":0.6783865234375,"id":"385"}},{"type":"Feature","geometry":{"geodesic":false,"crs":{"type":"name","properties":{"name":"EPSG:32643"}},"type":"Polygon","coordinates":[[[789000.0,1432000.0],[790000.0,1432000.0],[790000.0,1433000.0],[789000.0,1433000.0],[789000.0,1432000.0]]]},"id":"789,1432","properties":{"bld_cover":0.0963,"bld_height":0.950510546875,"id":"386"}},{"type":"Feature","geometry":{"geodesic":false,"crs":{"type":"name","properties":{"name":"EPSG:32643"}},"type":"Polygon","coordinates":[[[790000.0,1432000.0],[791000.0,1432000.0],[791000.0,1433000.0],[790000.0,1433000.0],[790000.0,1432000.0]]]},"id":"790,1432","properties":{"bld_cover":0.1562,"bld_height":2.0993767578125,"id":"387"}},{"type":"Feature","geometry":{"geodesic":false,"crs":{"type":"name","properties":{"name":"EPSG:32643"}},"type":"Polygon","coordinates":[[[791000.0,1432000.0],[792000.0,1432000.0],[792000.0,1433000.0],[791000.0,1433000.0],[791000.0,1432000.0]]]},"id":"791,1432","properties":{"bld_cover":0.1615,"bld_height":2.7934693359375,"id":"388"}},{"type":"Feature","geometry":{"geodesic":false,"crs":{"type":"name","properties":{"name":"EPSG:32643"}},"type":"Polygon","coordinates":[[[792000.0,1432000.0],[793000.0,1432000.0],[793000.0,1433000.0],[792000.0,1433000.0],[792000.0,1432000.0]]]},"id":"792,1432","properties":{"bld_cover":0.2192,"bld_height":5.4268751953125,"id":"389"}},{"type":"Feature","geometry":{"geodesic":false,"crs":{"type":"name","properties":{"name":"EPSG:32643"}},"type":"Polygon","coordinates":[[[793000.0,1432000.0],[794000.0,1432000.0],[794000.0,1433000.0],[793000.0,1433000.0],[793000.0,1432000.0]]]},"id":"793,1432","properties":{"bld_cover":0.1999,"bld_height":2.5056529296875,"id":"390"}},{"type":"Feature","geometry":{"geodesic":false,"crs":{"type":"name","properties":{"name":"EPSG:32643"}},"type":"Polygon","coordinates":[[[794000.0,1432000.0],[795000.0,1432000.0],[795000.0,1433000.0],[794000.0,1433000.0],[794000.0,1432000.0]]]},"id":"794,1432","properties":{"bld_cover":0.1725,"bld_height":2.1130328125,"id":"391"}},{"type":"Feature","geometry":{"geodesic":false,"crs":{"type":"name","properties":{"name":"EPSG:32643"}},"type":"Polygon","coordinates":[[[795000.0,1432000.0],[796000.0,1432000.0],[796000.0,1433000.0],[795000.0,1433000.0],[795000.0,1432000.0]]]},"id":"795,1432","properties":{"bld_cover":0.0906,"bld_height":1.0762931640625,"id":"392"}},{"type":"Feature","geometry":{"geodesic":false,"crs":{"type":"name","properties":{"name":"EPSG:32643"}},"type":"Polygon","coordinates":[[[796000.0,1432000.0],[797000.0,1432000.0],[797000.0,1433000.0],[796000.0,1433000.0],[796000.0,1432000.0]]]},"id":"796,1432","properties":{"bld_cover":0.0523,"bld_height":0.5095353515625,"id":"393"}},{"type":"Feature","geometry":{"geodesic":false,"crs":{"type":"name","properties":{"name":"EPSG:32643"}},"type":"Polygon","coordinates":[[[797000.0,1432000.0],[798000.0,1432000.0],[798000.0,1433000.0],[797000.0,1433000.0],[797000.0,1432000.0]]]},"id":"797,1432","properties":{"bld_cover":0.1872,"bld_height":1.744453125,"id":"394"}},{"type":"Feature","geometry":{"geodesic":false,"crs":{"type":"name","properties":{"name":"EPSG:32643"}},"type":"Polygon","coordinates":[[[798000.0,1432000.0],[799000.0,1432000.0],[799000.0,1433000.0],[798000.0,1433000.0],[798000.0,1432000.0]]]},"id":"798,1432","properties":{"bld_cover":0.0904,"bld_height":2.4298740234375,"id":"395"}},{"type":"Feature","geometry":{"geodesic":false,"crs":{"type":"name","properties":{"name":"EPSG:32643"}},"type":"Polygon","coordinates":[[[765000.0,1433000.0],[766000.0,1433000.0],[766000.0,1434000.0],[765000.0,1434000.0],[765000.0,1433000.0]]]},"id":"765,1433","properties":{"bld_cover":0.0091,"bld_height":0.15430078125,"id":"396"}},{"type":"Feature","geometry":{"geodesic":false,"crs":{"type":"name","properties":{"name":"EPSG:32643"}},"type":"Polygon","coordinates":[[[766000.0,1433000.0],[767000.0,1433000.0],[767000.0,1434000.0],[766000.0,1434000.0],[766000.0,1433000.0]]]},"id":"766,1433","properties":{"bld_cover":0.0108,"bld_height":0.0524716796875,"id":"397"}},{"type":"Feature","geometry":{"geodesic":false,"crs":{"type":"name","properties":{"name":"EPSG:32643"}},"type":"Polygon","coordinates":[[[767000.0,1433000.0],[768000.0,1433000.0],[768000.0,1434000.0],[767000.0,1434000.0],[767000.0,1433000.0]]]},"id":"767,1433","properties":{"bld_cover":0.1106,"bld_height":0.7175326171875,"id":"398"}},{"type":"Feature","geometry":{"geodesic":false,"crs":{"type":"name","properties":{"name":"EPSG:32643"}},"type":"Polygon","coordinates":[[[768000.0,1433000.0],[769000.0,1433000.0],[769000.0,1434000.0],[768000.0,1434000.0],[768000.0,1433000.0]]]},"id":"768,1433","properties":{"bld_cover":0.1014,"bld_height":0.910079296875,"id":"399"}},{"type":"Feature","geometry":{"geodesic":false,"crs":{"type":"name","properties":{"name":"EPSG:32643"}},"type":"Polygon","coordinates":[[[769000.0,1433000.0],[770000.0,1433000.0],[770000.0,1434000.0],[769000.0,1434000.0],[769000.0,1433000.0]]]},"id":"769,1433","properties":{"bld_cover":0.1668,"bld_height":1.5389505859375,"id":"400"}},{"type":"Feature","geometry":{"geodesic":false,"crs":{"type":"name","properties":{"name":"EPSG:32643"}},"type":"Polygon","coordinates":[[[770000.0,1433000.0],[771000.0,1433000.0],[771000.0,1434000.0],[770000.0,1434000.0],[770000.0,1433000.0]]]},"id":"770,1433","properties":{"bld_cover":0.279,"bld_height":3.2333076171875,"id":"401"}},{"type":"Feature","geometry":{"geodesic":false,"crs":{"type":"name","properties":{"name":"EPSG:32643"}},"type":"Polygon","coordinates":[[[771000.0,1433000.0],[772000.0,1433000.0],[772000.0,1434000.0],[771000.0,1434000.0],[771000.0,1433000.0]]]},"id":"771,1433","properties":{"bld_cover":0.1656,"bld_height":1.7215947265625,"id":"402"}},{"type":"Feature","geometry":{"geodesic":false,"crs":{"type":"name","properties":{"name":"EPSG:32643"}},"type":"Polygon","coordinates":[[[772000.0,1433000.0],[773000.0,1433000.0],[773000.0,1434000.0],[772000.0,1434000.0],[772000.0,1433000.0]]]},"id":"772,1433","properties":{"bld_cover":0.1462,"bld_height":1.5753181640625,"id":"403"}},{"type":"Feature","geometry":{"geodesic":false,"crs":{"type":"name","properties":{"name":"EPSG:32643"}},"type":"Polygon","coordinates":[[[773000.0,1433000.0],[774000.0,1433000.0],[774000.0,1434000.0],[773000.0,1434000.0],[773000.0,1433000.0]]]},"id":"773,1433","properties":{"bld_cover":0.2863,"bld_height":3.4648849609375,"id":"404"}},{"type":"Feature","geometry":{"geodesic":false,"crs":{"type":"name","properties":{"name":"EPSG:32643"}},"type":"Polygon","coordinates":[[[774000.0,1433000.0],[775000.0,1433000.0],[775000.0,1434000.0],[774000.0,1434000.0],[774000.0,1433000.0]]]},"id":"774,1433","properties":{"bld_cover":0.3689,"bld_height":4.4196458984375,"id":"405"}},{"type":"Feature","geometry":{"geodesic":false,"crs":{"type":"name","properties":{"name":"EPSG:32643"}},"type":"Polygon","coordinates":[[[775000.0,1433000.0],[776000.0,1433000.0],[776000.0,1434000.0],[775000.0,1434000.0],[775000.0,1433000.0]]]},"id":"775,1433","properties":{"bld_cover":0.3481,"bld_height":4.18856015625,"id":"406"}},{"type":"Feature","geometry":{"geodesic":false,"crs":{"type":"name","properties":{"name":"EPSG:32643"}},"type":"Polygon","coordinates":[[[776000.0,1433000.0],[777000.0,1433000.0],[777000.0,1434000.0],[776000.0,1434000.0],[776000.0,1433000.0]]]},"id":"776,1433","properties":{"bld_cover":0.4169,"bld_height":3.975831640625,"id":"407"}},{"type":"Feature","geometry":{"geodesic":false,"crs":{"type":"name","properties":{"name":"EPSG:32643"}},"type":"Polygon","coordinates":[[[777000.0,1433000.0],[778000.0,1433000.0],[778000.0,1434000.0],[777000.0,1434000.0],[777000.0,1433000.0]]]},"id":"777,1433","properties":{"bld_cover":0.2876,"bld_height":3.125601171875,"id":"408"}},{"type":"Feature","geometry":{"geodesic":false,"crs":{"type":"name","properties":{"name":"EPSG:32643"}},"type":"Polygon","coordinates":[[[778000.0,1433000.0],[779000.0,1433000.0],[779000.0,1434000.0],[778000.0,1434000.0],[778000.0,1433000.0]]]},"id":"778,1433","properties":{"bld_cover":0.3846,"bld_height":4.45873046875,"id":"409"}},{"type":"Feature","geometry":{"geodesic":false,"crs":{"type":"name","properties":{"name":"EPSG:32643"}},"type":"Polygon","coordinates":[[[779000.0,1433000.0],[780000.0,1433000.0],[780000.0,1434000.0],[779000.0,1434000.0],[779000.0,1433000.0]]]},"id":"779,1433","properties":{"bld_cover":0.3434,"bld_height":4.313278515625,"id":"410"}},{"type":"Feature","geometry":{"geodesic":false,"crs":{"type":"name","properties":{"name":"EPSG:32643"}},"type":"Polygon","coordinates":[[[780000.0,1433000.0],[781000.0,1433000.0],[781000.0,1434000.0],[780000.0,1434000.0],[780000.0,1433000.0]]]},"id":"780,1433","properties":{"bld_cover":0.3083,"bld_height":3.7878599609375,"id":"411"}},{"type":"Feature","geometry":{"geodesic":false,"crs":{"type":"name","properties":{"name":"EPSG:32643"}},"type":"Polygon","coordinates":[[[781000.0,1433000.0],[782000.0,1433000.0],[782000.0,1434000.0],[781000.0,1434000.0],[781000.0,1433000.0]]]},"id":"781,1433","properties":{"bld_cover":0.2755,"bld_height":3.4386859375,"id":"412"}},{"type":"Feature","geometry":{"geodesic":false,"crs":{"type":"name","properties":{"name":"EPSG:32643"}},"type":"Polygon","coordinates":[[[782000.0,1433000.0],[783000.0,1433000.0],[783000.0,1434000.0],[782000.0,1434000.0],[782000.0,1433000.0]]]},"id":"782,1433","properties":{"bld_cover":0.18,"bld_height":2.247996875,"id":"413"}},{"type":"Feature","geometry":{"geodesic":false,"crs":{"type":"name","properties":{"name":"EPSG:32643"}},"type":"Polygon","coordinates":[[[783000.0,1433000.0],[784000.0,1433000.0],[784000.0,1434000.0],[783000.0,1434000.0],[783000.0,1433000.0]]]},"id":"783,1433","properties":{"bld_cover":0.2857,"bld_height":3.4906060546875,"id":"414"}},{"type":"Feature","geometry":{"geodesic":false,"crs":{"type":"name","properties":{"name":"EPSG:32643"}},"type":"Polygon","coordinates":[[[784000.0,1433000.0],[785000.0,1433000.0],[785000.0,1434000.0],[784000.0,1434000.0],[784000.0,1433000.0]]]},"id":"784,1433","properties":{"bld_cover":0.2428,"bld_height":2.4057953125,"id":"415"}},{"type":"Feature","geometry":{"geodesic":false,"crs":{"type":"name","properties":{"name":"EPSG:32643"}},"type":"Polygon","coordinates":[[[785000.0,1433000.0],[786000.0,1433000.0],[786000.0,1434000.0],[785000.0,1434000.0],[785000.0,1433000.0]]]},"id":"785,1433","properties":{"bld_cover":0.0511,"bld_height":0.4153904296875,"id":"416"}},{"type":"Feature","geometry":{"geodesic":false,"crs":{"type":"name","properties":{"name":"EPSG:32643"}},"type":"Polygon","coordinates":[[[786000.0,1433000.0],[787000.0,1433000.0],[787000.0,1434000.0],[786000.0,1434000.0],[786000.0,1433000.0]]]},"id":"786,1433","properties":{"bld_cover":0.225,"bld_height":4.1151478515625,"id":"417"}},{"type":"Feature","geometry":{"geodesic":false,"crs":{"type":"name","properties":{"name":"EPSG:32643"}},"type":"Polygon","coordinates":[[[787000.0,1433000.0],[788000.0,1433000.0],[788000.0,1434000.0],[787000.0,1434000.0],[787000.0,1433000.0]]]},"id":"787,1433","properties":{"bld_cover":0.1466,"bld_height":2.041133984375,"id":"418"}},{"type":"Feature","geometry":{"geodesic":false,"crs":{"type":"name","properties":{"name":"EPSG:32643"}},"type":"Polygon","coordinates":[[[788000.0,1433000.0],[789000.0,1433000.0],[789000.0,1434000.0],[788000.0,1434000.0],[788000.0,1433000.0]]]},"id":"788,1433","properties":{"bld_cover":0.2369,"bld_height":2.80566015625,"id":"419"}},{"type":"Feature","geometry":{"geodesic":false,"crs":{"type":"name","properties":{"name":"EPSG:32643"}},"type":"Polygon","coordinates":[[[789000.0,1433000.0],[790000.0,1433000.0],[790000.0,1434000.0],[789000.0,1434000.0],[789000.0,1433000.0]]]},"id":"789,1433","properties":{"bld_cover":0.1882,"bld_height":1.71440546875,"id":"420"}},{"type":"Feature","geometry":{"geodesic":false,"crs":{"type":"name","properties":{"name":"EPSG:32643"}},"type":"Polygon","coordinates":[[[790000.0,1433000.0],[791000.0,1433000.0],[791000.0,1434000.0],[790000.0,1434000.0],[790000.0,1433000.0]]]},"id":"790,1433","properties":{"bld_cover":0.0863,"bld_height":0.76867890625,"id":"421"}},{"type":"Feature","geometry":{"geodesic":false,"crs":{"type":"name","properties":{"name":"EPSG:32643"}},"type":"Polygon","coordinates":[[[791000.0,1433000.0],[792000.0,1433000.0],[792000.0,1434000.0],[791000.0,1434000.0],[791000.0,1433000.0]]]},"id":"791,1433","properties":{"bld_cover":0.0911,"bld_height":1.25691171875,"id":"422"}},{"type":"Feature","geometry":{"geodesic":false,"crs":{"type":"name","properties":{"name":"EPSG:32643"}},"type":"Polygon","coordinates":[[[792000.0,1433000.0],[793000.0,1433000.0],[793000.0,1434000.0],[792000.0,1434000.0],[792000.0,1433000.0]]]},"id":"792,1433","properties":{"bld_cover":0.3459,"bld_height":4.6974244140625,"id":"423"}},{"type":"Feature","geometry":{"geodesic":false,"crs":{"type":"name","properties":{"name":"EPSG:32643"}},"type":"Polygon","coordinates":[[[793000.0,1433000.0],[794000.0,1433000.0],[794000.0,1434000.0],[793000.0,1434000.0],[793000.0,1433000.0]]]},"id":"793,1433","properties":{"bld_cover":0.4151,"bld_height":4.69096796875,"id":"424"}},{"type":"Feature","geometry":{"geodesic":false,"crs":{"type":"name","properties":{"name":"EPSG:32643"}},"type":"Polygon","coordinates":[[[794000.0,1433000.0],[795000.0,1433000.0],[795000.0,1434000.0],[794000.0,1434000.0],[794000.0,1433000.0]]]},"id":"794,1433","properties":{"bld_cover":0.3987,"bld_height":5.8617404296875,"id":"425"}},{"type":"Feature","geometry":{"geodesic":false,"crs":{"type":"name","properties":{"name":"EPSG:32643"}},"type":"Polygon","coordinates":[[[795000.0,1433000.0],[796000.0,1433000.0],[796000.0,1434000.0],[795000.0,1434000.0],[795000.0,1433000.0]]]},"id":"795,1433","properties":{"bld_cover":0.1799,"bld_height":2.121880859375,"id":"426"}},{"type":"Feature","geometry":{"geodesic":false,"crs":{"type":"name","properties":{"name":"EPSG:32643"}},"type":"Polygon","coordinates":[[[796000.0,1433000.0],[797000.0,1433000.0],[797000.0,1434000.0],[796000.0,1434000.0],[796000.0,1433000.0]]]},"id":"796,1433","properties":{"bld_cover":0.157,"bld_height":1.6086857421875,"id":"427"}},{"type":"Feature","geometry":{"geodesic":false,"crs":{"type":"name","properties":{"name":"EPSG:32643"}},"type":"Polygon","coordinates":[[[797000.0,1433000.0],[798000.0,1433000.0],[798000.0,1434000.0],[797000.0,1434000.0],[797000.0,1433000.0]]]},"id":"797,1433","properties":{"bld_cover":0.1012,"bld_height":0.9519857421875,"id":"428"}},{"type":"Feature","geometry":{"geodesic":false,"crs":{"type":"name","properties":{"name":"EPSG:32643"}},"type":"Polygon","coordinates":[[[798000.0,1433000.0],[799000.0,1433000.0],[799000.0,1434000.0],[798000.0,1434000.0],[798000.0,1433000.0]]]},"id":"798,1433","properties":{"bld_cover":0.0151,"bld_height":0.1709341796875,"id":"429"}},{"type":"Feature","geometry":{"geodesic":false,"crs":{"type":"name","properties":{"name":"EPSG:32643"}},"type":"Polygon","coordinates":[[[765000.0,1434000.0],[766000.0,1434000.0],[766000.0,1435000.0],[765000.0,1435000.0],[765000.0,1434000.0]]]},"id":"765,1434","properties":{"bld_cover":0.005,"bld_height":0.3235421875,"id":"430"}},{"type":"Feature","geometry":{"geodesic":false,"crs":{"type":"name","properties":{"name":"EPSG:32643"}},"type":"Polygon","coordinates":[[[766000.0,1434000.0],[767000.0,1434000.0],[767000.0,1435000.0],[766000.0,1435000.0],[766000.0,1434000.0]]]},"id":"766,1434","properties":{"bld_cover":0.0549,"bld_height":0.2966234375,"id":"431"}},{"type":"Feature","geometry":{"geodesic":false,"crs":{"type":"name","properties":{"name":"EPSG:32643"}},"type":"Polygon","coordinates":[[[767000.0,1434000.0],[768000.0,1434000.0],[768000.0,1435000.0],[767000.0,1435000.0],[767000.0,1434000.0]]]},"id":"767,1434","properties":{"bld_cover":0.0213,"bld_height":0.12113046875,"id":"432"}},{"type":"Feature","geometry":{"geodesic":false,"crs":{"type":"name","properties":{"name":"EPSG:32643"}},"type":"Polygon","coordinates":[[[768000.0,1434000.0],[769000.0,1434000.0],[769000.0,1435000.0],[768000.0,1435000.0],[768000.0,1434000.0]]]},"id":"768,1434","properties":{"bld_cover":0.1289,"bld_height":1.0300220703125,"id":"433"}},{"type":"Feature","geometry":{"geodesic":false,"crs":{"type":"name","properties":{"name":"EPSG:32643"}},"type":"Polygon","coordinates":[[[769000.0,1434000.0],[770000.0,1434000.0],[770000.0,1435000.0],[769000.0,1435000.0],[769000.0,1434000.0]]]},"id":"769,1434","properties":{"bld_cover":0.1384,"bld_height":1.399697265625,"id":"434"}},{"type":"Feature","geometry":{"geodesic":false,"crs":{"type":"name","properties":{"name":"EPSG:32643"}},"type":"Polygon","coordinates":[[[770000.0,1434000.0],[771000.0,1434000.0],[771000.0,1435000.0],[770000.0,1435000.0],[770000.0,1434000.0]]]},"id":"770,1434","properties":{"bld_cover":0.1554,"bld_height":1.6527349609375,"id":"435"}},{"type":"Feature","geometry":{"geodesic":false,"crs":{"type":"name","properties":{"name":"EPSG:32643"}},"type":"Polygon","coordinates":[[[771000.0,1434000.0],[772000.0,1434000.0],[772000.0,1435000.0],[771000.0,1435000.0],[771000.0,1434000.0]]]},"id":"771,1434","properties":{"bld_cover":0.3016,"bld_height":3.4513736328125,"id":"436"}},{"type":"Feature","geometry":{"geodesic":false,"crs":{"type":"name","properties":{"name":"EPSG:32643"}},"type":"Polygon","coordinates":[[[772000.0,1434000.0],[773000.0,1434000.0],[773000.0,1435000.0],[772000.0,1435000.0],[772000.0,1434000.0]]]},"id":"772,1434","properties":{"bld_cover":0.2232,"bld_height":2.7435341796875,"id":"437"}},{"type":"Feature","geometry":{"geodesic":false,"crs":{"type":"name","properties":{"name":"EPSG:32643"}},"type":"Polygon","coordinates":[[[773000.0,1434000.0],[774000.0,1434000.0],[774000.0,1435000.0],[773000.0,1435000.0],[773000.0,1434000.0]]]},"id":"773,1434","properties":{"bld_cover":0.377,"bld_height":4.502512890625,"id":"438"}},{"type":"Feature","geometry":{"geodesic":false,"crs":{"type":"name","properties":{"name":"EPSG:32643"}},"type":"Polygon","coordinates":[[[774000.0,1434000.0],[775000.0,1434000.0],[775000.0,1435000.0],[774000.0,1435000.0],[774000.0,1434000.0]]]},"id":"774,1434","properties":{"bld_cover":0.3623,"bld_height":4.7170822265625,"id":"439"}},{"type":"Feature","geometry":{"geodesic":false,"crs":{"type":"name","properties":{"name":"EPSG:32643"}},"type":"Polygon","coordinates":[[[775000.0,1434000.0],[776000.0,1434000.0],[776000.0,1435000.0],[775000.0,1435000.0],[775000.0,1434000.0]]]},"id":"775,1434","properties":{"bld_cover":0.371,"bld_height":4.4666927734375,"id":"440"}},{"type":"Feature","geometry":{"geodesic":false,"crs":{"type":"name","properties":{"name":"EPSG:32643"}},"type":"Polygon","coordinates":[[[776000.0,1434000.0],[777000.0,1434000.0],[777000.0,1435000.0],[776000.0,1435000.0],[776000.0,1434000.0]]]},"id":"776,1434","properties":{"bld_cover":0.4257,"bld_height":5.051194140625,"id":"441"}},{"type":"Feature","geometry":{"geodesic":false,"crs":{"type":"name","properties":{"name":"EPSG:32643"}},"type":"Polygon","coordinates":[[[777000.0,1434000.0],[778000.0,1434000.0],[778000.0,1435000.0],[777000.0,1435000.0],[777000.0,1434000.0]]]},"id":"777,1434","properties":{"bld_cover":0.2548,"bld_height":4.0853369140625,"id":"442"}},{"type":"Feature","geometry":{"geodesic":false,"crs":{"type":"name","properties":{"name":"EPSG:32643"}},"type":"Polygon","coordinates":[[[778000.0,1434000.0],[779000.0,1434000.0],[779000.0,1435000.0],[778000.0,1435000.0],[778000.0,1434000.0]]]},"id":"778,1434","properties":{"bld_cover":0.3444,"bld_height":3.7060849609375,"id":"443"}},{"type":"Feature","geometry":{"geodesic":false,"crs":{"type":"name","properties":{"name":"EPSG:32643"}},"type":"Polygon","coordinates":[[[779000.0,1434000.0],[780000.0,1434000.0],[780000.0,1435000.0],[779000.0,1435000.0],[779000.0,1434000.0]]]},"id":"779,1434","properties":{"bld_cover":0.3874,"bld_height":5.2308267578125,"id":"444"}},{"type":"Feature","geometry":{"geodesic":false,"crs":{"type":"name","properties":{"name":"EPSG:32643"}},"type":"Polygon","coordinates":[[[780000.0,1434000.0],[781000.0,1434000.0],[781000.0,1435000.0],[780000.0,1435000.0],[780000.0,1434000.0]]]},"id":"780,1434","properties":{"bld_cover":0.3395,"bld_height":4.87949921875,"id":"445"}},{"type":"Feature","geometry":{"geodesic":false,"crs":{"type":"name","properties":{"name":"EPSG:32643"}},"type":"Polygon","coordinates":[[[781000.0,1434000.0],[782000.0,1434000.0],[782000.0,1435000.0],[781000.0,1435000.0],[781000.0,1434000.0]]]},"id":"781,1434","properties":{"bld_cover":0.3555,"bld_height":5.3231701171875,"id":"446"}},{"type":"Feature","geometry":{"geodesic":false,"crs":{"type":"name","properties":{"name":"EPSG:32643"}},"type":"Polygon","coordinates":[[[782000.0,1434000.0],[783000.0,1434000.0],[783000.0,1435000.0],[782000.0,1435000.0],[782000.0,1434000.0]]]},"id":"782,1434","properties":{"bld_cover":0.2667,"bld_height":3.702533984375,"id":"447"}},{"type":"Feature","geometry":{"geodesic":false,"crs":{"type":"name","properties":{"name":"EPSG:32643"}},"type":"Polygon","coordinates":[[[783000.0,1434000.0],[784000.0,1434000.0],[784000.0,1435000.0],[783000.0,1435000.0],[783000.0,1434000.0]]]},"id":"783,1434","properties":{"bld_cover":0.2116,"bld_height":2.471048828125,"id":"448"}},{"type":"Feature","geometry":{"geodesic":false,"crs":{"type":"name","properties":{"name":"EPSG:32643"}},"type":"Polygon","coordinates":[[[784000.0,1434000.0],[785000.0,1434000.0],[785000.0,1435000.0],[784000.0,1435000.0],[784000.0,1434000.0]]]},"id":"784,1434","properties":{"bld_cover":0.1201,"bld_height":1.092225390625,"id":"449"}},{"type":"Feature","geometry":{"geodesic":false,"crs":{"type":"name","properties":{"name":"EPSG:32643"}},"type":"Polygon","coordinates":[[[785000.0,1434000.0],[786000.0,1434000.0],[786000.0,1435000.0],[785000.0,1435000.0],[785000.0,1434000.0]]]},"id":"785,1434","properties":{"bld_cover":0.1547,"bld_height":1.6038494140625,"id":"450"}},{"type":"Feature","geometry":{"geodesic":false,"crs":{"type":"name","properties":{"name":"EPSG:32643"}},"type":"Polygon","coordinates":[[[786000.0,1434000.0],[787000.0,1434000.0],[787000.0,1435000.0],[786000.0,1435000.0],[786000.0,1434000.0]]]},"id":"786,1434","properties":{"bld_cover":0.2977,"bld_height":4.37066015625,"id":"451"}},{"type":"Feature","geometry":{"geodesic":false,"crs":{"type":"name","properties":{"name":"EPSG:32643"}},"type":"Polygon","coordinates":[[[787000.0,1434000.0],[788000.0,1434000.0],[788000.0,1435000.0],[787000.0,1435000.0],[787000.0,1434000.0]]]},"id":"787,1434","properties":{"bld_cover":0.2424,"bld_height":4.179221875,"id":"452"}},{"type":"Feature","geometry":{"geodesic":false,"crs":{"type":"name","properties":{"name":"EPSG:32643"}},"type":"Polygon","coordinates":[[[788000.0,1434000.0],[789000.0,1434000.0],[789000.0,1435000.0],[788000.0,1435000.0],[788000.0,1434000.0]]]},"id":"788,1434","properties":{"bld_cover":0.2697,"bld_height":3.190714453125,"id":"453"}},{"type":"Feature","geometry":{"geodesic":false,"crs":{"type":"name","properties":{"name":"EPSG:32643"}},"type":"Polygon","coordinates":[[[789000.0,1434000.0],[790000.0,1434000.0],[790000.0,1435000.0],[789000.0,1435000.0],[789000.0,1434000.0]]]},"id":"789,1434","properties":{"bld_cover":0.1682,"bld_height":1.8515103515625,"id":"454"}},{"type":"Feature","geometry":{"geodesic":false,"crs":{"type":"name","properties":{"name":"EPSG:32643"}},"type":"Polygon","coordinates":[[[790000.0,1434000.0],[791000.0,1434000.0],[791000.0,1435000.0],[790000.0,1435000.0],[790000.0,1434000.0]]]},"id":"790,1434","properties":{"bld_cover":0.3379,"bld_height":3.4667431640625,"id":"455"}},{"type":"Feature","geometry":{"geodesic":false,"crs":{"type":"name","properties":{"name":"EPSG:32643"}},"type":"Polygon","coordinates":[[[791000.0,1434000.0],[792000.0,1434000.0],[792000.0,1435000.0],[791000.0,1435000.0],[791000.0,1434000.0]]]},"id":"791,1434","properties":{"bld_cover":0.1583,"bld_height":1.666642578125,"id":"456"}},{"type":"Feature","geometry":{"geodesic":false,"crs":{"type":"name","properties":{"name":"EPSG:32643"}},"type":"Polygon","coordinates":[[[792000.0,1434000.0],[793000.0,1434000.0],[793000.0,1435000.0],[792000.0,1435000.0],[792000.0,1434000.0]]]},"id":"792,1434","properties":{"bld_cover":0.1515,"bld_height":2.4067216796875,"id":"457"}},{"type":"Feature","geometry":{"geodesic":false,"crs":{"type":"name","properties":{"name":"EPSG:32643"}},"type":"Polygon","coordinates":[[[793000.0,1434000.0],[794000.0,1434000.0],[794000.0,1435000.0],[793000.0,1435000.0],[793000.0,1434000.0]]]},"id":"793,1434","properties":{"bld_cover":0.3039,"bld_height":4.4407451171875,"id":"458"}},{"type":"Feature","geometry":{"geodesic":false,"crs":{"type":"name","properties":{"name":"EPSG:32643"}},"type":"Polygon","coordinates":[[[794000.0,1434000.0],[795000.0,1434000.0],[795000.0,1435000.0],[794000.0,1435000.0],[794000.0,1434000.0]]]},"id":"794,1434","properties":{"bld_cover":0.4131,"bld_height":5.1442068359375,"id":"459"}},{"type":"Feature","geometry":{"geodesic":false,"crs":{"type":"name","properties":{"name":"EPSG:32643"}},"type":"Polygon","coordinates":[[[795000.0,1434000.0],[796000.0,1434000.0],[796000.0,1435000.0],[795000.0,1435000.0],[795000.0,1434000.0]]]},"id":"795,1434","properties":{"bld_cover":0.265,"bld_height":3.9657984375,"id":"460"}},{"type":"Feature","geometry":{"geodesic":false,"crs":{"type":"name","properties":{"name":"EPSG:32643"}},"type":"Polygon","coordinates":[[[796000.0,1434000.0],[797000.0,1434000.0],[797000.0,1435000.0],[796000.0,1435000.0],[796000.0,1434000.0]]]},"id":"796,1434","properties":{"bld_cover":0.166,"bld_height":2.10816015625,"id":"461"}},{"type":"Feature","geometry":{"geodesic":false,"crs":{"type":"name","properties":{"name":"EPSG:32643"}},"type":"Polygon","coordinates":[[[797000.0,1434000.0],[798000.0,1434000.0],[798000.0,1435000.0],[797000.0,1435000.0],[797000.0,1434000.0]]]},"id":"797,1434","properties":{"bld_cover":0.2564,"bld_height":3.207635546875,"id":"462"}},{"type":"Feature","geometry":{"geodesic":false,"crs":{"type":"name","properties":{"name":"EPSG:32643"}},"type":"Polygon","coordinates":[[[798000.0,1434000.0],[799000.0,1434000.0],[799000.0,1435000.0],[798000.0,1435000.0],[798000.0,1434000.0]]]},"id":"798,1434","properties":{"bld_cover":0.0965,"bld_height":2.794234765625,"id":"463"}},{"type":"Feature","geometry":{"geodesic":false,"crs":{"type":"name","properties":{"name":"EPSG:32643"}},"type":"Polygon","coordinates":[[[765000.0,1435000.0],[766000.0,1435000.0],[766000.0,1436000.0],[765000.0,1436000.0],[765000.0,1435000.0]]]},"id":"765,1435","properties":{"bld_cover":0.0094,"bld_height":0.59815703125,"id":"464"}},{"type":"Feature","geometry":{"geodesic":false,"crs":{"type":"name","properties":{"name":"EPSG:32643"}},"type":"Polygon","coordinates":[[[766000.0,1435000.0],[767000.0,1435000.0],[767000.0,1436000.0],[766000.0,1436000.0],[766000.0,1435000.0]]]},"id":"766,1435","properties":{"bld_cover":0.0205,"bld_height":0.1600625,"id":"465"}},{"type":"Feature","geometry":{"geodesic":false,"crs":{"type":"name","properties":{"name":"EPSG:32643"}},"type":"Polygon","coordinates":[[[767000.0,1435000.0],[768000.0,1435000.0],[768000.0,1436000.0],[767000.0,1436000.0],[767000.0,1435000.0]]]},"id":"767,1435","properties":{"bld_cover":0.0631,"bld_height":0.489485546875,"id":"466"}},{"type":"Feature","geometry":{"geodesic":false,"crs":{"type":"name","properties":{"name":"EPSG:32643"}},"type":"Polygon","coordinates":[[[768000.0,1435000.0],[769000.0,1435000.0],[769000.0,1436000.0],[768000.0,1436000.0],[768000.0,1435000.0]]]},"id":"768,1435","properties":{"bld_cover":0.1047,"bld_height":1.0178431640625,"id":"467"}},{"type":"Feature","geometry":{"geodesic":false,"crs":{"type":"name","properties":{"name":"EPSG:32643"}},"type":"Polygon","coordinates":[[[769000.0,1435000.0],[770000.0,1435000.0],[770000.0,1436000.0],[769000.0,1436000.0],[769000.0,1435000.0]]]},"id":"769,1435","properties":{"bld_cover":0.1157,"bld_height":1.29253828125,"id":"468"}},{"type":"Feature","geometry":{"geodesic":false,"crs":{"type":"name","properties":{"name":"EPSG:32643"}},"type":"Polygon","coordinates":[[[770000.0,1435000.0],[771000.0,1435000.0],[771000.0,1436000.0],[770000.0,1436000.0],[770000.0,1435000.0]]]},"id":"770,1435","properties":{"bld_cover":0.2215,"bld_height":2.599510546875,"id":"469"}},{"type":"Feature","geometry":{"geodesic":false,"crs":{"type":"name","properties":{"name":"EPSG:32643"}},"type":"Polygon","coordinates":[[[771000.0,1435000.0],[772000.0,1435000.0],[772000.0,1436000.0],[771000.0,1436000.0],[771000.0,1435000.0]]]},"id":"771,1435","properties":{"bld_cover":0.306,"bld_height":3.5261791015625,"id":"470"}},{"type":"Feature","geometry":{"geodesic":false,"crs":{"type":"name","properties":{"name":"EPSG:32643"}},"type":"Polygon","coordinates":[[[772000.0,1435000.0],[773000.0,1435000.0],[773000.0,1436000.0],[772000.0,1436000.0],[772000.0,1435000.0]]]},"id":"772,1435","properties":{"bld_cover":0.3277,"bld_height":3.7046943359375,"id":"471"}},{"type":"Feature","geometry":{"geodesic":false,"crs":{"type":"name","properties":{"name":"EPSG:32643"}},"type":"Polygon","coordinates":[[[773000.0,1435000.0],[774000.0,1435000.0],[774000.0,1436000.0],[773000.0,1436000.0],[773000.0,1435000.0]]]},"id":"773,1435","properties":{"bld_cover":0.4039,"bld_height":4.25248671875,"id":"472"}},{"type":"Feature","geometry":{"geodesic":false,"crs":{"type":"name","properties":{"name":"EPSG:32643"}},"type":"Polygon","coordinates":[[[774000.0,1435000.0],[775000.0,1435000.0],[775000.0,1436000.0],[774000.0,1436000.0],[774000.0,1435000.0]]]},"id":"774,1435","properties":{"bld_cover":0.4741,"bld_height":4.7975775390625,"id":"473"}},{"type":"Feature","geometry":{"geodesic":false,"crs":{"type":"name","properties":{"name":"EPSG:32643"}},"type":"Polygon","coordinates":[[[775000.0,1435000.0],[776000.0,1435000.0],[776000.0,1436000.0],[775000.0,1436000.0],[775000.0,1435000.0]]]},"id":"775,1435","properties":{"bld_cover":0.3791,"bld_height":3.9726046875,"id":"474"}},{"type":"Feature","geometry":{"geodesic":false,"crs":{"type":"name","properties":{"name":"EPSG:32643"}},"type":"Polygon","coordinates":[[[776000.0,1435000.0],[777000.0,1435000.0],[777000.0,1436000.0],[776000.0,1436000.0],[776000.0,1435000.0]]]},"id":"776,1435","properties":{"bld_cover":0.4187,"bld_height":4.478724609375,"id":"475"}},{"type":"Feature","geometry":{"geodesic":false,"crs":{"type":"name","properties":{"name":"EPSG:32643"}},"type":"Polygon","coordinates":[[[777000.0,1435000.0],[778000.0,1435000.0],[778000.0,1436000.0],[777000.0,1436000.0],[777000.0,1435000.0]]]},"id":"777,1435","properties":{"bld_cover":0.4994,"bld_height":4.9414779296875,"id":"476"}},{"type":"Feature","geometry":{"geodesic":false,"crs":{"type":"name","properties":{"name":"EPSG:32643"}},"type":"Polygon","coordinates":[[[778000.0,1435000.0],[779000.0,1435000.0],[779000.0,1436000.0],[778000.0,1436000.0],[778000.0,1435000.0]]]},"id":"778,1435","properties":{"bld_cover":0.2717,"bld_height":3.662696875,"id":"477"}},{"type":"Feature","geometry":{"geodesic":false,"crs":{"type":"name","properties":{"name":"EPSG:32643"}},"type":"Polygon","coordinates":[[[779000.0,1435000.0],[780000.0,1435000.0],[780000.0,1436000.0],[779000.0,1436000.0],[779000.0,1435000.0]]]},"id":"779,1435","properties":{"bld_cover":0.4349,"bld_height":6.4913439453125,"id":"478"}},{"type":"Feature","geometry":{"geodesic":false,"crs":{"type":"name","properties":{"name":"EPSG:32643"}},"type":"Polygon","coordinates":[[[780000.0,1435000.0],[781000.0,1435000.0],[781000.0,1436000.0],[780000.0,1436000.0],[780000.0,1435000.0]]]},"id":"780,1435","properties":{"bld_cover":0.2207,"bld_height":3.4326638671875,"id":"479"}},{"type":"Feature","geometry":{"geodesic":false,"crs":{"type":"name","properties":{"name":"EPSG:32643"}},"type":"Polygon","coordinates":[[[781000.0,1435000.0],[782000.0,1435000.0],[782000.0,1436000.0],[781000.0,1436000.0],[781000.0,1435000.0]]]},"id":"781,1435","properties":{"bld_cover":0.1626,"bld_height":3.2220640625,"id":"480"}},{"type":"Feature","geometry":{"geodesic":false,"crs":{"type":"name","properties":{"name":"EPSG:32643"}},"type":"Polygon","coordinates":[[[782000.0,1435000.0],[783000.0,1435000.0],[783000.0,1436000.0],[782000.0,1436000.0],[782000.0,1435000.0]]]},"id":"782,1435","properties":{"bld_cover":0.2528,"bld_height":4.1062236328125,"id":"481"}},{"type":"Feature","geometry":{"geodesic":false,"crs":{"type":"name","properties":{"name":"EPSG:32643"}},"type":"Polygon","coordinates":[[[783000.0,1435000.0],[784000.0,1435000.0],[784000.0,1436000.0],[783000.0,1436000.0],[783000.0,1435000.0]]]},"id":"783,1435","properties":{"bld_cover":0.2363,"bld_height":4.18211796875,"id":"482"}},{"type":"Feature","geometry":{"geodesic":false,"crs":{"type":"name","properties":{"name":"EPSG:32643"}},"type":"Polygon","coordinates":[[[784000.0,1435000.0],[785000.0,1435000.0],[785000.0,1436000.0],[784000.0,1436000.0],[784000.0,1435000.0]]]},"id":"784,1435","properties":{"bld_cover":0.2201,"bld_height":3.304447265625,"id":"483"}},{"type":"Feature","geometry":{"geodesic":false,"crs":{"type":"name","properties":{"name":"EPSG:32643"}},"type":"Polygon","coordinates":[[[785000.0,1435000.0],[786000.0,1435000.0],[786000.0,1436000.0],[785000.0,1436000.0],[785000.0,1435000.0]]]},"id":"785,1435","properties":{"bld_cover":0.3216,"bld_height":4.109965234375,"id":"484"}},{"type":"Feature","geometry":{"geodesic":false,"crs":{"type":"name","properties":{"name":"EPSG:32643"}},"type":"Polygon","coordinates":[[[786000.0,1435000.0],[787000.0,1435000.0],[787000.0,1436000.0],[786000.0,1436000.0],[786000.0,1435000.0]]]},"id":"786,1435","properties":{"bld_cover":0.3398,"bld_height":3.571719140625,"id":"485"}},{"type":"Feature","geometry":{"geodesic":false,"crs":{"type":"name","properties":{"name":"EPSG:32643"}},"type":"Polygon","coordinates":[[[787000.0,1435000.0],[788000.0,1435000.0],[788000.0,1436000.0],[787000.0,1436000.0],[787000.0,1435000.0]]]},"id":"787,1435","properties":{"bld_cover":0.3376,"bld_height":4.1600669921875,"id":"486"}},{"type":"Feature","geometry":{"geodesic":false,"crs":{"type":"name","properties":{"name":"EPSG:32643"}},"type":"Polygon","coordinates":[[[788000.0,1435000.0],[789000.0,1435000.0],[789000.0,1436000.0],[788000.0,1436000.0],[788000.0,1435000.0]]]},"id":"788,1435","properties":{"bld_cover":0.2397,"bld_height":3.5919318359375,"id":"487"}},{"type":"Feature","geometry":{"geodesic":false,"crs":{"type":"name","properties":{"name":"EPSG:32643"}},"type":"Polygon","coordinates":[[[789000.0,1435000.0],[790000.0,1435000.0],[790000.0,1436000.0],[789000.0,1436000.0],[789000.0,1435000.0]]]},"id":"789,1435","properties":{"bld_cover":0.2865,"bld_height":3.6949259765625,"id":"488"}},{"type":"Feature","geometry":{"geodesic":false,"crs":{"type":"name","properties":{"name":"EPSG:32643"}},"type":"Polygon","coordinates":[[[790000.0,1435000.0],[791000.0,1435000.0],[791000.0,1436000.0],[790000.0,1436000.0],[790000.0,1435000.0]]]},"id":"790,1435","properties":{"bld_cover":0.284,"bld_height":3.4623978515625,"id":"489"}},{"type":"Feature","geometry":{"geodesic":false,"crs":{"type":"name","properties":{"name":"EPSG:32643"}},"type":"Polygon","coordinates":[[[791000.0,1435000.0],[792000.0,1435000.0],[792000.0,1436000.0],[791000.0,1436000.0],[791000.0,1435000.0]]]},"id":"791,1435","properties":{"bld_cover":0.2418,"bld_height":2.878546484375,"id":"490"}},{"type":"Feature","geometry":{"geodesic":false,"crs":{"type":"name","properties":{"name":"EPSG:32643"}},"type":"Polygon","coordinates":[[[792000.0,1435000.0],[793000.0,1435000.0],[793000.0,1436000.0],[792000.0,1436000.0],[792000.0,1435000.0]]]},"id":"792,1435","properties":{"bld_cover":0.2776,"bld_height":3.2389595703125,"id":"491"}},{"type":"Feature","geometry":{"geodesic":false,"crs":{"type":"name","properties":{"name":"EPSG:32643"}},"type":"Polygon","coordinates":[[[793000.0,1435000.0],[794000.0,1435000.0],[794000.0,1436000.0],[793000.0,1436000.0],[793000.0,1435000.0]]]},"id":"793,1435","properties":{"bld_cover":0.265,"bld_height":4.7296240234375,"id":"492"}},{"type":"Feature","geometry":{"geodesic":false,"crs":{"type":"name","properties":{"name":"EPSG:32643"}},"type":"Polygon","coordinates":[[[794000.0,1435000.0],[795000.0,1435000.0],[795000.0,1436000.0],[794000.0,1436000.0],[794000.0,1435000.0]]]},"id":"794,1435","properties":{"bld_cover":0.3003,"bld_height":6.6036677734375,"id":"493"}},{"type":"Feature","geometry":{"geodesic":false,"crs":{"type":"name","properties":{"name":"EPSG:32643"}},"type":"Polygon","coordinates":[[[795000.0,1435000.0],[796000.0,1435000.0],[796000.0,1436000.0],[795000.0,1436000.0],[795000.0,1435000.0]]]},"id":"795,1435","properties":{"bld_cover":0.1767,"bld_height":3.518481640625,"id":"494"}},{"type":"Feature","geometry":{"geodesic":false,"crs":{"type":"name","properties":{"name":"EPSG:32643"}},"type":"Polygon","coordinates":[[[796000.0,1435000.0],[797000.0,1435000.0],[797000.0,1436000.0],[796000.0,1436000.0],[796000.0,1435000.0]]]},"id":"796,1435","properties":{"bld_cover":0.1894,"bld_height":2.9496525390625,"id":"495"}},{"type":"Feature","geometry":{"geodesic":false,"crs":{"type":"name","properties":{"name":"EPSG:32643"}},"type":"Polygon","coordinates":[[[797000.0,1435000.0],[798000.0,1435000.0],[798000.0,1436000.0],[797000.0,1436000.0],[797000.0,1435000.0]]]},"id":"797,1435","properties":{"bld_cover":0.2029,"bld_height":3.514963671875,"id":"496"}},{"type":"Feature","geometry":{"geodesic":false,"crs":{"type":"name","properties":{"name":"EPSG:32643"}},"type":"Polygon","coordinates":[[[798000.0,1435000.0],[799000.0,1435000.0],[799000.0,1436000.0],[798000.0,1436000.0],[798000.0,1435000.0]]]},"id":"798,1435","properties":{"bld_cover":0.0725,"bld_height":3.602669921875,"id":"497"}},{"type":"Feature","geometry":{"geodesic":false,"crs":{"type":"name","properties":{"name":"EPSG:32643"}},"type":"Polygon","coordinates":[[[765000.0,1436000.0],[766000.0,1436000.0],[766000.0,1437000.0],[765000.0,1437000.0],[765000.0,1436000.0]]]},"id":"765,1436","properties":{"bld_cover":0.0369,"bld_height":1.374178125,"id":"498"}},{"type":"Feature","geometry":{"geodesic":false,"crs":{"type":"name","properties":{"name":"EPSG:32643"}},"type":"Polygon","coordinates":[[[766000.0,1436000.0],[767000.0,1436000.0],[767000.0,1437000.0],[766000.0,1437000.0],[766000.0,1436000.0]]]},"id":"766,1436","properties":{"bld_cover":0.1413,"bld_height":1.1300337890625,"id":"499"}},{"type":"Feature","geometry":{"geodesic":false,"crs":{"type":"name","properties":{"name":"EPSG:32643"}},"type":"Polygon","coordinates":[[[767000.0,1436000.0],[768000.0,1436000.0],[768000.0,1437000.0],[767000.0,1437000.0],[767000.0,1436000.0]]]},"id":"767,1436","properties":{"bld_cover":0.1826,"bld_height":1.43264140625,"id":"500"}},{"type":"Feature","geometry":{"geodesic":false,"crs":{"type":"name","properties":{"name":"EPSG:32643"}},"type":"Polygon","coordinates":[[[768000.0,1436000.0],[769000.0,1436000.0],[769000.0,1437000.0],[768000.0,1437000.0],[768000.0,1436000.0]]]},"id":"768,1436","properties":{"bld_cover":0.2126,"bld_height":2.1243166015625,"id":"501"}},{"type":"Feature","geometry":{"geodesic":false,"crs":{"type":"name","properties":{"name":"EPSG:32643"}},"type":"Polygon","coordinates":[[[769000.0,1436000.0],[770000.0,1436000.0],[770000.0,1437000.0],[769000.0,1437000.0],[769000.0,1436000.0]]]},"id":"769,1436","properties":{"bld_cover":0.2536,"bld_height":2.493748828125,"id":"502"}},{"type":"Feature","geometry":{"geodesic":false,"crs":{"type":"name","properties":{"name":"EPSG:32643"}},"type":"Polygon","coordinates":[[[770000.0,1436000.0],[771000.0,1436000.0],[771000.0,1437000.0],[770000.0,1437000.0],[770000.0,1436000.0]]]},"id":"770,1436","properties":{"bld_cover":0.068,"bld_height":0.6909412109375,"id":"503"}},{"type":"Feature","geometry":{"geodesic":false,"crs":{"type":"name","properties":{"name":"EPSG:32643"}},"type":"Polygon","coordinates":[[[771000.0,1436000.0],[772000.0,1436000.0],[772000.0,1437000.0],[771000.0,1437000.0],[771000.0,1436000.0]]]},"id":"771,1436","properties":{"bld_cover":0.269,"bld_height":2.9200248046875,"id":"504"}},{"type":"Feature","geometry":{"geodesic":false,"crs":{"type":"name","properties":{"name":"EPSG:32643"}},"type":"Polygon","coordinates":[[[772000.0,1436000.0],[773000.0,1436000.0],[773000.0,1437000.0],[772000.0,1437000.0],[772000.0,1436000.0]]]},"id":"772,1436","properties":{"bld_cover":0.3321,"bld_height":3.14672890625,"id":"505"}},{"type":"Feature","geometry":{"geodesic":false,"crs":{"type":"name","properties":{"name":"EPSG:32643"}},"type":"Polygon","coordinates":[[[773000.0,1436000.0],[774000.0,1436000.0],[774000.0,1437000.0],[773000.0,1437000.0],[773000.0,1436000.0]]]},"id":"773,1436","properties":{"bld_cover":0.2631,"bld_height":3.0364009765625,"id":"506"}},{"type":"Feature","geometry":{"geodesic":false,"crs":{"type":"name","properties":{"name":"EPSG:32643"}},"type":"Polygon","coordinates":[[[774000.0,1436000.0],[775000.0,1436000.0],[775000.0,1437000.0],[774000.0,1437000.0],[774000.0,1436000.0]]]},"id":"774,1436","properties":{"bld_cover":0.4899,"bld_height":4.4498607421875,"id":"507"}},{"type":"Feature","geometry":{"geodesic":false,"crs":{"type":"name","properties":{"name":"EPSG:32643"}},"type":"Polygon","coordinates":[[[775000.0,1436000.0],[776000.0,1436000.0],[776000.0,1437000.0],[775000.0,1437000.0],[775000.0,1436000.0]]]},"id":"775,1436","properties":{"bld_cover":0.421,"bld_height":4.2802818359375,"id":"508"}},{"type":"Feature","geometry":{"geodesic":false,"crs":{"type":"name","properties":{"name":"EPSG:32643"}},"type":"Polygon","coordinates":[[[776000.0,1436000.0],[777000.0,1436000.0],[777000.0,1437000.0],[776000.0,1437000.0],[776000.0,1436000.0]]]},"id":"776,1436","properties":{"bld_cover":0.4375,"bld_height":4.1157767578125,"id":"509"}},{"type":"Feature","geometry":{"geodesic":false,"crs":{"type":"name","properties":{"name":"EPSG:32643"}},"type":"Polygon","coordinates":[[[777000.0,1436000.0],[778000.0,1436000.0],[778000.0,1437000.0],[777000.0,1437000.0],[777000.0,1436000.0]]]},"id":"777,1436","properties":{"bld_cover":0.4244,"bld_height":4.404365234375,"id":"510"}},{"type":"Feature","geometry":{"geodesic":false,"crs":{"type":"name","properties":{"name":"EPSG:32643"}},"type":"Polygon","coordinates":[[[778000.0,1436000.0],[779000.0,1436000.0],[779000.0,1437000.0],[778000.0,1437000.0],[778000.0,1436000.0]]]},"id":"778,1436","properties":{"bld_cover":0.2769,"bld_height":3.0830865234375,"id":"511"}},{"type":"Feature","geometry":{"geodesic":false,"crs":{"type":"name","properties":{"name":"EPSG:32643"}},"type":"Polygon","coordinates":[[[779000.0,1436000.0],[780000.0,1436000.0],[780000.0,1437000.0],[779000.0,1437000.0],[779000.0,1436000.0]]]},"id":"779,1436","properties":{"bld_cover":0.2916,"bld_height":3.5031544921875,"id":"512"}},{"type":"Feature","geometry":{"geodesic":false,"crs":{"type":"name","properties":{"name":"EPSG:32643"}},"type":"Polygon","coordinates":[[[780000.0,1436000.0],[781000.0,1436000.0],[781000.0,1437000.0],[780000.0,1437000.0],[780000.0,1436000.0]]]},"id":"780,1436","properties":{"bld_cover":0.1518,"bld_height":2.60927890625,"id":"513"}},{"type":"Feature","geometry":{"geodesic":false,"crs":{"type":"name","properties":{"name":"EPSG:32643"}},"type":"Polygon","coordinates":[[[781000.0,1436000.0],[782000.0,1436000.0],[782000.0,1437000.0],[781000.0,1437000.0],[781000.0,1436000.0]]]},"id":"781,1436","properties":{"bld_cover":0.1472,"bld_height":2.6125587890625,"id":"514"}},{"type":"Feature","geometry":{"geodesic":false,"crs":{"type":"name","properties":{"name":"EPSG:32643"}},"type":"Polygon","coordinates":[[[782000.0,1436000.0],[783000.0,1436000.0],[783000.0,1437000.0],[782000.0,1437000.0],[782000.0,1436000.0]]]},"id":"782,1436","properties":{"bld_cover":0.2411,"bld_height":3.759507421875,"id":"515"}},{"type":"Feature","geometry":{"geodesic":false,"crs":{"type":"name","properties":{"name":"EPSG:32643"}},"type":"Polygon","coordinates":[[[783000.0,1436000.0],[784000.0,1436000.0],[784000.0,1437000.0],[783000.0,1437000.0],[783000.0,1436000.0]]]},"id":"783,1436","properties":{"bld_cover":0.2128,"bld_height":2.4566107421875,"id":"516"}},{"type":"Feature","geometry":{"geodesic":false,"crs":{"type":"name","properties":{"name":"EPSG:32643"}},"type":"Polygon","coordinates":[[[784000.0,1436000.0],[785000.0,1436000.0],[785000.0,1437000.0],[784000.0,1437000.0],[784000.0,1436000.0]]]},"id":"784,1436","properties":{"bld_cover":0.1697,"bld_height":2.238820703125,"id":"517"}},{"type":"Feature","geometry":{"geodesic":false,"crs":{"type":"name","properties":{"name":"EPSG:32643"}},"type":"Polygon","coordinates":[[[785000.0,1436000.0],[786000.0,1436000.0],[786000.0,1437000.0],[785000.0,1437000.0],[785000.0,1436000.0]]]},"id":"785,1436","properties":{"bld_cover":0.1824,"bld_height":2.080205078125,"id":"518"}},{"type":"Feature","geometry":{"geodesic":false,"crs":{"type":"name","properties":{"name":"EPSG:32643"}},"type":"Polygon","coordinates":[[[786000.0,1436000.0],[787000.0,1436000.0],[787000.0,1437000.0],[786000.0,1437000.0],[786000.0,1436000.0]]]},"id":"786,1436","properties":{"bld_cover":0.2486,"bld_height":2.665435546875,"id":"519"}},{"type":"Feature","geometry":{"geodesic":false,"crs":{"type":"name","properties":{"name":"EPSG:32643"}},"type":"Polygon","coordinates":[[[787000.0,1436000.0],[788000.0,1436000.0],[788000.0,1437000.0],[787000.0,1437000.0],[787000.0,1436000.0]]]},"id":"787,1436","properties":{"bld_cover":0.1988,"bld_height":1.97865859375,"id":"520"}},{"type":"Feature","geometry":{"geodesic":false,"crs":{"type":"name","properties":{"name":"EPSG:32643"}},"type":"Polygon","coordinates":[[[788000.0,1436000.0],[789000.0,1436000.0],[789000.0,1437000.0],[788000.0,1437000.0],[788000.0,1436000.0]]]},"id":"788,1436","properties":{"bld_cover":0.1798,"bld_height":2.9688484375,"id":"521"}},{"type":"Feature","geometry":{"geodesic":false,"crs":{"type":"name","properties":{"name":"EPSG:32643"}},"type":"Polygon","coordinates":[[[789000.0,1436000.0],[790000.0,1436000.0],[790000.0,1437000.0],[789000.0,1437000.0],[789000.0,1436000.0]]]},"id":"789,1436","properties":{"bld_cover":0.2313,"bld_height":3.2425400390625,"id":"522"}},{"type":"Feature","geometry":{"geodesic":false,"crs":{"type":"name","properties":{"name":"EPSG:32643"}},"type":"Polygon","coordinates":[[[790000.0,1436000.0],[791000.0,1436000.0],[791000.0,1437000.0],[790000.0,1437000.0],[790000.0,1436000.0]]]},"id":"790,1436","properties":{"bld_cover":0.3826,"bld_height":5.12901484375,"id":"523"}},{"type":"Feature","geometry":{"geodesic":false,"crs":{"type":"name","properties":{"name":"EPSG:32643"}},"type":"Polygon","coordinates":[[[791000.0,1436000.0],[792000.0,1436000.0],[792000.0,1437000.0],[791000.0,1437000.0],[791000.0,1436000.0]]]},"id":"791,1436","properties":{"bld_cover":0.1428,"bld_height":2.579419921875,"id":"524"}},{"type":"Feature","geometry":{"geodesic":false,"crs":{"type":"name","properties":{"name":"EPSG:32643"}},"type":"Polygon","coordinates":[[[792000.0,1436000.0],[793000.0,1436000.0],[793000.0,1437000.0],[792000.0,1437000.0],[792000.0,1436000.0]]]},"id":"792,1436","properties":{"bld_cover":0.195,"bld_height":7.2168138671875,"id":"525"}},{"type":"Feature","geometry":{"geodesic":false,"crs":{"type":"name","properties":{"name":"EPSG:32643"}},"type":"Polygon","coordinates":[[[793000.0,1436000.0],[794000.0,1436000.0],[794000.0,1437000.0],[793000.0,1437000.0],[793000.0,1436000.0]]]},"id":"793,1436","properties":{"bld_cover":0.204,"bld_height":2.485629296875,"id":"526"}},{"type":"Feature","geometry":{"geodesic":false,"crs":{"type":"name","properties":{"name":"EPSG:32643"}},"type":"Polygon","coordinates":[[[794000.0,1436000.0],[795000.0,1436000.0],[795000.0,1437000.0],[794000.0,1437000.0],[794000.0,1436000.0]]]},"id":"794,1436","properties":{"bld_cover":0.2015,"bld_height":3.679606640625,"id":"527"}},{"type":"Feature","geometry":{"geodesic":false,"crs":{"type":"name","properties":{"name":"EPSG:32643"}},"type":"Polygon","coordinates":[[[795000.0,1436000.0],[796000.0,1436000.0],[796000.0,1437000.0],[795000.0,1437000.0],[795000.0,1436000.0]]]},"id":"795,1436","properties":{"bld_cover":0.2565,"bld_height":5.1843373046875,"id":"528"}},{"type":"Feature","geometry":{"geodesic":false,"crs":{"type":"name","properties":{"name":"EPSG:32643"}},"type":"Polygon","coordinates":[[[796000.0,1436000.0],[797000.0,1436000.0],[797000.0,1437000.0],[796000.0,1437000.0],[796000.0,1436000.0]]]},"id":"796,1436","properties":{"bld_cover":0.2341,"bld_height":4.096186328125,"id":"529"}},{"type":"Feature","geometry":{"geodesic":false,"crs":{"type":"name","properties":{"name":"EPSG:32643"}},"type":"Polygon","coordinates":[[[797000.0,1436000.0],[798000.0,1436000.0],[798000.0,1437000.0],[797000.0,1437000.0],[797000.0,1436000.0]]]},"id":"797,1436","properties":{"bld_cover":0.1858,"bld_height":3.3201330078125,"id":"530"}},{"type":"Feature","geometry":{"geodesic":false,"crs":{"type":"name","properties":{"name":"EPSG:32643"}},"type":"Polygon","coordinates":[[[798000.0,1436000.0],[799000.0,1436000.0],[799000.0,1437000.0],[798000.0,1437000.0],[798000.0,1436000.0]]]},"id":"798,1436","properties":{"bld_cover":0.0805,"bld_height":4.059376171875,"id":"531"}},{"type":"Feature","geometry":{"geodesic":false,"crs":{"type":"name","properties":{"name":"EPSG:32643"}},"type":"Polygon","coordinates":[[[765000.0,1437000.0],[766000.0,1437000.0],[766000.0,1438000.0],[765000.0,1438000.0],[765000.0,1437000.0]]]},"id":"765,1437","properties":{"bld_cover":0.0821,"bld_height":1.3810287109375,"id":"532"}},{"type":"Feature","geometry":{"geodesic":false,"crs":{"type":"name","properties":{"name":"EPSG:32643"}},"type":"Polygon","coordinates":[[[766000.0,1437000.0],[767000.0,1437000.0],[767000.0,1438000.0],[766000.0,1438000.0],[766000.0,1437000.0]]]},"id":"766,1437","properties":{"bld_cover":0.1958,"bld_height":1.6005068359375,"id":"533"}},{"type":"Feature","geometry":{"geodesic":false,"crs":{"type":"name","properties":{"name":"EPSG:32643"}},"type":"Polygon","coordinates":[[[767000.0,1437000.0],[768000.0,1437000.0],[768000.0,1438000.0],[767000.0,1438000.0],[767000.0,1437000.0]]]},"id":"767,1437","properties":{"bld_cover":0.2417,"bld_height":2.0516302734375,"id":"534"}},{"type":"Feature","geometry":{"geodesic":false,"crs":{"type":"name","properties":{"name":"EPSG:32643"}},"type":"Polygon","coordinates":[[[768000.0,1437000.0],[769000.0,1437000.0],[769000.0,1438000.0],[768000.0,1438000.0],[768000.0,1437000.0]]]},"id":"768,1437","properties":{"bld_cover":0.2106,"bld_height":2.0394302734375,"id":"535"}},{"type":"Feature","geometry":{"geodesic":false,"crs":{"type":"name","properties":{"name":"EPSG:32643"}},"type":"Polygon","coordinates":[[[769000.0,1437000.0],[770000.0,1437000.0],[770000.0,1438000.0],[769000.0,1438000.0],[769000.0,1437000.0]]]},"id":"769,1437","properties":{"bld_cover":0.2695,"bld_height":2.4945236328125,"id":"536"}},{"type":"Feature","geometry":{"geodesic":false,"crs":{"type":"name","properties":{"name":"EPSG:32643"}},"type":"Polygon","coordinates":[[[770000.0,1437000.0],[771000.0,1437000.0],[771000.0,1438000.0],[770000.0,1438000.0],[770000.0,1437000.0]]]},"id":"770,1437","properties":{"bld_cover":0.2472,"bld_height":2.50205,"id":"537"}},{"type":"Feature","geometry":{"geodesic":false,"crs":{"type":"name","properties":{"name":"EPSG:32643"}},"type":"Polygon","coordinates":[[[771000.0,1437000.0],[772000.0,1437000.0],[772000.0,1438000.0],[771000.0,1438000.0],[771000.0,1437000.0]]]},"id":"771,1437","properties":{"bld_cover":0.3924,"bld_height":3.7886349609375,"id":"538"}},{"type":"Feature","geometry":{"geodesic":false,"crs":{"type":"name","properties":{"name":"EPSG:32643"}},"type":"Polygon","coordinates":[[[772000.0,1437000.0],[773000.0,1437000.0],[773000.0,1438000.0],[772000.0,1438000.0],[772000.0,1437000.0]]]},"id":"772,1437","properties":{"bld_cover":0.2895,"bld_height":2.245768359375,"id":"539"}},{"type":"Feature","geometry":{"geodesic":false,"crs":{"type":"name","properties":{"name":"EPSG:32643"}},"type":"Polygon","coordinates":[[[773000.0,1437000.0],[774000.0,1437000.0],[774000.0,1438000.0],[773000.0,1438000.0],[773000.0,1437000.0]]]},"id":"773,1437","properties":{"bld_cover":0.287,"bld_height":2.5477759765625,"id":"540"}},{"type":"Feature","geometry":{"geodesic":false,"crs":{"type":"name","properties":{"name":"EPSG:32643"}},"type":"Polygon","coordinates":[[[774000.0,1437000.0],[775000.0,1437000.0],[775000.0,1438000.0],[774000.0,1438000.0],[774000.0,1437000.0]]]},"id":"774,1437","properties":{"bld_cover":0.4955,"bld_height":4.5721529296875,"id":"541"}},{"type":"Feature","geometry":{"geodesic":false,"crs":{"type":"name","properties":{"name":"EPSG:32643"}},"type":"Polygon","coordinates":[[[775000.0,1437000.0],[776000.0,1437000.0],[776000.0,1438000.0],[775000.0,1438000.0],[775000.0,1437000.0]]]},"id":"775,1437","properties":{"bld_cover":0.4485,"bld_height":4.29541328125,"id":"542"}},{"type":"Feature","geometry":{"geodesic":false,"crs":{"type":"name","properties":{"name":"EPSG:32643"}},"type":"Polygon","coordinates":[[[776000.0,1437000.0],[777000.0,1437000.0],[777000.0,1438000.0],[776000.0,1438000.0],[776000.0,1437000.0]]]},"id":"776,1437","properties":{"bld_cover":0.4268,"bld_height":4.1738609375,"id":"543"}},{"type":"Feature","geometry":{"geodesic":false,"crs":{"type":"name","properties":{"name":"EPSG:32643"}},"type":"Polygon","coordinates":[[[777000.0,1437000.0],[778000.0,1437000.0],[778000.0,1438000.0],[777000.0,1438000.0],[777000.0,1437000.0]]]},"id":"777,1437","properties":{"bld_cover":0.4818,"bld_height":4.8878111328125,"id":"544"}},{"type":"Feature","geometry":{"geodesic":false,"crs":{"type":"name","properties":{"name":"EPSG:32643"}},"type":"Polygon","coordinates":[[[778000.0,1437000.0],[779000.0,1437000.0],[779000.0,1438000.0],[778000.0,1438000.0],[778000.0,1437000.0]]]},"id":"778,1437","properties":{"bld_cover":0.4531,"bld_height":5.461034765625,"id":"545"}},{"type":"Feature","geometry":{"geodesic":false,"crs":{"type":"name","properties":{"name":"EPSG:32643"}},"type":"Polygon","coordinates":[[[779000.0,1437000.0],[780000.0,1437000.0],[780000.0,1438000.0],[779000.0,1438000.0],[779000.0,1437000.0]]]},"id":"779,1437","properties":{"bld_cover":0.3591,"bld_height":4.0425701171875,"id":"546"}},{"type":"Feature","geometry":{"geodesic":false,"crs":{"type":"name","properties":{"name":"EPSG:32643"}},"type":"Polygon","coordinates":[[[780000.0,1437000.0],[781000.0,1437000.0],[781000.0,1438000.0],[780000.0,1438000.0],[780000.0,1437000.0]]]},"id":"780,1437","properties":{"bld_cover":0.169,"bld_height":2.7512822265625,"id":"547"}},{"type":"Feature","geometry":{"geodesic":false,"crs":{"type":"name","properties":{"name":"EPSG:32643"}},"type":"Polygon","coordinates":[[[781000.0,1437000.0],[782000.0,1437000.0],[782000.0,1438000.0],[781000.0,1438000.0],[781000.0,1437000.0]]]},"id":"781,1437","properties":{"bld_cover":0.2755,"bld_height":4.037073828125,"id":"548"}},{"type":"Feature","geometry":{"geodesic":false,"crs":{"type":"name","properties":{"name":"EPSG:32643"}},"type":"Polygon","coordinates":[[[782000.0,1437000.0],[783000.0,1437000.0],[783000.0,1438000.0],[782000.0,1438000.0],[782000.0,1437000.0]]]},"id":"782,1437","properties":{"bld_cover":0.3109,"bld_height":3.725104296875,"id":"549"}},{"type":"Feature","geometry":{"geodesic":false,"crs":{"type":"name","properties":{"name":"EPSG:32643"}},"type":"Polygon","coordinates":[[[783000.0,1437000.0],[784000.0,1437000.0],[784000.0,1438000.0],[783000.0,1438000.0],[783000.0,1437000.0]]]},"id":"783,1437","properties":{"bld_cover":0.2373,"bld_height":3.307191015625,"id":"550"}},{"type":"Feature","geometry":{"geodesic":false,"crs":{"type":"name","properties":{"name":"EPSG:32643"}},"type":"Polygon","coordinates":[[[784000.0,1437000.0],[785000.0,1437000.0],[785000.0,1438000.0],[784000.0,1438000.0],[784000.0,1437000.0]]]},"id":"784,1437","properties":{"bld_cover":0.1482,"bld_height":1.403997265625,"id":"551"}},{"type":"Feature","geometry":{"geodesic":false,"crs":{"type":"name","properties":{"name":"EPSG:32643"}},"type":"Polygon","coordinates":[[[785000.0,1437000.0],[786000.0,1437000.0],[786000.0,1438000.0],[785000.0,1438000.0],[785000.0,1437000.0]]]},"id":"785,1437","properties":{"bld_cover":0.083,"bld_height":0.7020970703125,"id":"552"}},{"type":"Feature","geometry":{"geodesic":false,"crs":{"type":"name","properties":{"name":"EPSG:32643"}},"type":"Polygon","coordinates":[[[786000.0,1437000.0],[787000.0,1437000.0],[787000.0,1438000.0],[786000.0,1438000.0],[786000.0,1437000.0]]]},"id":"786,1437","properties":{"bld_cover":0.073,"bld_height":0.7052546875,"id":"553"}},{"type":"Feature","geometry":{"geodesic":false,"crs":{"type":"name","properties":{"name":"EPSG:32643"}},"type":"Polygon","coordinates":[[[787000.0,1437000.0],[788000.0,1437000.0],[788000.0,1438000.0],[787000.0,1438000.0],[787000.0,1437000.0]]]},"id":"787,1437","properties":{"bld_cover":0.2259,"bld_height":2.3649884765625,"id":"554"}},{"type":"Feature","geometry":{"geodesic":false,"crs":{"type":"name","properties":{"name":"EPSG:32643"}},"type":"Polygon","coordinates":[[[788000.0,1437000.0],[789000.0,1437000.0],[789000.0,1438000.0],[788000.0,1438000.0],[788000.0,1437000.0]]]},"id":"788,1437","properties":{"bld_cover":0.1755,"bld_height":2.8841052734375,"id":"555"}},{"type":"Feature","geometry":{"geodesic":false,"crs":{"type":"name","properties":{"name":"EPSG:32643"}},"type":"Polygon","coordinates":[[[789000.0,1437000.0],[790000.0,1437000.0],[790000.0,1438000.0],[789000.0,1438000.0],[789000.0,1437000.0]]]},"id":"789,1437","properties":{"bld_cover":0.3274,"bld_height":4.15154296875,"id":"556"}},{"type":"Feature","geometry":{"geodesic":false,"crs":{"type":"name","properties":{"name":"EPSG:32643"}},"type":"Polygon","coordinates":[[[790000.0,1437000.0],[791000.0,1437000.0],[791000.0,1438000.0],[790000.0,1438000.0],[790000.0,1437000.0]]]},"id":"790,1437","properties":{"bld_cover":0.3184,"bld_height":3.4959111328125,"id":"557"}},{"type":"Feature","geometry":{"geodesic":false,"crs":{"type":"name","properties":{"name":"EPSG:32643"}},"type":"Polygon","coordinates":[[[791000.0,1437000.0],[792000.0,1437000.0],[792000.0,1438000.0],[791000.0,1438000.0],[791000.0,1437000.0]]]},"id":"791,1437","properties":{"bld_cover":0.2679,"bld_height":3.90343671875,"id":"558"}},{"type":"Feature","geometry":{"geodesic":false,"crs":{"type":"name","properties":{"name":"EPSG:32643"}},"type":"Polygon","coordinates":[[[792000.0,1437000.0],[793000.0,1437000.0],[793000.0,1438000.0],[792000.0,1438000.0],[792000.0,1437000.0]]]},"id":"792,1437","properties":{"bld_cover":0.2742,"bld_height":3.96374609375,"id":"559"}},{"type":"Feature","geometry":{"geodesic":false,"crs":{"type":"name","properties":{"name":"EPSG:32643"}},"type":"Polygon","coordinates":[[[793000.0,1437000.0],[794000.0,1437000.0],[794000.0,1438000.0],[793000.0,1438000.0],[793000.0,1437000.0]]]},"id":"793,1437","properties":{"bld_cover":0.2885,"bld_height":5.7144287109375,"id":"560"}},{"type":"Feature","geometry":{"geodesic":false,"crs":{"type":"name","properties":{"name":"EPSG:32643"}},"type":"Polygon","coordinates":[[[794000.0,1437000.0],[795000.0,1437000.0],[795000.0,1438000.0],[794000.0,1438000.0],[794000.0,1437000.0]]]},"id":"794,1437","properties":{"bld_cover":0.3065,"bld_height":4.9270884765625,"id":"561"}},{"type":"Feature","geometry":{"geodesic":false,"crs":{"type":"name","properties":{"name":"EPSG:32643"}},"type":"Polygon","coordinates":[[[795000.0,1437000.0],[796000.0,1437000.0],[796000.0,1438000.0],[795000.0,1438000.0],[795000.0,1437000.0]]]},"id":"795,1437","properties":{"bld_cover":0.1837,"bld_height":5.3180431640625,"id":"562"}},{"type":"Feature","geometry":{"geodesic":false,"crs":{"type":"name","properties":{"name":"EPSG:32643"}},"type":"Polygon","coordinates":[[[796000.0,1437000.0],[797000.0,1437000.0],[797000.0,1438000.0],[796000.0,1438000.0],[796000.0,1437000.0]]]},"id":"796,1437","properties":{"bld_cover":0.1866,"bld_height":6.4782228515625,"id":"563"}},{"type":"Feature","geometry":{"geodesic":false,"crs":{"type":"name","properties":{"name":"EPSG:32643"}},"type":"Polygon","coordinates":[[[797000.0,1437000.0],[798000.0,1437000.0],[798000.0,1438000.0],[797000.0,1438000.0],[797000.0,1437000.0]]]},"id":"797,1437","properties":{"bld_cover":0.1217,"bld_height":2.257925,"id":"564"}},{"type":"Feature","geometry":{"geodesic":false,"crs":{"type":"name","properties":{"name":"EPSG:32643"}},"type":"Polygon","coordinates":[[[798000.0,1437000.0],[799000.0,1437000.0],[799000.0,1438000.0],[798000.0,1438000.0],[798000.0,1437000.0]]]},"id":"798,1437","properties":{"bld_cover":0.0961,"bld_height":2.6652966796875,"id":"565"}},{"type":"Feature","geometry":{"geodesic":false,"crs":{"type":"name","properties":{"name":"EPSG:32643"}},"type":"Polygon","coordinates":[[[765000.0,1438000.0],[766000.0,1438000.0],[766000.0,1439000.0],[765000.0,1439000.0],[765000.0,1438000.0]]]},"id":"765,1438","properties":{"bld_cover":0.0367,"bld_height":0.6106287109375,"id":"566"}},{"type":"Feature","geometry":{"geodesic":false,"crs":{"type":"name","properties":{"name":"EPSG:32643"}},"type":"Polygon","coordinates":[[[766000.0,1438000.0],[767000.0,1438000.0],[767000.0,1439000.0],[766000.0,1439000.0],[766000.0,1438000.0]]]},"id":"766,1438","properties":{"bld_cover":0.1031,"bld_height":0.783833203125,"id":"567"}},{"type":"Feature","geometry":{"geodesic":false,"crs":{"type":"name","properties":{"name":"EPSG:32643"}},"type":"Polygon","coordinates":[[[767000.0,1438000.0],[768000.0,1438000.0],[768000.0,1439000.0],[767000.0,1439000.0],[767000.0,1438000.0]]]},"id":"767,1438","properties":{"bld_cover":0.1304,"bld_height":1.2187083984375,"id":"568"}},{"type":"Feature","geometry":{"geodesic":false,"crs":{"type":"name","properties":{"name":"EPSG:32643"}},"type":"Polygon","coordinates":[[[768000.0,1438000.0],[769000.0,1438000.0],[769000.0,1439000.0],[768000.0,1439000.0],[768000.0,1438000.0]]]},"id":"768,1438","properties":{"bld_cover":0.1123,"bld_height":1.02866015625,"id":"569"}},{"type":"Feature","geometry":{"geodesic":false,"crs":{"type":"name","properties":{"name":"EPSG:32643"}},"type":"Polygon","coordinates":[[[769000.0,1438000.0],[770000.0,1438000.0],[770000.0,1439000.0],[769000.0,1439000.0],[769000.0,1438000.0]]]},"id":"769,1438","properties":{"bld_cover":0.1928,"bld_height":2.119986328125,"id":"570"}},{"type":"Feature","geometry":{"geodesic":false,"crs":{"type":"name","properties":{"name":"EPSG:32643"}},"type":"Polygon","coordinates":[[[770000.0,1438000.0],[771000.0,1438000.0],[771000.0,1439000.0],[770000.0,1439000.0],[770000.0,1438000.0]]]},"id":"770,1438","properties":{"bld_cover":0.3805,"bld_height":3.360770703125,"id":"571"}},{"type":"Feature","geometry":{"geodesic":false,"crs":{"type":"name","properties":{"name":"EPSG:32643"}},"type":"Polygon","coordinates":[[[771000.0,1438000.0],[772000.0,1438000.0],[772000.0,1439000.0],[771000.0,1439000.0],[771000.0,1438000.0]]]},"id":"771,1438","properties":{"bld_cover":0.4336,"bld_height":4.2960388671875,"id":"572"}},{"type":"Feature","geometry":{"geodesic":false,"crs":{"type":"name","properties":{"name":"EPSG:32643"}},"type":"Polygon","coordinates":[[[772000.0,1438000.0],[773000.0,1438000.0],[773000.0,1439000.0],[772000.0,1439000.0],[772000.0,1438000.0]]]},"id":"772,1438","properties":{"bld_cover":0.3522,"bld_height":2.8901388671875,"id":"573"}},{"type":"Feature","geometry":{"geodesic":false,"crs":{"type":"name","properties":{"name":"EPSG:32643"}},"type":"Polygon","coordinates":[[[773000.0,1438000.0],[774000.0,1438000.0],[774000.0,1439000.0],[773000.0,1439000.0],[773000.0,1438000.0]]]},"id":"773,1438","properties":{"bld_cover":0.3521,"bld_height":3.1704521484375,"id":"574"}},{"type":"Feature","geometry":{"geodesic":false,"crs":{"type":"name","properties":{"name":"EPSG:32643"}},"type":"Polygon","coordinates":[[[774000.0,1438000.0],[775000.0,1438000.0],[775000.0,1439000.0],[774000.0,1439000.0],[774000.0,1438000.0]]]},"id":"774,1438","properties":{"bld_cover":0.4546,"bld_height":4.6958712890625,"id":"575"}},{"type":"Feature","geometry":{"geodesic":false,"crs":{"type":"name","properties":{"name":"EPSG:32643"}},"type":"Polygon","coordinates":[[[775000.0,1438000.0],[776000.0,1438000.0],[776000.0,1439000.0],[775000.0,1439000.0],[775000.0,1438000.0]]]},"id":"775,1438","properties":{"bld_cover":0.428,"bld_height":4.3431431640625,"id":"576"}},{"type":"Feature","geometry":{"geodesic":false,"crs":{"type":"name","properties":{"name":"EPSG:32643"}},"type":"Polygon","coordinates":[[[776000.0,1438000.0],[777000.0,1438000.0],[777000.0,1439000.0],[776000.0,1439000.0],[776000.0,1438000.0]]]},"id":"776,1438","properties":{"bld_cover":0.4202,"bld_height":3.93373359375,"id":"577"}},{"type":"Feature","geometry":{"geodesic":false,"crs":{"type":"name","properties":{"name":"EPSG:32643"}},"type":"Polygon","coordinates":[[[777000.0,1438000.0],[778000.0,1438000.0],[778000.0,1439000.0],[777000.0,1439000.0],[777000.0,1438000.0]]]},"id":"777,1438","properties":{"bld_cover":0.4774,"bld_height":4.8188634765625,"id":"578"}},{"type":"Feature","geometry":{"geodesic":false,"crs":{"type":"name","properties":{"name":"EPSG:32643"}},"type":"Polygon","coordinates":[[[778000.0,1438000.0],[779000.0,1438000.0],[779000.0,1439000.0],[778000.0,1439000.0],[778000.0,1438000.0]]]},"id":"778,1438","properties":{"bld_cover":0.4046,"bld_height":3.7412125,"id":"579"}},{"type":"Feature","geometry":{"geodesic":false,"crs":{"type":"name","properties":{"name":"EPSG:32643"}},"type":"Polygon","coordinates":[[[779000.0,1438000.0],[780000.0,1438000.0],[780000.0,1439000.0],[779000.0,1439000.0],[779000.0,1438000.0]]]},"id":"779,1438","properties":{"bld_cover":0.4937,"bld_height":4.76387578125,"id":"580"}},{"type":"Feature","geometry":{"geodesic":false,"crs":{"type":"name","properties":{"name":"EPSG:32643"}},"type":"Polygon","coordinates":[[[780000.0,1438000.0],[781000.0,1438000.0],[781000.0,1439000.0],[780000.0,1439000.0],[780000.0,1438000.0]]]},"id":"780,1438","properties":{"bld_cover":0.1129,"bld_height":1.3345716796875,"id":"581"}},{"type":"Feature","geometry":{"geodesic":false,"crs":{"type":"name","properties":{"name":"EPSG:32643"}},"type":"Polygon","coordinates":[[[781000.0,1438000.0],[782000.0,1438000.0],[782000.0,1439000.0],[781000.0,1439000.0],[781000.0,1438000.0]]]},"id":"781,1438","properties":{"bld_cover":0.1395,"bld_height":1.450060546875,"id":"582"}},{"type":"Feature","geometry":{"geodesic":false,"crs":{"type":"name","properties":{"name":"EPSG:32643"}},"type":"Polygon","coordinates":[[[782000.0,1438000.0],[783000.0,1438000.0],[783000.0,1439000.0],[782000.0,1439000.0],[782000.0,1438000.0]]]},"id":"782,1438","properties":{"bld_cover":0.241,"bld_height":3.1324931640625,"id":"583"}},{"type":"Feature","geometry":{"geodesic":false,"crs":{"type":"name","properties":{"name":"EPSG:32643"}},"type":"Polygon","coordinates":[[[783000.0,1438000.0],[784000.0,1438000.0],[784000.0,1439000.0],[783000.0,1439000.0],[783000.0,1438000.0]]]},"id":"783,1438","properties":{"bld_cover":0.2935,"bld_height":3.6303640625,"id":"584"}},{"type":"Feature","geometry":{"geodesic":false,"crs":{"type":"name","properties":{"name":"EPSG:32643"}},"type":"Polygon","coordinates":[[[784000.0,1438000.0],[785000.0,1438000.0],[785000.0,1439000.0],[784000.0,1439000.0],[784000.0,1438000.0]]]},"id":"784,1438","properties":{"bld_cover":0.2858,"bld_height":3.6991623046875,"id":"585"}},{"type":"Feature","geometry":{"geodesic":false,"crs":{"type":"name","properties":{"name":"EPSG:32643"}},"type":"Polygon","coordinates":[[[785000.0,1438000.0],[786000.0,1438000.0],[786000.0,1439000.0],[785000.0,1439000.0],[785000.0,1438000.0]]]},"id":"785,1438","properties":{"bld_cover":0.2633,"bld_height":2.971902734375,"id":"586"}},{"type":"Feature","geometry":{"geodesic":false,"crs":{"type":"name","properties":{"name":"EPSG:32643"}},"type":"Polygon","coordinates":[[[786000.0,1438000.0],[787000.0,1438000.0],[787000.0,1439000.0],[786000.0,1439000.0],[786000.0,1438000.0]]]},"id":"786,1438","properties":{"bld_cover":0.1402,"bld_height":1.2060822265625,"id":"587"}},{"type":"Feature","geometry":{"geodesic":false,"crs":{"type":"name","properties":{"name":"EPSG:32643"}},"type":"Polygon","coordinates":[[[787000.0,1438000.0],[788000.0,1438000.0],[788000.0,1439000.0],[787000.0,1439000.0],[787000.0,1438000.0]]]},"id":"787,1438","properties":{"bld_cover":0.0908,"bld_height":1.100426953125,"id":"588"}},{"type":"Feature","geometry":{"geodesic":false,"crs":{"type":"name","properties":{"name":"EPSG:32643"}},"type":"Polygon","coordinates":[[[788000.0,1438000.0],[789000.0,1438000.0],[789000.0,1439000.0],[788000.0,1439000.0],[788000.0,1438000.0]]]},"id":"788,1438","properties":{"bld_cover":0.1641,"bld_height":1.9886646484375,"id":"589"}},{"type":"Feature","geometry":{"geodesic":false,"crs":{"type":"name","properties":{"name":"EPSG:32643"}},"type":"Polygon","coordinates":[[[789000.0,1438000.0],[790000.0,1438000.0],[790000.0,1439000.0],[789000.0,1439000.0],[789000.0,1438000.0]]]},"id":"789,1438","properties":{"bld_cover":0.3038,"bld_height":3.2491091796875,"id":"590"}},{"type":"Feature","geometry":{"geodesic":false,"crs":{"type":"name","properties":{"name":"EPSG:32643"}},"type":"Polygon","coordinates":[[[790000.0,1438000.0],[791000.0,1438000.0],[791000.0,1439000.0],[790000.0,1439000.0],[790000.0,1438000.0]]]},"id":"790,1438","properties":{"bld_cover":0.2459,"bld_height":2.5256765625,"id":"591"}},{"type":"Feature","geometry":{"geodesic":false,"crs":{"type":"name","properties":{"name":"EPSG:32643"}},"type":"Polygon","coordinates":[[[791000.0,1438000.0],[792000.0,1438000.0],[792000.0,1439000.0],[791000.0,1439000.0],[791000.0,1438000.0]]]},"id":"791,1438","properties":{"bld_cover":0.2196,"bld_height":3.3239080078125,"id":"592"}},{"type":"Feature","geometry":{"geodesic":false,"crs":{"type":"name","properties":{"name":"EPSG:32643"}},"type":"Polygon","coordinates":[[[792000.0,1438000.0],[793000.0,1438000.0],[793000.0,1439000.0],[792000.0,1439000.0],[792000.0,1438000.0]]]},"id":"792,1438","properties":{"bld_cover":0.2905,"bld_height":3.6447787109375,"id":"593"}},{"type":"Feature","geometry":{"geodesic":false,"crs":{"type":"name","properties":{"name":"EPSG:32643"}},"type":"Polygon","coordinates":[[[793000.0,1438000.0],[794000.0,1438000.0],[794000.0,1439000.0],[793000.0,1439000.0],[793000.0,1438000.0]]]},"id":"793,1438","properties":{"bld_cover":0.2525,"bld_height":2.941928515625,"id":"594"}},{"type":"Feature","geometry":{"geodesic":false,"crs":{"type":"name","properties":{"name":"EPSG:32643"}},"type":"Polygon","coordinates":[[[794000.0,1438000.0],[795000.0,1438000.0],[795000.0,1439000.0],[794000.0,1439000.0],[794000.0,1438000.0]]]},"id":"794,1438","properties":{"bld_cover":0.1767,"bld_height":2.09148671875,"id":"595"}},{"type":"Feature","geometry":{"geodesic":false,"crs":{"type":"name","properties":{"name":"EPSG:32643"}},"type":"Polygon","coordinates":[[[795000.0,1438000.0],[796000.0,1438000.0],[796000.0,1439000.0],[795000.0,1439000.0],[795000.0,1438000.0]]]},"id":"795,1438","properties":{"bld_cover":0.1631,"bld_height":2.4840724609375,"id":"596"}},{"type":"Feature","geometry":{"geodesic":false,"crs":{"type":"name","properties":{"name":"EPSG:32643"}},"type":"Polygon","coordinates":[[[796000.0,1438000.0],[797000.0,1438000.0],[797000.0,1439000.0],[796000.0,1439000.0],[796000.0,1438000.0]]]},"id":"796,1438","properties":{"bld_cover":0.0961,"bld_height":1.465866015625,"id":"597"}},{"type":"Feature","geometry":{"geodesic":false,"crs":{"type":"name","properties":{"name":"EPSG:32643"}},"type":"Polygon","coordinates":[[[797000.0,1438000.0],[798000.0,1438000.0],[798000.0,1439000.0],[797000.0,1439000.0],[797000.0,1438000.0]]]},"id":"797,1438","properties":{"bld_cover":0.1175,"bld_height":1.1324802734375,"id":"598"}},{"type":"Feature","geometry":{"geodesic":false,"crs":{"type":"name","properties":{"name":"EPSG:32643"}},"type":"Polygon","coordinates":[[[798000.0,1438000.0],[799000.0,1438000.0],[799000.0,1439000.0],[798000.0,1439000.0],[798000.0,1438000.0]]]},"id":"798,1438","properties":{"bld_cover":0.0304,"bld_height":1.7022431640625,"id":"599"}},{"type":"Feature","geometry":{"geodesic":false,"crs":{"type":"name","properties":{"name":"EPSG:32643"}},"type":"Polygon","coordinates":[[[765000.0,1439000.0],[766000.0,1439000.0],[766000.0,1440000.0],[765000.0,1440000.0],[765000.0,1439000.0]]]},"id":"765,1439","properties":{"bld_cover":0.0129,"bld_height":0.247945703125,"id":"600"}},{"type":"Feature","geometry":{"geodesic":false,"crs":{"type":"name","properties":{"name":"EPSG:32643"}},"type":"Polygon","coordinates":[[[766000.0,1439000.0],[767000.0,1439000.0],[767000.0,1440000.0],[766000.0,1440000.0],[766000.0,1439000.0]]]},"id":"766,1439","properties":{"bld_cover":0.0445,"bld_height":0.3105732421875,"id":"601"}},{"type":"Feature","geometry":{"geodesic":false,"crs":{"type":"name","properties":{"name":"EPSG:32643"}},"type":"Polygon","coordinates":[[[767000.0,1439000.0],[768000.0,1439000.0],[768000.0,1440000.0],[767000.0,1440000.0],[767000.0,1439000.0]]]},"id":"767,1439","properties":{"bld_cover":0.1157,"bld_height":0.9439373046875,"id":"602"}},{"type":"Feature","geometry":{"geodesic":false,"crs":{"type":"name","properties":{"name":"EPSG:32643"}},"type":"Polygon","coordinates":[[[768000.0,1439000.0],[769000.0,1439000.0],[769000.0,1440000.0],[768000.0,1440000.0],[768000.0,1439000.0]]]},"id":"768,1439","properties":{"bld_cover":0.1349,"bld_height":1.1227759765625,"id":"603"}},{"type":"Feature","geometry":{"geodesic":false,"crs":{"type":"name","properties":{"name":"EPSG:32643"}},"type":"Polygon","coordinates":[[[769000.0,1439000.0],[770000.0,1439000.0],[770000.0,1440000.0],[769000.0,1440000.0],[769000.0,1439000.0]]]},"id":"769,1439","properties":{"bld_cover":0.2613,"bld_height":2.0911369140625,"id":"604"}},{"type":"Feature","geometry":{"geodesic":false,"crs":{"type":"name","properties":{"name":"EPSG:32643"}},"type":"Polygon","coordinates":[[[770000.0,1439000.0],[771000.0,1439000.0],[771000.0,1440000.0],[770000.0,1440000.0],[770000.0,1439000.0]]]},"id":"770,1439","properties":{"bld_cover":0.4388,"bld_height":3.8137865234375,"id":"605"}},{"type":"Feature","geometry":{"geodesic":false,"crs":{"type":"name","properties":{"name":"EPSG:32643"}},"type":"Polygon","coordinates":[[[771000.0,1439000.0],[772000.0,1439000.0],[772000.0,1440000.0],[771000.0,1440000.0],[771000.0,1439000.0]]]},"id":"771,1439","properties":{"bld_cover":0.4361,"bld_height":3.8432234375,"id":"606"}},{"type":"Feature","geometry":{"geodesic":false,"crs":{"type":"name","properties":{"name":"EPSG:32643"}},"type":"Polygon","coordinates":[[[772000.0,1439000.0],[773000.0,1439000.0],[773000.0,1440000.0],[772000.0,1440000.0],[772000.0,1439000.0]]]},"id":"772,1439","properties":{"bld_cover":0.392,"bld_height":3.3492560546875,"id":"607"}},{"type":"Feature","geometry":{"geodesic":false,"crs":{"type":"name","properties":{"name":"EPSG:32643"}},"type":"Polygon","coordinates":[[[773000.0,1439000.0],[774000.0,1439000.0],[774000.0,1440000.0],[773000.0,1440000.0],[773000.0,1439000.0]]]},"id":"773,1439","properties":{"bld_cover":0.4223,"bld_height":3.7202875,"id":"608"}},{"type":"Feature","geometry":{"geodesic":false,"crs":{"type":"name","properties":{"name":"EPSG:32643"}},"type":"Polygon","coordinates":[[[774000.0,1439000.0],[775000.0,1439000.0],[775000.0,1440000.0],[774000.0,1440000.0],[774000.0,1439000.0]]]},"id":"774,1439","properties":{"bld_cover":0.3792,"bld_height":3.9439404296875,"id":"609"}},{"type":"Feature","geometry":{"geodesic":false,"crs":{"type":"name","properties":{"name":"EPSG:32643"}},"type":"Polygon","coordinates":[[[775000.0,1439000.0],[776000.0,1439000.0],[776000.0,1440000.0],[775000.0,1440000.0],[775000.0,1439000.0]]]},"id":"775,1439","properties":{"bld_cover":0.4054,"bld_height":4.28568984375,"id":"610"}},{"type":"Feature","geometry":{"geodesic":false,"crs":{"type":"name","properties":{"name":"EPSG:32643"}},"type":"Polygon","coordinates":[[[776000.0,1439000.0],[777000.0,1439000.0],[777000.0,1440000.0],[776000.0,1440000.0],[776000.0,1439000.0]]]},"id":"776,1439","properties":{"bld_cover":0.3395,"bld_height":4.2372080078125,"id":"611"}},{"type":"Feature","geometry":{"geodesic":false,"crs":{"type":"name","properties":{"name":"EPSG:32643"}},"type":"Polygon","coordinates":[[[777000.0,1439000.0],[778000.0,1439000.0],[778000.0,1440000.0],[777000.0,1440000.0],[777000.0,1439000.0]]]},"id":"777,1439","properties":{"bld_cover":0.319,"bld_height":5.077439453125,"id":"612"}},{"type":"Feature","geometry":{"geodesic":false,"crs":{"type":"name","properties":{"name":"EPSG:32643"}},"type":"Polygon","coordinates":[[[778000.0,1439000.0],[779000.0,1439000.0],[779000.0,1440000.0],[778000.0,1440000.0],[778000.0,1439000.0]]]},"id":"778,1439","properties":{"bld_cover":0.2842,"bld_height":2.46476015625,"id":"613"}},{"type":"Feature","geometry":{"geodesic":false,"crs":{"type":"name","properties":{"name":"EPSG:32643"}},"type":"Polygon","coordinates":[[[779000.0,1439000.0],[780000.0,1439000.0],[780000.0,1440000.0],[779000.0,1440000.0],[779000.0,1439000.0]]]},"id":"779,1439","properties":{"bld_cover":0.2519,"bld_height":2.3281009765625,"id":"614"}},{"type":"Feature","geometry":{"geodesic":false,"crs":{"type":"name","properties":{"name":"EPSG:32643"}},"type":"Polygon","coordinates":[[[780000.0,1439000.0],[781000.0,1439000.0],[781000.0,1440000.0],[780000.0,1440000.0],[780000.0,1439000.0]]]},"id":"780,1439","properties":{"bld_cover":0.1909,"bld_height":1.54711875,"id":"615"}},{"type":"Feature","geometry":{"geodesic":false,"crs":{"type":"name","properties":{"name":"EPSG:32643"}},"type":"Polygon","coordinates":[[[781000.0,1439000.0],[782000.0,1439000.0],[782000.0,1440000.0],[781000.0,1440000.0],[781000.0,1439000.0]]]},"id":"781,1439","properties":{"bld_cover":0.2116,"bld_height":2.2334458984375,"id":"616"}},{"type":"Feature","geometry":{"geodesic":false,"crs":{"type":"name","properties":{"name":"EPSG:32643"}},"type":"Polygon","coordinates":[[[782000.0,1439000.0],[783000.0,1439000.0],[783000.0,1440000.0],[782000.0,1440000.0],[782000.0,1439000.0]]]},"id":"782,1439","properties":{"bld_cover":0.2609,"bld_height":2.693045703125,"id":"617"}},{"type":"Feature","geometry":{"geodesic":false,"crs":{"type":"name","properties":{"name":"EPSG:32643"}},"type":"Polygon","coordinates":[[[783000.0,1439000.0],[784000.0,1439000.0],[784000.0,1440000.0],[783000.0,1440000.0],[783000.0,1439000.0]]]},"id":"783,1439","properties":{"bld_cover":0.3312,"bld_height":3.56894453125,"id":"618"}},{"type":"Feature","geometry":{"geodesic":false,"crs":{"type":"name","properties":{"name":"EPSG:32643"}},"type":"Polygon","coordinates":[[[784000.0,1439000.0],[785000.0,1439000.0],[785000.0,1440000.0],[784000.0,1440000.0],[784000.0,1439000.0]]]},"id":"784,1439","properties":{"bld_cover":0.3374,"bld_height":3.6515869140625,"id":"619"}},{"type":"Feature","geometry":{"geodesic":false,"crs":{"type":"name","properties":{"name":"EPSG:32643"}},"type":"Polygon","coordinates":[[[785000.0,1439000.0],[786000.0,1439000.0],[786000.0,1440000.0],[785000.0,1440000.0],[785000.0,1439000.0]]]},"id":"785,1439","properties":{"bld_cover":0.3776,"bld_height":3.68725703125,"id":"620"}},{"type":"Feature","geometry":{"geodesic":false,"crs":{"type":"name","properties":{"name":"EPSG:32643"}},"type":"Polygon","coordinates":[[[786000.0,1439000.0],[787000.0,1439000.0],[787000.0,1440000.0],[786000.0,1440000.0],[786000.0,1439000.0]]]},"id":"786,1439","properties":{"bld_cover":0.3259,"bld_height":3.1196732421875,"id":"621"}},{"type":"Feature","geometry":{"geodesic":false,"crs":{"type":"name","properties":{"name":"EPSG:32643"}},"type":"Polygon","coordinates":[[[787000.0,1439000.0],[788000.0,1439000.0],[788000.0,1440000.0],[787000.0,1440000.0],[787000.0,1439000.0]]]},"id":"787,1439","properties":{"bld_cover":0.2606,"bld_height":3.152038671875,"id":"622"}},{"type":"Feature","geometry":{"geodesic":false,"crs":{"type":"name","properties":{"name":"EPSG:32643"}},"type":"Polygon","coordinates":[[[788000.0,1439000.0],[789000.0,1439000.0],[789000.0,1440000.0],[788000.0,1440000.0],[788000.0,1439000.0]]]},"id":"788,1439","properties":{"bld_cover":0.2626,"bld_height":2.9965294921875,"id":"623"}},{"type":"Feature","geometry":{"geodesic":false,"crs":{"type":"name","properties":{"name":"EPSG:32643"}},"type":"Polygon","coordinates":[[[789000.0,1439000.0],[790000.0,1439000.0],[790000.0,1440000.0],[789000.0,1440000.0],[789000.0,1439000.0]]]},"id":"789,1439","properties":{"bld_cover":0.3403,"bld_height":3.299130078125,"id":"624"}},{"type":"Feature","geometry":{"geodesic":false,"crs":{"type":"name","properties":{"name":"EPSG:32643"}},"type":"Polygon","coordinates":[[[790000.0,1439000.0],[791000.0,1439000.0],[791000.0,1440000.0],[790000.0,1440000.0],[790000.0,1439000.0]]]},"id":"790,1439","properties":{"bld_cover":0.314,"bld_height":2.905065234375,"id":"625"}},{"type":"Feature","geometry":{"geodesic":false,"crs":{"type":"name","properties":{"name":"EPSG:32643"}},"type":"Polygon","coordinates":[[[791000.0,1439000.0],[792000.0,1439000.0],[792000.0,1440000.0],[791000.0,1440000.0],[791000.0,1439000.0]]]},"id":"791,1439","properties":{"bld_cover":0.0374,"bld_height":0.309478125,"id":"626"}},{"type":"Feature","geometry":{"geodesic":false,"crs":{"type":"name","properties":{"name":"EPSG:32643"}},"type":"Polygon","coordinates":[[[792000.0,1439000.0],[793000.0,1439000.0],[793000.0,1440000.0],[792000.0,1440000.0],[792000.0,1439000.0]]]},"id":"792,1439","properties":{"bld_cover":0.3697,"bld_height":3.7580783203125,"id":"627"}},{"type":"Feature","geometry":{"geodesic":false,"crs":{"type":"name","properties":{"name":"EPSG:32643"}},"type":"Polygon","coordinates":[[[793000.0,1439000.0],[794000.0,1439000.0],[794000.0,1440000.0],[793000.0,1440000.0],[793000.0,1439000.0]]]},"id":"793,1439","properties":{"bld_cover":0.4694,"bld_height":4.030214453125,"id":"628"}},{"type":"Feature","geometry":{"geodesic":false,"crs":{"type":"name","properties":{"name":"EPSG:32643"}},"type":"Polygon","coordinates":[[[794000.0,1439000.0],[795000.0,1439000.0],[795000.0,1440000.0],[794000.0,1440000.0],[794000.0,1439000.0]]]},"id":"794,1439","properties":{"bld_cover":0.334,"bld_height":3.62854140625,"id":"629"}},{"type":"Feature","geometry":{"geodesic":false,"crs":{"type":"name","properties":{"name":"EPSG:32643"}},"type":"Polygon","coordinates":[[[795000.0,1439000.0],[796000.0,1439000.0],[796000.0,1440000.0],[795000.0,1440000.0],[795000.0,1439000.0]]]},"id":"795,1439","properties":{"bld_cover":0.1561,"bld_height":2.0802529296875,"id":"630"}},{"type":"Feature","geometry":{"geodesic":false,"crs":{"type":"name","properties":{"name":"EPSG:32643"}},"type":"Polygon","coordinates":[[[796000.0,1439000.0],[797000.0,1439000.0],[797000.0,1440000.0],[796000.0,1440000.0],[796000.0,1439000.0]]]},"id":"796,1439","properties":{"bld_cover":0.1994,"bld_height":2.6974419921875,"id":"631"}},{"type":"Feature","geometry":{"geodesic":false,"crs":{"type":"name","properties":{"name":"EPSG:32643"}},"type":"Polygon","coordinates":[[[797000.0,1439000.0],[798000.0,1439000.0],[798000.0,1440000.0],[797000.0,1440000.0],[797000.0,1439000.0]]]},"id":"797,1439","properties":{"bld_cover":0.0766,"bld_height":1.1991619140625,"id":"632"}},{"type":"Feature","geometry":{"geodesic":false,"crs":{"type":"name","properties":{"name":"EPSG:32643"}},"type":"Polygon","coordinates":[[[798000.0,1439000.0],[799000.0,1439000.0],[799000.0,1440000.0],[798000.0,1440000.0],[798000.0,1439000.0]]]},"id":"798,1439","properties":{"bld_cover":0.0424,"bld_height":3.2403501953125,"id":"633"}},{"type":"Feature","geometry":{"geodesic":false,"crs":{"type":"name","properties":{"name":"EPSG:32643"}},"type":"Polygon","coordinates":[[[765000.0,1440000.0],[766000.0,1440000.0],[766000.0,1441000.0],[765000.0,1441000.0],[765000.0,1440000.0]]]},"id":"765,1440","properties":{"bld_cover":0.0029,"bld_height":0.1955150390625,"id":"634"}},{"type":"Feature","geometry":{"geodesic":false,"crs":{"type":"name","properties":{"name":"EPSG:32643"}},"type":"Polygon","coordinates":[[[766000.0,1440000.0],[767000.0,1440000.0],[767000.0,1441000.0],[766000.0,1441000.0],[766000.0,1440000.0]]]},"id":"766,1440","properties":{"bld_cover":0.0399,"bld_height":0.2681947265625,"id":"635"}},{"type":"Feature","geometry":{"geodesic":false,"crs":{"type":"name","properties":{"name":"EPSG:32643"}},"type":"Polygon","coordinates":[[[767000.0,1440000.0],[768000.0,1440000.0],[768000.0,1441000.0],[767000.0,1441000.0],[767000.0,1440000.0]]]},"id":"767,1440","properties":{"bld_cover":0.0705,"bld_height":0.5192666015625,"id":"636"}},{"type":"Feature","geometry":{"geodesic":false,"crs":{"type":"name","properties":{"name":"EPSG:32643"}},"type":"Polygon","coordinates":[[[768000.0,1440000.0],[769000.0,1440000.0],[769000.0,1441000.0],[768000.0,1441000.0],[768000.0,1440000.0]]]},"id":"768,1440","properties":{"bld_cover":0.0477,"bld_height":0.3687,"id":"637"}},{"type":"Feature","geometry":{"geodesic":false,"crs":{"type":"name","properties":{"name":"EPSG:32643"}},"type":"Polygon","coordinates":[[[769000.0,1440000.0],[770000.0,1440000.0],[770000.0,1441000.0],[769000.0,1441000.0],[769000.0,1440000.0]]]},"id":"769,1440","properties":{"bld_cover":0.1992,"bld_height":1.649255078125,"id":"638"}},{"type":"Feature","geometry":{"geodesic":false,"crs":{"type":"name","properties":{"name":"EPSG:32643"}},"type":"Polygon","coordinates":[[[770000.0,1440000.0],[771000.0,1440000.0],[771000.0,1441000.0],[770000.0,1441000.0],[770000.0,1440000.0]]]},"id":"770,1440","properties":{"bld_cover":0.2607,"bld_height":2.336399609375,"id":"639"}},{"type":"Feature","geometry":{"geodesic":false,"crs":{"type":"name","properties":{"name":"EPSG:32643"}},"type":"Polygon","coordinates":[[[771000.0,1440000.0],[772000.0,1440000.0],[772000.0,1441000.0],[771000.0,1441000.0],[771000.0,1440000.0]]]},"id":"771,1440","properties":{"bld_cover":0.3817,"bld_height":3.5146513671875,"id":"640"}},{"type":"Feature","geometry":{"geodesic":false,"crs":{"type":"name","properties":{"name":"EPSG:32643"}},"type":"Polygon","coordinates":[[[772000.0,1440000.0],[773000.0,1440000.0],[773000.0,1441000.0],[772000.0,1441000.0],[772000.0,1440000.0]]]},"id":"772,1440","properties":{"bld_cover":0.4847,"bld_height":4.497670703125,"id":"641"}},{"type":"Feature","geometry":{"geodesic":false,"crs":{"type":"name","properties":{"name":"EPSG:32643"}},"type":"Polygon","coordinates":[[[773000.0,1440000.0],[774000.0,1440000.0],[774000.0,1441000.0],[773000.0,1441000.0],[773000.0,1440000.0]]]},"id":"773,1440","properties":{"bld_cover":0.4522,"bld_height":3.7264640625,"id":"642"}},{"type":"Feature","geometry":{"geodesic":false,"crs":{"type":"name","properties":{"name":"EPSG:32643"}},"type":"Polygon","coordinates":[[[774000.0,1440000.0],[775000.0,1440000.0],[775000.0,1441000.0],[774000.0,1441000.0],[774000.0,1440000.0]]]},"id":"774,1440","properties":{"bld_cover":0.3584,"bld_height":3.3773349609375,"id":"643"}},{"type":"Feature","geometry":{"geodesic":false,"crs":{"type":"name","properties":{"name":"EPSG:32643"}},"type":"Polygon","coordinates":[[[775000.0,1440000.0],[776000.0,1440000.0],[776000.0,1441000.0],[775000.0,1441000.0],[775000.0,1440000.0]]]},"id":"775,1440","properties":{"bld_cover":0.3501,"bld_height":3.5583173828125,"id":"644"}},{"type":"Feature","geometry":{"geodesic":false,"crs":{"type":"name","properties":{"name":"EPSG:32643"}},"type":"Polygon","coordinates":[[[776000.0,1440000.0],[777000.0,1440000.0],[777000.0,1441000.0],[776000.0,1441000.0],[776000.0,1440000.0]]]},"id":"776,1440","properties":{"bld_cover":0.3429,"bld_height":3.5996818359375,"id":"645"}},{"type":"Feature","geometry":{"geodesic":false,"crs":{"type":"name","properties":{"name":"EPSG:32643"}},"type":"Polygon","coordinates":[[[777000.0,1440000.0],[778000.0,1440000.0],[778000.0,1441000.0],[777000.0,1441000.0],[777000.0,1440000.0]]]},"id":"777,1440","properties":{"bld_cover":0.2798,"bld_height":3.4150630859375,"id":"646"}},{"type":"Feature","geometry":{"geodesic":false,"crs":{"type":"name","properties":{"name":"EPSG:32643"}},"type":"Polygon","coordinates":[[[778000.0,1440000.0],[779000.0,1440000.0],[779000.0,1441000.0],[778000.0,1441000.0],[778000.0,1440000.0]]]},"id":"778,1440","properties":{"bld_cover":0.1211,"bld_height":1.089762109375,"id":"647"}},{"type":"Feature","geometry":{"geodesic":false,"crs":{"type":"name","properties":{"name":"EPSG:32643"}},"type":"Polygon","coordinates":[[[779000.0,1440000.0],[780000.0,1440000.0],[780000.0,1441000.0],[779000.0,1441000.0],[779000.0,1440000.0]]]},"id":"779,1440","properties":{"bld_cover":0.1266,"bld_height":1.185552734375,"id":"648"}},{"type":"Feature","geometry":{"geodesic":false,"crs":{"type":"name","properties":{"name":"EPSG:32643"}},"type":"Polygon","coordinates":[[[780000.0,1440000.0],[781000.0,1440000.0],[781000.0,1441000.0],[780000.0,1441000.0],[780000.0,1440000.0]]]},"id":"780,1440","properties":{"bld_cover":0.1939,"bld_height":2.4042751953125,"id":"649"}},{"type":"Feature","geometry":{"geodesic":false,"crs":{"type":"name","properties":{"name":"EPSG:32643"}},"type":"Polygon","coordinates":[[[781000.0,1440000.0],[782000.0,1440000.0],[782000.0,1441000.0],[781000.0,1441000.0],[781000.0,1440000.0]]]},"id":"781,1440","properties":{"bld_cover":0.2973,"bld_height":3.4425314453125,"id":"650"}},{"type":"Feature","geometry":{"geodesic":false,"crs":{"type":"name","properties":{"name":"EPSG:32643"}},"type":"Polygon","coordinates":[[[782000.0,1440000.0],[783000.0,1440000.0],[783000.0,1441000.0],[782000.0,1441000.0],[782000.0,1440000.0]]]},"id":"782,1440","properties":{"bld_cover":0.2547,"bld_height":2.336116796875,"id":"651"}},{"type":"Feature","geometry":{"geodesic":false,"crs":{"type":"name","properties":{"name":"EPSG:32643"}},"type":"Polygon","coordinates":[[[783000.0,1440000.0],[784000.0,1440000.0],[784000.0,1441000.0],[783000.0,1441000.0],[783000.0,1440000.0]]]},"id":"783,1440","properties":{"bld_cover":0.4429,"bld_height":4.0673806640625,"id":"652"}},{"type":"Feature","geometry":{"geodesic":false,"crs":{"type":"name","properties":{"name":"EPSG:32643"}},"type":"Polygon","coordinates":[[[784000.0,1440000.0],[785000.0,1440000.0],[785000.0,1441000.0],[784000.0,1441000.0],[784000.0,1440000.0]]]},"id":"784,1440","properties":{"bld_cover":0.3308,"bld_height":3.120598828125,"id":"653"}},{"type":"Feature","geometry":{"geodesic":false,"crs":{"type":"name","properties":{"name":"EPSG:32643"}},"type":"Polygon","coordinates":[[[785000.0,1440000.0],[786000.0,1440000.0],[786000.0,1441000.0],[785000.0,1441000.0],[785000.0,1440000.0]]]},"id":"785,1440","properties":{"bld_cover":0.3429,"bld_height":3.6922248046875,"id":"654"}},{"type":"Feature","geometry":{"geodesic":false,"crs":{"type":"name","properties":{"name":"EPSG:32643"}},"type":"Polygon","coordinates":[[[786000.0,1440000.0],[787000.0,1440000.0],[787000.0,1441000.0],[786000.0,1441000.0],[786000.0,1440000.0]]]},"id":"786,1440","properties":{"bld_cover":0.3436,"bld_height":3.712363671875,"id":"655"}},{"type":"Feature","geometry":{"geodesic":false,"crs":{"type":"name","properties":{"name":"EPSG:32643"}},"type":"Polygon","coordinates":[[[787000.0,1440000.0],[788000.0,1440000.0],[788000.0,1441000.0],[787000.0,1441000.0],[787000.0,1440000.0]]]},"id":"787,1440","properties":{"bld_cover":0.313,"bld_height":3.21174375,"id":"656"}},{"type":"Feature","geometry":{"geodesic":false,"crs":{"type":"name","properties":{"name":"EPSG:32643"}},"type":"Polygon","coordinates":[[[788000.0,1440000.0],[789000.0,1440000.0],[789000.0,1441000.0],[788000.0,1441000.0],[788000.0,1440000.0]]]},"id":"788,1440","properties":{"bld_cover":0.3304,"bld_height":3.838605078125,"id":"657"}},{"type":"Feature","geometry":{"geodesic":false,"crs":{"type":"name","properties":{"name":"EPSG:32643"}},"type":"Polygon","coordinates":[[[789000.0,1440000.0],[790000.0,1440000.0],[790000.0,1441000.0],[789000.0,1441000.0],[789000.0,1440000.0]]]},"id":"789,1440","properties":{"bld_cover":0.4273,"bld_height":4.6245828125,"id":"658"}},{"type":"Feature","geometry":{"geodesic":false,"crs":{"type":"name","properties":{"name":"EPSG:32643"}},"type":"Polygon","coordinates":[[[790000.0,1440000.0],[791000.0,1440000.0],[791000.0,1441000.0],[790000.0,1441000.0],[790000.0,1440000.0]]]},"id":"790,1440","properties":{"bld_cover":0.4579,"bld_height":4.0607271484375,"id":"659"}},{"type":"Feature","geometry":{"geodesic":false,"crs":{"type":"name","properties":{"name":"EPSG:32643"}},"type":"Polygon","coordinates":[[[791000.0,1440000.0],[792000.0,1440000.0],[792000.0,1441000.0],[791000.0,1441000.0],[791000.0,1440000.0]]]},"id":"791,1440","properties":{"bld_cover":0.2062,"bld_height":1.797407421875,"id":"660"}},{"type":"Feature","geometry":{"geodesic":false,"crs":{"type":"name","properties":{"name":"EPSG:32643"}},"type":"Polygon","coordinates":[[[792000.0,1440000.0],[793000.0,1440000.0],[793000.0,1441000.0],[792000.0,1441000.0],[792000.0,1440000.0]]]},"id":"792,1440","properties":{"bld_cover":0.2379,"bld_height":2.2147470703125,"id":"661"}},{"type":"Feature","geometry":{"geodesic":false,"crs":{"type":"name","properties":{"name":"EPSG:32643"}},"type":"Polygon","coordinates":[[[793000.0,1440000.0],[794000.0,1440000.0],[794000.0,1441000.0],[793000.0,1441000.0],[793000.0,1440000.0]]]},"id":"793,1440","properties":{"bld_cover":0.318,"bld_height":3.839363671875,"id":"662"}},{"type":"Feature","geometry":{"geodesic":false,"crs":{"type":"name","properties":{"name":"EPSG:32643"}},"type":"Polygon","coordinates":[[[794000.0,1440000.0],[795000.0,1440000.0],[795000.0,1441000.0],[794000.0,1441000.0],[794000.0,1440000.0]]]},"id":"794,1440","properties":{"bld_cover":0.2792,"bld_height":2.7675001953125,"id":"663"}},{"type":"Feature","geometry":{"geodesic":false,"crs":{"type":"name","properties":{"name":"EPSG:32643"}},"type":"Polygon","coordinates":[[[795000.0,1440000.0],[796000.0,1440000.0],[796000.0,1441000.0],[795000.0,1441000.0],[795000.0,1440000.0]]]},"id":"795,1440","properties":{"bld_cover":0.2493,"bld_height":3.1364498046875,"id":"664"}},{"type":"Feature","geometry":{"geodesic":false,"crs":{"type":"name","properties":{"name":"EPSG:32643"}},"type":"Polygon","coordinates":[[[796000.0,1440000.0],[797000.0,1440000.0],[797000.0,1441000.0],[796000.0,1441000.0],[796000.0,1440000.0]]]},"id":"796,1440","properties":{"bld_cover":0.116,"bld_height":1.2553798828125,"id":"665"}},{"type":"Feature","geometry":{"geodesic":false,"crs":{"type":"name","properties":{"name":"EPSG:32643"}},"type":"Polygon","coordinates":[[[797000.0,1440000.0],[798000.0,1440000.0],[798000.0,1441000.0],[797000.0,1441000.0],[797000.0,1440000.0]]]},"id":"797,1440","properties":{"bld_cover":0.0152,"bld_height":0.1383765625,"id":"666"}},{"type":"Feature","geometry":{"geodesic":false,"crs":{"type":"name","properties":{"name":"EPSG:32643"}},"type":"Polygon","coordinates":[[[798000.0,1440000.0],[799000.0,1440000.0],[799000.0,1441000.0],[798000.0,1441000.0],[798000.0,1440000.0]]]},"id":"798,1440","properties":{"bld_cover":0.0044,"bld_height":0.2590896484375,"id":"667"}},{"type":"Feature","geometry":{"geodesic":false,"crs":{"type":"name","properties":{"name":"EPSG:32643"}},"type":"Polygon","coordinates":[[[765000.0,1441000.0],[766000.0,1441000.0],[766000.0,1442000.0],[765000.0,1442000.0],[765000.0,1441000.0]]]},"id":"765,1441","properties":{"bld_cover":0.0031,"bld_height":0.1171189453125,"id":"668"}},{"type":"Feature","geometry":{"geodesic":false,"crs":{"type":"name","properties":{"name":"EPSG:32643"}},"type":"Polygon","coordinates":[[[766000.0,1441000.0],[767000.0,1441000.0],[767000.0,1442000.0],[766000.0,1442000.0],[766000.0,1441000.0]]]},"id":"766,1441","properties":{"bld_cover":0.0636,"bld_height":0.4678638671875,"id":"669"}},{"type":"Feature","geometry":{"geodesic":false,"crs":{"type":"name","properties":{"name":"EPSG:32643"}},"type":"Polygon","coordinates":[[[767000.0,1441000.0],[768000.0,1441000.0],[768000.0,1442000.0],[767000.0,1442000.0],[767000.0,1441000.0]]]},"id":"767,1441","properties":{"bld_cover":0.0776,"bld_height":0.557496875,"id":"670"}},{"type":"Feature","geometry":{"geodesic":false,"crs":{"type":"name","properties":{"name":"EPSG:32643"}},"type":"Polygon","coordinates":[[[768000.0,1441000.0],[769000.0,1441000.0],[769000.0,1442000.0],[768000.0,1442000.0],[768000.0,1441000.0]]]},"id":"768,1441","properties":{"bld_cover":0.1096,"bld_height":0.8423466796875,"id":"671"}},{"type":"Feature","geometry":{"geodesic":false,"crs":{"type":"name","properties":{"name":"EPSG:32643"}},"type":"Polygon","coordinates":[[[769000.0,1441000.0],[770000.0,1441000.0],[770000.0,1442000.0],[769000.0,1442000.0],[769000.0,1441000.0]]]},"id":"769,1441","properties":{"bld_cover":0.1142,"bld_height":0.965344921875,"id":"672"}},{"type":"Feature","geometry":{"geodesic":false,"crs":{"type":"name","properties":{"name":"EPSG:32643"}},"type":"Polygon","coordinates":[[[770000.0,1441000.0],[771000.0,1441000.0],[771000.0,1442000.0],[770000.0,1442000.0],[770000.0,1441000.0]]]},"id":"770,1441","properties":{"bld_cover":0.1861,"bld_height":1.6492693359375,"id":"673"}},{"type":"Feature","geometry":{"geodesic":false,"crs":{"type":"name","properties":{"name":"EPSG:32643"}},"type":"Polygon","coordinates":[[[771000.0,1441000.0],[772000.0,1441000.0],[772000.0,1442000.0],[771000.0,1442000.0],[771000.0,1441000.0]]]},"id":"771,1441","properties":{"bld_cover":0.1954,"bld_height":1.5040302734375,"id":"674"}},{"type":"Feature","geometry":{"geodesic":false,"crs":{"type":"name","properties":{"name":"EPSG:32643"}},"type":"Polygon","coordinates":[[[772000.0,1441000.0],[773000.0,1441000.0],[773000.0,1442000.0],[772000.0,1442000.0],[772000.0,1441000.0]]]},"id":"772,1441","properties":{"bld_cover":0.3905,"bld_height":3.1428009765625,"id":"675"}},{"type":"Feature","geometry":{"geodesic":false,"crs":{"type":"name","properties":{"name":"EPSG:32643"}},"type":"Polygon","coordinates":[[[773000.0,1441000.0],[774000.0,1441000.0],[774000.0,1442000.0],[773000.0,1442000.0],[773000.0,1441000.0]]]},"id":"773,1441","properties":{"bld_cover":0.3222,"bld_height":2.4905904296875,"id":"676"}},{"type":"Feature","geometry":{"geodesic":false,"crs":{"type":"name","properties":{"name":"EPSG:32643"}},"type":"Polygon","coordinates":[[[774000.0,1441000.0],[775000.0,1441000.0],[775000.0,1442000.0],[774000.0,1442000.0],[774000.0,1441000.0]]]},"id":"774,1441","properties":{"bld_cover":0.2404,"bld_height":2.27371328125,"id":"677"}},{"type":"Feature","geometry":{"geodesic":false,"crs":{"type":"name","properties":{"name":"EPSG:32643"}},"type":"Polygon","coordinates":[[[775000.0,1441000.0],[776000.0,1441000.0],[776000.0,1442000.0],[775000.0,1442000.0],[775000.0,1441000.0]]]},"id":"775,1441","properties":{"bld_cover":0.3144,"bld_height":4.5813296875,"id":"678"}},{"type":"Feature","geometry":{"geodesic":false,"crs":{"type":"name","properties":{"name":"EPSG:32643"}},"type":"Polygon","coordinates":[[[776000.0,1441000.0],[777000.0,1441000.0],[777000.0,1442000.0],[776000.0,1442000.0],[776000.0,1441000.0]]]},"id":"776,1441","properties":{"bld_cover":0.3025,"bld_height":4.2486107421875,"id":"679"}},{"type":"Feature","geometry":{"geodesic":false,"crs":{"type":"name","properties":{"name":"EPSG:32643"}},"type":"Polygon","coordinates":[[[777000.0,1441000.0],[778000.0,1441000.0],[778000.0,1442000.0],[777000.0,1442000.0],[777000.0,1441000.0]]]},"id":"777,1441","properties":{"bld_cover":0.4789,"bld_height":4.9555177734375,"id":"680"}},{"type":"Feature","geometry":{"geodesic":false,"crs":{"type":"name","properties":{"name":"EPSG:32643"}},"type":"Polygon","coordinates":[[[778000.0,1441000.0],[779000.0,1441000.0],[779000.0,1442000.0],[778000.0,1442000.0],[778000.0,1441000.0]]]},"id":"778,1441","properties":{"bld_cover":0.1954,"bld_height":2.791775,"id":"681"}},{"type":"Feature","geometry":{"geodesic":false,"crs":{"type":"name","properties":{"name":"EPSG:32643"}},"type":"Polygon","coordinates":[[[779000.0,1441000.0],[780000.0,1441000.0],[780000.0,1442000.0],[779000.0,1442000.0],[779000.0,1441000.0]]]},"id":"779,1441","properties":{"bld_cover":0.3062,"bld_height":3.164882421875,"id":"682"}},{"type":"Feature","geometry":{"geodesic":false,"crs":{"type":"name","properties":{"name":"EPSG:32643"}},"type":"Polygon","coordinates":[[[780000.0,1441000.0],[781000.0,1441000.0],[781000.0,1442000.0],[780000.0,1442000.0],[780000.0,1441000.0]]]},"id":"780,1441","properties":{"bld_cover":0.271,"bld_height":2.827512890625,"id":"683"}},{"type":"Feature","geometry":{"geodesic":false,"crs":{"type":"name","properties":{"name":"EPSG:32643"}},"type":"Polygon","coordinates":[[[781000.0,1441000.0],[782000.0,1441000.0],[782000.0,1442000.0],[781000.0,1442000.0],[781000.0,1441000.0]]]},"id":"781,1441","properties":{"bld_cover":0.4204,"bld_height":4.6032505859375,"id":"684"}},{"type":"Feature","geometry":{"geodesic":false,"crs":{"type":"name","properties":{"name":"EPSG:32643"}},"type":"Polygon","coordinates":[[[782000.0,1441000.0],[783000.0,1441000.0],[783000.0,1442000.0],[782000.0,1442000.0],[782000.0,1441000.0]]]},"id":"782,1441","properties":{"bld_cover":0.371,"bld_height":4.0734517578125,"id":"685"}},{"type":"Feature","geometry":{"geodesic":false,"crs":{"type":"name","properties":{"name":"EPSG:32643"}},"type":"Polygon","coordinates":[[[783000.0,1441000.0],[784000.0,1441000.0],[784000.0,1442000.0],[783000.0,1442000.0],[783000.0,1441000.0]]]},"id":"783,1441","properties":{"bld_cover":0.3814,"bld_height":3.8579271484375,"id":"686"}},{"type":"Feature","geometry":{"geodesic":false,"crs":{"type":"name","properties":{"name":"EPSG:32643"}},"type":"Polygon","coordinates":[[[784000.0,1441000.0],[785000.0,1441000.0],[785000.0,1442000.0],[784000.0,1442000.0],[784000.0,1441000.0]]]},"id":"784,1441","properties":{"bld_cover":0.343,"bld_height":3.16274921875,"id":"687"}},{"type":"Feature","geometry":{"geodesic":false,"crs":{"type":"name","properties":{"name":"EPSG:32643"}},"type":"Polygon","coordinates":[[[785000.0,1441000.0],[786000.0,1441000.0],[786000.0,1442000.0],[785000.0,1442000.0],[785000.0,1441000.0]]]},"id":"785,1441","properties":{"bld_cover":0.2936,"bld_height":3.559852734375,"id":"688"}},{"type":"Feature","geometry":{"geodesic":false,"crs":{"type":"name","properties":{"name":"EPSG:32643"}},"type":"Polygon","coordinates":[[[786000.0,1441000.0],[787000.0,1441000.0],[787000.0,1442000.0],[786000.0,1442000.0],[786000.0,1441000.0]]]},"id":"786,1441","properties":{"bld_cover":0.2803,"bld_height":3.4289232421875,"id":"689"}},{"type":"Feature","geometry":{"geodesic":false,"crs":{"type":"name","properties":{"name":"EPSG:32643"}},"type":"Polygon","coordinates":[[[787000.0,1441000.0],[788000.0,1441000.0],[788000.0,1442000.0],[787000.0,1442000.0],[787000.0,1441000.0]]]},"id":"787,1441","properties":{"bld_cover":0.3393,"bld_height":3.7080826171875,"id":"690"}},{"type":"Feature","geometry":{"geodesic":false,"crs":{"type":"name","properties":{"name":"EPSG:32643"}},"type":"Polygon","coordinates":[[[788000.0,1441000.0],[789000.0,1441000.0],[789000.0,1442000.0],[788000.0,1442000.0],[788000.0,1441000.0]]]},"id":"788,1441","properties":{"bld_cover":0.3579,"bld_height":4.1631310546875,"id":"691"}},{"type":"Feature","geometry":{"geodesic":false,"crs":{"type":"name","properties":{"name":"EPSG:32643"}},"type":"Polygon","coordinates":[[[789000.0,1441000.0],[790000.0,1441000.0],[790000.0,1442000.0],[789000.0,1442000.0],[789000.0,1441000.0]]]},"id":"789,1441","properties":{"bld_cover":0.3047,"bld_height":3.21531328125,"id":"692"}},{"type":"Feature","geometry":{"geodesic":false,"crs":{"type":"name","properties":{"name":"EPSG:32643"}},"type":"Polygon","coordinates":[[[790000.0,1441000.0],[791000.0,1441000.0],[791000.0,1442000.0],[790000.0,1442000.0],[790000.0,1441000.0]]]},"id":"790,1441","properties":{"bld_cover":0.3602,"bld_height":3.384908984375,"id":"693"}},{"type":"Feature","geometry":{"geodesic":false,"crs":{"type":"name","properties":{"name":"EPSG:32643"}},"type":"Polygon","coordinates":[[[791000.0,1441000.0],[792000.0,1441000.0],[792000.0,1442000.0],[791000.0,1442000.0],[791000.0,1441000.0]]]},"id":"791,1441","properties":{"bld_cover":0.355,"bld_height":3.06164296875,"id":"694"}},{"type":"Feature","geometry":{"geodesic":false,"crs":{"type":"name","properties":{"name":"EPSG:32643"}},"type":"Polygon","coordinates":[[[792000.0,1441000.0],[793000.0,1441000.0],[793000.0,1442000.0],[792000.0,1442000.0],[792000.0,1441000.0]]]},"id":"792,1441","properties":{"bld_cover":0.3059,"bld_height":2.911901953125,"id":"695"}},{"type":"Feature","geometry":{"geodesic":false,"crs":{"type":"name","properties":{"name":"EPSG:32643"}},"type":"Polygon","coordinates":[[[793000.0,1441000.0],[794000.0,1441000.0],[794000.0,1442000.0],[793000.0,1442000.0],[793000.0,1441000.0]]]},"id":"793,1441","properties":{"bld_cover":0.2607,"bld_height":2.4778333984375,"id":"696"}},{"type":"Feature","geometry":{"geodesic":false,"crs":{"type":"name","properties":{"name":"EPSG:32643"}},"type":"Polygon","coordinates":[[[794000.0,1441000.0],[795000.0,1441000.0],[795000.0,1442000.0],[794000.0,1442000.0],[794000.0,1441000.0]]]},"id":"794,1441","properties":{"bld_cover":0.2463,"bld_height":2.6651958984375,"id":"697"}},{"type":"Feature","geometry":{"geodesic":false,"crs":{"type":"name","properties":{"name":"EPSG:32643"}},"type":"Polygon","coordinates":[[[795000.0,1441000.0],[796000.0,1441000.0],[796000.0,1442000.0],[795000.0,1442000.0],[795000.0,1441000.0]]]},"id":"795,1441","properties":{"bld_cover":0.0871,"bld_height":0.6614947265625,"id":"698"}},{"type":"Feature","geometry":{"geodesic":false,"crs":{"type":"name","properties":{"name":"EPSG:32643"}},"type":"Polygon","coordinates":[[[796000.0,1441000.0],[797000.0,1441000.0],[797000.0,1442000.0],[796000.0,1442000.0],[796000.0,1441000.0]]]},"id":"796,1441","properties":{"bld_cover":0.0787,"bld_height":0.6475400390625,"id":"699"}},{"type":"Feature","geometry":{"geodesic":false,"crs":{"type":"name","properties":{"name":"EPSG:32643"}},"type":"Polygon","coordinates":[[[797000.0,1441000.0],[798000.0,1441000.0],[798000.0,1442000.0],[797000.0,1442000.0],[797000.0,1441000.0]]]},"id":"797,1441","properties":{"bld_cover":0.0564,"bld_height":0.4219529296875,"id":"700"}},{"type":"Feature","geometry":{"geodesic":false,"crs":{"type":"name","properties":{"name":"EPSG:32643"}},"type":"Polygon","coordinates":[[[798000.0,1441000.0],[799000.0,1441000.0],[799000.0,1442000.0],[798000.0,1442000.0],[798000.0,1441000.0]]]},"id":"798,1441","properties":{"bld_cover":0.0378,"bld_height":1.1900640625,"id":"701"}},{"type":"Feature","geometry":{"geodesic":false,"crs":{"type":"name","properties":{"name":"EPSG:32643"}},"type":"Polygon","coordinates":[[[765000.0,1442000.0],[766000.0,1442000.0],[766000.0,1443000.0],[765000.0,1443000.0],[765000.0,1442000.0]]]},"id":"765,1442","properties":{"bld_cover":0.0012,"bld_height":0.0741453125,"id":"702"}},{"type":"Feature","geometry":{"geodesic":false,"crs":{"type":"name","properties":{"name":"EPSG:32643"}},"type":"Polygon","coordinates":[[[766000.0,1442000.0],[767000.0,1442000.0],[767000.0,1443000.0],[766000.0,1443000.0],[766000.0,1442000.0]]]},"id":"766,1442","properties":{"bld_cover":0.0509,"bld_height":0.3391734375,"id":"703"}},{"type":"Feature","geometry":{"geodesic":false,"crs":{"type":"name","properties":{"name":"EPSG:32643"}},"type":"Polygon","coordinates":[[[767000.0,1442000.0],[768000.0,1442000.0],[768000.0,1443000.0],[767000.0,1443000.0],[767000.0,1442000.0]]]},"id":"767,1442","properties":{"bld_cover":0.0298,"bld_height":0.2204568359375,"id":"704"}},{"type":"Feature","geometry":{"geodesic":false,"crs":{"type":"name","properties":{"name":"EPSG:32643"}},"type":"Polygon","coordinates":[[[768000.0,1442000.0],[769000.0,1442000.0],[769000.0,1443000.0],[768000.0,1443000.0],[768000.0,1442000.0]]]},"id":"768,1442","properties":{"bld_cover":0.028,"bld_height":0.2124701171875,"id":"705"}},{"type":"Feature","geometry":{"geodesic":false,"crs":{"type":"name","properties":{"name":"EPSG:32643"}},"type":"Polygon","coordinates":[[[769000.0,1442000.0],[770000.0,1442000.0],[770000.0,1443000.0],[769000.0,1443000.0],[769000.0,1442000.0]]]},"id":"769,1442","properties":{"bld_cover":0.1481,"bld_height":1.091035546875,"id":"706"}},{"type":"Feature","geometry":{"geodesic":false,"crs":{"type":"name","properties":{"name":"EPSG:32643"}},"type":"Polygon","coordinates":[[[770000.0,1442000.0],[771000.0,1442000.0],[771000.0,1443000.0],[770000.0,1443000.0],[770000.0,1442000.0]]]},"id":"770,1442","properties":{"bld_cover":0.27,"bld_height":2.237148828125,"id":"707"}},{"type":"Feature","geometry":{"geodesic":false,"crs":{"type":"name","properties":{"name":"EPSG:32643"}},"type":"Polygon","coordinates":[[[771000.0,1442000.0],[772000.0,1442000.0],[772000.0,1443000.0],[771000.0,1443000.0],[771000.0,1442000.0]]]},"id":"771,1442","properties":{"bld_cover":0.2836,"bld_height":2.517777734375,"id":"708"}},{"type":"Feature","geometry":{"geodesic":false,"crs":{"type":"name","properties":{"name":"EPSG:32643"}},"type":"Polygon","coordinates":[[[772000.0,1442000.0],[773000.0,1442000.0],[773000.0,1443000.0],[772000.0,1443000.0],[772000.0,1442000.0]]]},"id":"772,1442","properties":{"bld_cover":0.3744,"bld_height":3.1215806640625,"id":"709"}},{"type":"Feature","geometry":{"geodesic":false,"crs":{"type":"name","properties":{"name":"EPSG:32643"}},"type":"Polygon","coordinates":[[[773000.0,1442000.0],[774000.0,1442000.0],[774000.0,1443000.0],[773000.0,1443000.0],[773000.0,1442000.0]]]},"id":"773,1442","properties":{"bld_cover":0.3747,"bld_height":3.379201953125,"id":"710"}},{"type":"Feature","geometry":{"geodesic":false,"crs":{"type":"name","properties":{"name":"EPSG:32643"}},"type":"Polygon","coordinates":[[[774000.0,1442000.0],[775000.0,1442000.0],[775000.0,1443000.0],[774000.0,1443000.0],[774000.0,1442000.0]]]},"id":"774,1442","properties":{"bld_cover":0.2745,"bld_height":3.0987771484375,"id":"711"}},{"type":"Feature","geometry":{"geodesic":false,"crs":{"type":"name","properties":{"name":"EPSG:32643"}},"type":"Polygon","coordinates":[[[775000.0,1442000.0],[776000.0,1442000.0],[776000.0,1443000.0],[775000.0,1443000.0],[775000.0,1442000.0]]]},"id":"775,1442","properties":{"bld_cover":0.0815,"bld_height":0.853914453125,"id":"712"}},{"type":"Feature","geometry":{"geodesic":false,"crs":{"type":"name","properties":{"name":"EPSG:32643"}},"type":"Polygon","coordinates":[[[776000.0,1442000.0],[777000.0,1442000.0],[777000.0,1443000.0],[776000.0,1443000.0],[776000.0,1442000.0]]]},"id":"776,1442","properties":{"bld_cover":0.2123,"bld_height":1.9280328125,"id":"713"}},{"type":"Feature","geometry":{"geodesic":false,"crs":{"type":"name","properties":{"name":"EPSG:32643"}},"type":"Polygon","coordinates":[[[777000.0,1442000.0],[778000.0,1442000.0],[778000.0,1443000.0],[777000.0,1443000.0],[777000.0,1442000.0]]]},"id":"777,1442","properties":{"bld_cover":0.4468,"bld_height":4.086786328125,"id":"714"}},{"type":"Feature","geometry":{"geodesic":false,"crs":{"type":"name","properties":{"name":"EPSG:32643"}},"type":"Polygon","coordinates":[[[778000.0,1442000.0],[779000.0,1442000.0],[779000.0,1443000.0],[778000.0,1443000.0],[778000.0,1442000.0]]]},"id":"778,1442","properties":{"bld_cover":0.359,"bld_height":3.6583185546875,"id":"715"}},{"type":"Feature","geometry":{"geodesic":false,"crs":{"type":"name","properties":{"name":"EPSG:32643"}},"type":"Polygon","coordinates":[[[779000.0,1442000.0],[780000.0,1442000.0],[780000.0,1443000.0],[779000.0,1443000.0],[779000.0,1442000.0]]]},"id":"779,1442","properties":{"bld_cover":0.3609,"bld_height":3.3156369140625,"id":"716"}},{"type":"Feature","geometry":{"geodesic":false,"crs":{"type":"name","properties":{"name":"EPSG:32643"}},"type":"Polygon","coordinates":[[[780000.0,1442000.0],[781000.0,1442000.0],[781000.0,1443000.0],[780000.0,1443000.0],[780000.0,1442000.0]]]},"id":"780,1442","properties":{"bld_cover":0.1407,"bld_height":1.2210599609375,"id":"717"}},{"type":"Feature","geometry":{"geodesic":false,"crs":{"type":"name","properties":{"name":"EPSG:32643"}},"type":"Polygon","coordinates":[[[781000.0,1442000.0],[782000.0,1442000.0],[782000.0,1443000.0],[781000.0,1443000.0],[781000.0,1442000.0]]]},"id":"781,1442","properties":{"bld_cover":0.3759,"bld_height":3.9202826171875,"id":"718"}},{"type":"Feature","geometry":{"geodesic":false,"crs":{"type":"name","properties":{"name":"EPSG:32643"}},"type":"Polygon","coordinates":[[[782000.0,1442000.0],[783000.0,1442000.0],[783000.0,1443000.0],[782000.0,1443000.0],[782000.0,1442000.0]]]},"id":"782,1442","properties":{"bld_cover":0.4571,"bld_height":4.651250390625,"id":"719"}},{"type":"Feature","geometry":{"geodesic":false,"crs":{"type":"name","properties":{"name":"EPSG:32643"}},"type":"Polygon","coordinates":[[[783000.0,1442000.0],[784000.0,1442000.0],[784000.0,1443000.0],[783000.0,1443000.0],[783000.0,1442000.0]]]},"id":"783,1442","properties":{"bld_cover":0.3373,"bld_height":3.8728150390625,"id":"720"}},{"type":"Feature","geometry":{"geodesic":false,"crs":{"type":"name","properties":{"name":"EPSG:32643"}},"type":"Polygon","coordinates":[[[784000.0,1442000.0],[785000.0,1442000.0],[785000.0,1443000.0],[784000.0,1443000.0],[784000.0,1442000.0]]]},"id":"784,1442","properties":{"bld_cover":0.2679,"bld_height":2.8930212890625,"id":"721"}},{"type":"Feature","geometry":{"geodesic":false,"crs":{"type":"name","properties":{"name":"EPSG:32643"}},"type":"Polygon","coordinates":[[[785000.0,1442000.0],[786000.0,1442000.0],[786000.0,1443000.0],[785000.0,1443000.0],[785000.0,1442000.0]]]},"id":"785,1442","properties":{"bld_cover":0.3035,"bld_height":3.5916677734375,"id":"722"}},{"type":"Feature","geometry":{"geodesic":false,"crs":{"type":"name","properties":{"name":"EPSG:32643"}},"type":"Polygon","coordinates":[[[786000.0,1442000.0],[787000.0,1442000.0],[787000.0,1443000.0],[786000.0,1443000.0],[786000.0,1442000.0]]]},"id":"786,1442","properties":{"bld_cover":0.2778,"bld_height":2.835690234375,"id":"723"}},{"type":"Feature","geometry":{"geodesic":false,"crs":{"type":"name","properties":{"name":"EPSG:32643"}},"type":"Polygon","coordinates":[[[787000.0,1442000.0],[788000.0,1442000.0],[788000.0,1443000.0],[787000.0,1443000.0],[787000.0,1442000.0]]]},"id":"787,1442","properties":{"bld_cover":0.2753,"bld_height":2.57225390625,"id":"724"}},{"type":"Feature","geometry":{"geodesic":false,"crs":{"type":"name","properties":{"name":"EPSG:32643"}},"type":"Polygon","coordinates":[[[788000.0,1442000.0],[789000.0,1442000.0],[789000.0,1443000.0],[788000.0,1443000.0],[788000.0,1442000.0]]]},"id":"788,1442","properties":{"bld_cover":0.2078,"bld_height":2.256978125,"id":"725"}},{"type":"Feature","geometry":{"geodesic":false,"crs":{"type":"name","properties":{"name":"EPSG:32643"}},"type":"Polygon","coordinates":[[[789000.0,1442000.0],[790000.0,1442000.0],[790000.0,1443000.0],[789000.0,1443000.0],[789000.0,1442000.0]]]},"id":"789,1442","properties":{"bld_cover":0.2762,"bld_height":3.1388033203125,"id":"726"}},{"type":"Feature","geometry":{"geodesic":false,"crs":{"type":"name","properties":{"name":"EPSG:32643"}},"type":"Polygon","coordinates":[[[790000.0,1442000.0],[791000.0,1442000.0],[791000.0,1443000.0],[790000.0,1443000.0],[790000.0,1442000.0]]]},"id":"790,1442","properties":{"bld_cover":0.3053,"bld_height":2.5961328125,"id":"727"}},{"type":"Feature","geometry":{"geodesic":false,"crs":{"type":"name","properties":{"name":"EPSG:32643"}},"type":"Polygon","coordinates":[[[791000.0,1442000.0],[792000.0,1442000.0],[792000.0,1443000.0],[791000.0,1443000.0],[791000.0,1442000.0]]]},"id":"791,1442","properties":{"bld_cover":0.2888,"bld_height":2.571317578125,"id":"728"}},{"type":"Feature","geometry":{"geodesic":false,"crs":{"type":"name","properties":{"name":"EPSG:32643"}},"type":"Polygon","coordinates":[[[792000.0,1442000.0],[793000.0,1442000.0],[793000.0,1443000.0],[792000.0,1443000.0],[792000.0,1442000.0]]]},"id":"792,1442","properties":{"bld_cover":0.2626,"bld_height":2.1702515625,"id":"729"}},{"type":"Feature","geometry":{"geodesic":false,"crs":{"type":"name","properties":{"name":"EPSG:32643"}},"type":"Polygon","coordinates":[[[793000.0,1442000.0],[794000.0,1442000.0],[794000.0,1443000.0],[793000.0,1443000.0],[793000.0,1442000.0]]]},"id":"793,1442","properties":{"bld_cover":0.2438,"bld_height":2.261543359375,"id":"730"}},{"type":"Feature","geometry":{"geodesic":false,"crs":{"type":"name","properties":{"name":"EPSG:32643"}},"type":"Polygon","coordinates":[[[794000.0,1442000.0],[795000.0,1442000.0],[795000.0,1443000.0],[794000.0,1443000.0],[794000.0,1442000.0]]]},"id":"794,1442","properties":{"bld_cover":0.2081,"bld_height":1.4742986328125,"id":"731"}},{"type":"Feature","geometry":{"geodesic":false,"crs":{"type":"name","properties":{"name":"EPSG:32643"}},"type":"Polygon","coordinates":[[[795000.0,1442000.0],[796000.0,1442000.0],[796000.0,1443000.0],[795000.0,1443000.0],[795000.0,1442000.0]]]},"id":"795,1442","properties":{"bld_cover":0.063,"bld_height":0.7288615234375,"id":"732"}},{"type":"Feature","geometry":{"geodesic":false,"crs":{"type":"name","properties":{"name":"EPSG:32643"}},"type":"Polygon","coordinates":[[[796000.0,1442000.0],[797000.0,1442000.0],[797000.0,1443000.0],[796000.0,1443000.0],[796000.0,1442000.0]]]},"id":"796,1442","properties":{"bld_cover":0.1617,"bld_height":1.3884373046875,"id":"733"}},{"type":"Feature","geometry":{"geodesic":false,"crs":{"type":"name","properties":{"name":"EPSG:32643"}},"type":"Polygon","coordinates":[[[797000.0,1442000.0],[798000.0,1442000.0],[798000.0,1443000.0],[797000.0,1443000.0],[797000.0,1442000.0]]]},"id":"797,1442","properties":{"bld_cover":0.1344,"bld_height":1.082894921875,"id":"734"}},{"type":"Feature","geometry":{"geodesic":false,"crs":{"type":"name","properties":{"name":"EPSG:32643"}},"type":"Polygon","coordinates":[[[798000.0,1442000.0],[799000.0,1442000.0],[799000.0,1443000.0],[798000.0,1443000.0],[798000.0,1442000.0]]]},"id":"798,1442","properties":{"bld_cover":0.019,"bld_height":1.470827734375,"id":"735"}},{"type":"Feature","geometry":{"geodesic":false,"crs":{"type":"name","properties":{"name":"EPSG:32643"}},"type":"Polygon","coordinates":[[[765000.0,1443000.0],[766000.0,1443000.0],[766000.0,1444000.0],[765000.0,1444000.0],[765000.0,1443000.0]]]},"id":"765,1443","properties":{"bld_cover":0.0042,"bld_height":0.1628267578125,"id":"736"}},{"type":"Feature","geometry":{"geodesic":false,"crs":{"type":"name","properties":{"name":"EPSG:32643"}},"type":"Polygon","coordinates":[[[766000.0,1443000.0],[767000.0,1443000.0],[767000.0,1444000.0],[766000.0,1444000.0],[766000.0,1443000.0]]]},"id":"766,1443","properties":{"bld_cover":0.0867,"bld_height":0.608890234375,"id":"737"}},{"type":"Feature","geometry":{"geodesic":false,"crs":{"type":"name","properties":{"name":"EPSG:32643"}},"type":"Polygon","coordinates":[[[767000.0,1443000.0],[768000.0,1443000.0],[768000.0,1444000.0],[767000.0,1444000.0],[767000.0,1443000.0]]]},"id":"767,1443","properties":{"bld_cover":0.0417,"bld_height":0.34857578125,"id":"738"}},{"type":"Feature","geometry":{"geodesic":false,"crs":{"type":"name","properties":{"name":"EPSG:32643"}},"type":"Polygon","coordinates":[[[768000.0,1443000.0],[769000.0,1443000.0],[769000.0,1444000.0],[768000.0,1444000.0],[768000.0,1443000.0]]]},"id":"768,1443","properties":{"bld_cover":0.0303,"bld_height":0.2220349609375,"id":"739"}},{"type":"Feature","geometry":{"geodesic":false,"crs":{"type":"name","properties":{"name":"EPSG:32643"}},"type":"Polygon","coordinates":[[[769000.0,1443000.0],[770000.0,1443000.0],[770000.0,1444000.0],[769000.0,1444000.0],[769000.0,1443000.0]]]},"id":"769,1443","properties":{"bld_cover":0.1904,"bld_height":1.61551796875,"id":"740"}},{"type":"Feature","geometry":{"geodesic":false,"crs":{"type":"name","properties":{"name":"EPSG:32643"}},"type":"Polygon","coordinates":[[[770000.0,1443000.0],[771000.0,1443000.0],[771000.0,1444000.0],[770000.0,1444000.0],[770000.0,1443000.0]]]},"id":"770,1443","properties":{"bld_cover":0.1625,"bld_height":1.3512583984375,"id":"741"}},{"type":"Feature","geometry":{"geodesic":false,"crs":{"type":"name","properties":{"name":"EPSG:32643"}},"type":"Polygon","coordinates":[[[771000.0,1443000.0],[772000.0,1443000.0],[772000.0,1444000.0],[771000.0,1444000.0],[771000.0,1443000.0]]]},"id":"771,1443","properties":{"bld_cover":0.2574,"bld_height":3.6146455078125,"id":"742"}},{"type":"Feature","geometry":{"geodesic":false,"crs":{"type":"name","properties":{"name":"EPSG:32643"}},"type":"Polygon","coordinates":[[[772000.0,1443000.0],[773000.0,1443000.0],[773000.0,1444000.0],[772000.0,1444000.0],[772000.0,1443000.0]]]},"id":"772,1443","properties":{"bld_cover":0.4337,"bld_height":3.985465234375,"id":"743"}},{"type":"Feature","geometry":{"geodesic":false,"crs":{"type":"name","properties":{"name":"EPSG:32643"}},"type":"Polygon","coordinates":[[[773000.0,1443000.0],[774000.0,1443000.0],[774000.0,1444000.0],[773000.0,1444000.0],[773000.0,1443000.0]]]},"id":"773,1443","properties":{"bld_cover":0.2775,"bld_height":2.8547458984375,"id":"744"}},{"type":"Feature","geometry":{"geodesic":false,"crs":{"type":"name","properties":{"name":"EPSG:32643"}},"type":"Polygon","coordinates":[[[774000.0,1443000.0],[775000.0,1443000.0],[775000.0,1444000.0],[774000.0,1444000.0],[774000.0,1443000.0]]]},"id":"774,1443","properties":{"bld_cover":0.1883,"bld_height":2.00239765625,"id":"745"}},{"type":"Feature","geometry":{"geodesic":false,"crs":{"type":"name","properties":{"name":"EPSG:32643"}},"type":"Polygon","coordinates":[[[775000.0,1443000.0],[776000.0,1443000.0],[776000.0,1444000.0],[775000.0,1444000.0],[775000.0,1443000.0]]]},"id":"775,1443","properties":{"bld_cover":0.076,"bld_height":1.0126638671875,"id":"746"}},{"type":"Feature","geometry":{"geodesic":false,"crs":{"type":"name","properties":{"name":"EPSG:32643"}},"type":"Polygon","coordinates":[[[776000.0,1443000.0],[777000.0,1443000.0],[777000.0,1444000.0],[776000.0,1444000.0],[776000.0,1443000.0]]]},"id":"776,1443","properties":{"bld_cover":0.3166,"bld_height":2.754459765625,"id":"747"}},{"type":"Feature","geometry":{"geodesic":false,"crs":{"type":"name","properties":{"name":"EPSG:32643"}},"type":"Polygon","coordinates":[[[777000.0,1443000.0],[778000.0,1443000.0],[778000.0,1444000.0],[777000.0,1444000.0],[777000.0,1443000.0]]]},"id":"777,1443","properties":{"bld_cover":0.1429,"bld_height":1.32351484375,"id":"748"}},{"type":"Feature","geometry":{"geodesic":false,"crs":{"type":"name","properties":{"name":"EPSG:32643"}},"type":"Polygon","coordinates":[[[778000.0,1443000.0],[779000.0,1443000.0],[779000.0,1444000.0],[778000.0,1444000.0],[778000.0,1443000.0]]]},"id":"778,1443","properties":{"bld_cover":0.301,"bld_height":3.3936669921875,"id":"749"}},{"type":"Feature","geometry":{"geodesic":false,"crs":{"type":"name","properties":{"name":"EPSG:32643"}},"type":"Polygon","coordinates":[[[779000.0,1443000.0],[780000.0,1443000.0],[780000.0,1444000.0],[779000.0,1444000.0],[779000.0,1443000.0]]]},"id":"779,1443","properties":{"bld_cover":0.3464,"bld_height":3.8865681640625,"id":"750"}},{"type":"Feature","geometry":{"geodesic":false,"crs":{"type":"name","properties":{"name":"EPSG:32643"}},"type":"Polygon","coordinates":[[[780000.0,1443000.0],[781000.0,1443000.0],[781000.0,1444000.0],[780000.0,1444000.0],[780000.0,1443000.0]]]},"id":"780,1443","properties":{"bld_cover":0.0348,"bld_height":0.265696875,"id":"751"}},{"type":"Feature","geometry":{"geodesic":false,"crs":{"type":"name","properties":{"name":"EPSG:32643"}},"type":"Polygon","coordinates":[[[781000.0,1443000.0],[782000.0,1443000.0],[782000.0,1444000.0],[781000.0,1444000.0],[781000.0,1443000.0]]]},"id":"781,1443","properties":{"bld_cover":0.1641,"bld_height":1.41215390625,"id":"752"}},{"type":"Feature","geometry":{"geodesic":false,"crs":{"type":"name","properties":{"name":"EPSG:32643"}},"type":"Polygon","coordinates":[[[782000.0,1443000.0],[783000.0,1443000.0],[783000.0,1444000.0],[782000.0,1444000.0],[782000.0,1443000.0]]]},"id":"782,1443","properties":{"bld_cover":0.161,"bld_height":2.10959375,"id":"753"}},{"type":"Feature","geometry":{"geodesic":false,"crs":{"type":"name","properties":{"name":"EPSG:32643"}},"type":"Polygon","coordinates":[[[783000.0,1443000.0],[784000.0,1443000.0],[784000.0,1444000.0],[783000.0,1444000.0],[783000.0,1443000.0]]]},"id":"783,1443","properties":{"bld_cover":0.13,"bld_height":3.500858203125,"id":"754"}},{"type":"Feature","geometry":{"geodesic":false,"crs":{"type":"name","properties":{"name":"EPSG:32643"}},"type":"Polygon","coordinates":[[[784000.0,1443000.0],[785000.0,1443000.0],[785000.0,1444000.0],[784000.0,1444000.0],[784000.0,1443000.0]]]},"id":"784,1443","properties":{"bld_cover":0.2711,"bld_height":6.5145826171875,"id":"755"}},{"type":"Feature","geometry":{"geodesic":false,"crs":{"type":"name","properties":{"name":"EPSG:32643"}},"type":"Polygon","coordinates":[[[785000.0,1443000.0],[786000.0,1443000.0],[786000.0,1444000.0],[785000.0,1444000.0],[785000.0,1443000.0]]]},"id":"785,1443","properties":{"bld_cover":0.2062,"bld_height":1.8058328125,"id":"756"}},{"type":"Feature","geometry":{"geodesic":false,"crs":{"type":"name","properties":{"name":"EPSG:32643"}},"type":"Polygon","coordinates":[[[786000.0,1443000.0],[787000.0,1443000.0],[787000.0,1444000.0],[786000.0,1444000.0],[786000.0,1443000.0]]]},"id":"786,1443","properties":{"bld_cover":0.1615,"bld_height":1.76458359375,"id":"757"}},{"type":"Feature","geometry":{"geodesic":false,"crs":{"type":"name","properties":{"name":"EPSG:32643"}},"type":"Polygon","coordinates":[[[787000.0,1443000.0],[788000.0,1443000.0],[788000.0,1444000.0],[787000.0,1444000.0],[787000.0,1443000.0]]]},"id":"787,1443","properties":{"bld_cover":0.116,"bld_height":0.948117578125,"id":"758"}},{"type":"Feature","geometry":{"geodesic":false,"crs":{"type":"name","properties":{"name":"EPSG:32643"}},"type":"Polygon","coordinates":[[[788000.0,1443000.0],[789000.0,1443000.0],[789000.0,1444000.0],[788000.0,1444000.0],[788000.0,1443000.0]]]},"id":"788,1443","properties":{"bld_cover":0.0684,"bld_height":0.6159427734375,"id":"759"}},{"type":"Feature","geometry":{"geodesic":false,"crs":{"type":"name","properties":{"name":"EPSG:32643"}},"type":"Polygon","coordinates":[[[789000.0,1443000.0],[790000.0,1443000.0],[790000.0,1444000.0],[789000.0,1444000.0],[789000.0,1443000.0]]]},"id":"789,1443","properties":{"bld_cover":0.1334,"bld_height":1.1396638671875,"id":"760"}},{"type":"Feature","geometry":{"geodesic":false,"crs":{"type":"name","properties":{"name":"EPSG:32643"}},"type":"Polygon","coordinates":[[[790000.0,1443000.0],[791000.0,1443000.0],[791000.0,1444000.0],[790000.0,1444000.0],[790000.0,1443000.0]]]},"id":"790,1443","properties":{"bld_cover":0.1899,"bld_height":1.6414564453125,"id":"761"}},{"type":"Feature","geometry":{"geodesic":false,"crs":{"type":"name","properties":{"name":"EPSG:32643"}},"type":"Polygon","coordinates":[[[791000.0,1443000.0],[792000.0,1443000.0],[792000.0,1444000.0],[791000.0,1444000.0],[791000.0,1443000.0]]]},"id":"791,1443","properties":{"bld_cover":0.1399,"bld_height":0.9544396484375,"id":"762"}},{"type":"Feature","geometry":{"geodesic":false,"crs":{"type":"name","properties":{"name":"EPSG:32643"}},"type":"Polygon","coordinates":[[[792000.0,1443000.0],[793000.0,1443000.0],[793000.0,1444000.0],[792000.0,1444000.0],[792000.0,1443000.0]]]},"id":"792,1443","properties":{"bld_cover":0.0954,"bld_height":0.70888125,"id":"763"}},{"type":"Feature","geometry":{"geodesic":false,"crs":{"type":"name","properties":{"name":"EPSG:32643"}},"type":"Polygon","coordinates":[[[793000.0,1443000.0],[794000.0,1443000.0],[794000.0,1444000.0],[793000.0,1444000.0],[793000.0,1443000.0]]]},"id":"793,1443","properties":{"bld_cover":0.0871,"bld_height":0.6415322265625,"id":"764"}},{"type":"Feature","geometry":{"geodesic":false,"crs":{"type":"name","properties":{"name":"EPSG:32643"}},"type":"Polygon","coordinates":[[[794000.0,1443000.0],[795000.0,1443000.0],[795000.0,1444000.0],[794000.0,1444000.0],[794000.0,1443000.0]]]},"id":"794,1443","properties":{"bld_cover":0.0405,"bld_height":0.2548169921875,"id":"765"}},{"type":"Feature","geometry":{"geodesic":false,"crs":{"type":"name","properties":{"name":"EPSG:32643"}},"type":"Polygon","coordinates":[[[795000.0,1443000.0],[796000.0,1443000.0],[796000.0,1444000.0],[795000.0,1444000.0],[795000.0,1443000.0]]]},"id":"795,1443","properties":{"bld_cover":0.1238,"bld_height":0.8716251953125,"id":"766"}},{"type":"Feature","geometry":{"geodesic":false,"crs":{"type":"name","properties":{"name":"EPSG:32643"}},"type":"Polygon","coordinates":[[[796000.0,1443000.0],[797000.0,1443000.0],[797000.0,1444000.0],[796000.0,1444000.0],[796000.0,1443000.0]]]},"id":"796,1443","properties":{"bld_cover":0.0934,"bld_height":0.7443439453125,"id":"767"}},{"type":"Feature","geometry":{"geodesic":false,"crs":{"type":"name","properties":{"name":"EPSG:32643"}},"type":"Polygon","coordinates":[[[797000.0,1443000.0],[798000.0,1443000.0],[798000.0,1444000.0],[797000.0,1444000.0],[797000.0,1443000.0]]]},"id":"797,1443","properties":{"bld_cover":0.172,"bld_height":2.0649828125,"id":"768"}},{"type":"Feature","geometry":{"geodesic":false,"crs":{"type":"name","properties":{"name":"EPSG:32643"}},"type":"Polygon","coordinates":[[[798000.0,1443000.0],[799000.0,1443000.0],[799000.0,1444000.0],[798000.0,1444000.0],[798000.0,1443000.0]]]},"id":"798,1443","properties":{"bld_cover":0.0555,"bld_height":2.1928078125,"id":"769"}},{"type":"Feature","geometry":{"geodesic":false,"crs":{"type":"name","properties":{"name":"EPSG:32643"}},"type":"Polygon","coordinates":[[[765000.0,1444000.0],[766000.0,1444000.0],[766000.0,1445000.0],[765000.0,1445000.0],[765000.0,1444000.0]]]},"id":"765,1444","properties":{"bld_cover":0.0059,"bld_height":0.3717521484375,"id":"770"}},{"type":"Feature","geometry":{"geodesic":false,"crs":{"type":"name","properties":{"name":"EPSG:32643"}},"type":"Polygon","coordinates":[[[766000.0,1444000.0],[767000.0,1444000.0],[767000.0,1445000.0],[766000.0,1445000.0],[766000.0,1444000.0]]]},"id":"766,1444","properties":{"bld_cover":0.1788,"bld_height":1.4285779296875,"id":"771"}},{"type":"Feature","geometry":{"geodesic":false,"crs":{"type":"name","properties":{"name":"EPSG:32643"}},"type":"Polygon","coordinates":[[[767000.0,1444000.0],[768000.0,1444000.0],[768000.0,1445000.0],[767000.0,1445000.0],[767000.0,1444000.0]]]},"id":"767,1444","properties":{"bld_cover":0.1208,"bld_height":0.872899609375,"id":"772"}},{"type":"Feature","geometry":{"geodesic":false,"crs":{"type":"name","properties":{"name":"EPSG:32643"}},"type":"Polygon","coordinates":[[[768000.0,1444000.0],[769000.0,1444000.0],[769000.0,1445000.0],[768000.0,1445000.0],[768000.0,1444000.0]]]},"id":"768,1444","properties":{"bld_cover":0.1142,"bld_height":0.8560732421875,"id":"773"}},{"type":"Feature","geometry":{"geodesic":false,"crs":{"type":"name","properties":{"name":"EPSG:32643"}},"type":"Polygon","coordinates":[[[769000.0,1444000.0],[770000.0,1444000.0],[770000.0,1445000.0],[769000.0,1445000.0],[769000.0,1444000.0]]]},"id":"769,1444","properties":{"bld_cover":0.2248,"bld_height":3.433487109375,"id":"774"}},{"type":"Feature","geometry":{"geodesic":false,"crs":{"type":"name","properties":{"name":"EPSG:32643"}},"type":"Polygon","coordinates":[[[770000.0,1444000.0],[771000.0,1444000.0],[771000.0,1445000.0],[770000.0,1445000.0],[770000.0,1444000.0]]]},"id":"770,1444","properties":{"bld_cover":0.2553,"bld_height":2.7056271484375,"id":"775"}},{"type":"Feature","geometry":{"geodesic":false,"crs":{"type":"name","properties":{"name":"EPSG:32643"}},"type":"Polygon","coordinates":[[[771000.0,1444000.0],[772000.0,1444000.0],[772000.0,1445000.0],[771000.0,1445000.0],[771000.0,1444000.0]]]},"id":"771,1444","properties":{"bld_cover":0.3541,"bld_height":3.32670859375,"id":"776"}},{"type":"Feature","geometry":{"geodesic":false,"crs":{"type":"name","properties":{"name":"EPSG:32643"}},"type":"Polygon","coordinates":[[[772000.0,1444000.0],[773000.0,1444000.0],[773000.0,1445000.0],[772000.0,1445000.0],[772000.0,1444000.0]]]},"id":"772,1444","properties":{"bld_cover":0.3962,"bld_height":3.2838578125,"id":"777"}},{"type":"Feature","geometry":{"geodesic":false,"crs":{"type":"name","properties":{"name":"EPSG:32643"}},"type":"Polygon","coordinates":[[[773000.0,1444000.0],[774000.0,1444000.0],[774000.0,1445000.0],[773000.0,1445000.0],[773000.0,1444000.0]]]},"id":"773,1444","properties":{"bld_cover":0.1451,"bld_height":1.0902798828125,"id":"778"}},{"type":"Feature","geometry":{"geodesic":false,"crs":{"type":"name","properties":{"name":"EPSG:32643"}},"type":"Polygon","coordinates":[[[774000.0,1444000.0],[775000.0,1444000.0],[775000.0,1445000.0],[774000.0,1445000.0],[774000.0,1444000.0]]]},"id":"774,1444","properties":{"bld_cover":0.142,"bld_height":1.020053515625,"id":"779"}},{"type":"Feature","geometry":{"geodesic":false,"crs":{"type":"name","properties":{"name":"EPSG:32643"}},"type":"Polygon","coordinates":[[[775000.0,1444000.0],[776000.0,1444000.0],[776000.0,1445000.0],[775000.0,1445000.0],[775000.0,1444000.0]]]},"id":"775,1444","properties":{"bld_cover":0.1037,"bld_height":1.4365291015625,"id":"780"}},{"type":"Feature","geometry":{"geodesic":false,"crs":{"type":"name","properties":{"name":"EPSG:32643"}},"type":"Polygon","coordinates":[[[776000.0,1444000.0],[777000.0,1444000.0],[777000.0,1445000.0],[776000.0,1445000.0],[776000.0,1444000.0]]]},"id":"776,1444","properties":{"bld_cover":0.1255,"bld_height":1.1931458984375,"id":"781"}},{"type":"Feature","geometry":{"geodesic":false,"crs":{"type":"name","properties":{"name":"EPSG:32643"}},"type":"Polygon","coordinates":[[[777000.0,1444000.0],[778000.0,1444000.0],[778000.0,1445000.0],[777000.0,1445000.0],[777000.0,1444000.0]]]},"id":"777,1444","properties":{"bld_cover":0.1532,"bld_height":1.556842578125,"id":"782"}},{"type":"Feature","geometry":{"geodesic":false,"crs":{"type":"name","properties":{"name":"EPSG:32643"}},"type":"Polygon","coordinates":[[[778000.0,1444000.0],[779000.0,1444000.0],[779000.0,1445000.0],[778000.0,1445000.0],[778000.0,1444000.0]]]},"id":"778,1444","properties":{"bld_cover":0.2471,"bld_height":2.244899609375,"id":"783"}},{"type":"Feature","geometry":{"geodesic":false,"crs":{"type":"name","properties":{"name":"EPSG:32643"}},"type":"Polygon","coordinates":[[[779000.0,1444000.0],[780000.0,1444000.0],[780000.0,1445000.0],[779000.0,1445000.0],[779000.0,1444000.0]]]},"id":"779,1444","properties":{"bld_cover":0.2887,"bld_height":3.269667578125,"id":"784"}},{"type":"Feature","geometry":{"geodesic":false,"crs":{"type":"name","properties":{"name":"EPSG:32643"}},"type":"Polygon","coordinates":[[[780000.0,1444000.0],[781000.0,1444000.0],[781000.0,1445000.0],[780000.0,1445000.0],[780000.0,1444000.0]]]},"id":"780,1444","properties":{"bld_cover":0.1223,"bld_height":1.3567015625,"id":"785"}},{"type":"Feature","geometry":{"geodesic":false,"crs":{"type":"name","properties":{"name":"EPSG:32643"}},"type":"Polygon","coordinates":[[[781000.0,1444000.0],[782000.0,1444000.0],[782000.0,1445000.0],[781000.0,1445000.0],[781000.0,1444000.0]]]},"id":"781,1444","properties":{"bld_cover":0.2055,"bld_height":4.8783228515625,"id":"786"}},{"type":"Feature","geometry":{"geodesic":false,"crs":{"type":"name","properties":{"name":"EPSG:32643"}},"type":"Polygon","coordinates":[[[782000.0,1444000.0],[783000.0,1444000.0],[783000.0,1445000.0],[782000.0,1445000.0],[782000.0,1444000.0]]]},"id":"782,1444","properties":{"bld_cover":0.3738,"bld_height":3.6223427734375,"id":"787"}},{"type":"Feature","geometry":{"geodesic":false,"crs":{"type":"name","properties":{"name":"EPSG:32643"}},"type":"Polygon","coordinates":[[[783000.0,1444000.0],[784000.0,1444000.0],[784000.0,1445000.0],[783000.0,1445000.0],[783000.0,1444000.0]]]},"id":"783,1444","properties":{"bld_cover":0.2353,"bld_height":2.3518353515625,"id":"788"}},{"type":"Feature","geometry":{"geodesic":false,"crs":{"type":"name","properties":{"name":"EPSG:32643"}},"type":"Polygon","coordinates":[[[784000.0,1444000.0],[785000.0,1444000.0],[785000.0,1445000.0],[784000.0,1445000.0],[784000.0,1444000.0]]]},"id":"784,1444","properties":{"bld_cover":0.2088,"bld_height":4.0183109375,"id":"789"}},{"type":"Feature","geometry":{"geodesic":false,"crs":{"type":"name","properties":{"name":"EPSG:32643"}},"type":"Polygon","coordinates":[[[785000.0,1444000.0],[786000.0,1444000.0],[786000.0,1445000.0],[785000.0,1445000.0],[785000.0,1444000.0]]]},"id":"785,1444","properties":{"bld_cover":0.3413,"bld_height":2.921166796875,"id":"790"}},{"type":"Feature","geometry":{"geodesic":false,"crs":{"type":"name","properties":{"name":"EPSG:32643"}},"type":"Polygon","coordinates":[[[786000.0,1444000.0],[787000.0,1444000.0],[787000.0,1445000.0],[786000.0,1445000.0],[786000.0,1444000.0]]]},"id":"786,1444","properties":{"bld_cover":0.209,"bld_height":1.96206171875,"id":"791"}},{"type":"Feature","geometry":{"geodesic":false,"crs":{"type":"name","properties":{"name":"EPSG:32643"}},"type":"Polygon","coordinates":[[[787000.0,1444000.0],[788000.0,1444000.0],[788000.0,1445000.0],[787000.0,1445000.0],[787000.0,1444000.0]]]},"id":"787,1444","properties":{"bld_cover":0.2036,"bld_height":1.694374609375,"id":"792"}},{"type":"Feature","geometry":{"geodesic":false,"crs":{"type":"name","properties":{"name":"EPSG:32643"}},"type":"Polygon","coordinates":[[[788000.0,1444000.0],[789000.0,1444000.0],[789000.0,1445000.0],[788000.0,1445000.0],[788000.0,1444000.0]]]},"id":"788,1444","properties":{"bld_cover":0.0953,"bld_height":1.1582064453125,"id":"793"}},{"type":"Feature","geometry":{"geodesic":false,"crs":{"type":"name","properties":{"name":"EPSG:32643"}},"type":"Polygon","coordinates":[[[789000.0,1444000.0],[790000.0,1444000.0],[790000.0,1445000.0],[789000.0,1445000.0],[789000.0,1444000.0]]]},"id":"789,1444","properties":{"bld_cover":0.1146,"bld_height":0.8271353515625,"id":"794"}},{"type":"Feature","geometry":{"geodesic":false,"crs":{"type":"name","properties":{"name":"EPSG:32643"}},"type":"Polygon","coordinates":[[[790000.0,1444000.0],[791000.0,1444000.0],[791000.0,1445000.0],[790000.0,1445000.0],[790000.0,1444000.0]]]},"id":"790,1444","properties":{"bld_cover":0.0444,"bld_height":0.869808984375,"id":"795"}},{"type":"Feature","geometry":{"geodesic":false,"crs":{"type":"name","properties":{"name":"EPSG:32643"}},"type":"Polygon","coordinates":[[[791000.0,1444000.0],[792000.0,1444000.0],[792000.0,1445000.0],[791000.0,1445000.0],[791000.0,1444000.0]]]},"id":"791,1444","properties":{"bld_cover":0.1156,"bld_height":0.9095828125,"id":"796"}},{"type":"Feature","geometry":{"geodesic":false,"crs":{"type":"name","properties":{"name":"EPSG:32643"}},"type":"Polygon","coordinates":[[[792000.0,1444000.0],[793000.0,1444000.0],[793000.0,1445000.0],[792000.0,1445000.0],[792000.0,1444000.0]]]},"id":"792,1444","properties":{"bld_cover":0.0814,"bld_height":0.5809642578125,"id":"797"}},{"type":"Feature","geometry":{"geodesic":false,"crs":{"type":"name","properties":{"name":"EPSG:32643"}},"type":"Polygon","coordinates":[[[793000.0,1444000.0],[794000.0,1444000.0],[794000.0,1445000.0],[793000.0,1445000.0],[793000.0,1444000.0]]]},"id":"793,1444","properties":{"bld_cover":0.0567,"bld_height":0.3755931640625,"id":"798"}},{"type":"Feature","geometry":{"geodesic":false,"crs":{"type":"name","properties":{"name":"EPSG:32643"}},"type":"Polygon","coordinates":[[[794000.0,1444000.0],[795000.0,1444000.0],[795000.0,1445000.0],[794000.0,1445000.0],[794000.0,1444000.0]]]},"id":"794,1444","properties":{"bld_cover":0.0901,"bld_height":0.8736693359375,"id":"799"}},{"type":"Feature","geometry":{"geodesic":false,"crs":{"type":"name","properties":{"name":"EPSG:32643"}},"type":"Polygon","coordinates":[[[795000.0,1444000.0],[796000.0,1444000.0],[796000.0,1445000.0],[795000.0,1445000.0],[795000.0,1444000.0]]]},"id":"795,1444","properties":{"bld_cover":0.0508,"bld_height":0.3703416015625,"id":"800"}},{"type":"Feature","geometry":{"geodesic":false,"crs":{"type":"name","properties":{"name":"EPSG:32643"}},"type":"Polygon","coordinates":[[[796000.0,1444000.0],[797000.0,1444000.0],[797000.0,1445000.0],[796000.0,1445000.0],[796000.0,1444000.0]]]},"id":"796,1444","properties":{"bld_cover":0.0726,"bld_height":0.501215234375,"id":"801"}},{"type":"Feature","geometry":{"geodesic":false,"crs":{"type":"name","properties":{"name":"EPSG:32643"}},"type":"Polygon","coordinates":[[[797000.0,1444000.0],[798000.0,1444000.0],[798000.0,1445000.0],[797000.0,1445000.0],[797000.0,1444000.0]]]},"id":"797,1444","properties":{"bld_cover":0.112,"bld_height":0.757906640625,"id":"802"}},{"type":"Feature","geometry":{"geodesic":false,"crs":{"type":"name","properties":{"name":"EPSG:32643"}},"type":"Polygon","coordinates":[[[798000.0,1444000.0],[799000.0,1444000.0],[799000.0,1445000.0],[798000.0,1445000.0],[798000.0,1444000.0]]]},"id":"798,1444","properties":{"bld_cover":0.0083,"bld_height":0.313983984375,"id":"803"}},{"type":"Feature","geometry":{"geodesic":false,"crs":{"type":"name","properties":{"name":"EPSG:32643"}},"type":"Polygon","coordinates":[[[765000.0,1445000.0],[766000.0,1445000.0],[766000.0,1446000.0],[765000.0,1446000.0],[765000.0,1445000.0]]]},"id":"765,1445","properties":{"bld_cover":0.089,"bld_height":2.32894375,"id":"804"}},{"type":"Feature","geometry":{"geodesic":false,"crs":{"type":"name","properties":{"name":"EPSG:32643"}},"type":"Polygon","coordinates":[[[766000.0,1445000.0],[767000.0,1445000.0],[767000.0,1446000.0],[766000.0,1446000.0],[766000.0,1445000.0]]]},"id":"766,1445","properties":{"bld_cover":0.1895,"bld_height":1.530031640625,"id":"805"}},{"type":"Feature","geometry":{"geodesic":false,"crs":{"type":"name","properties":{"name":"EPSG:32643"}},"type":"Polygon","coordinates":[[[767000.0,1445000.0],[768000.0,1445000.0],[768000.0,1446000.0],[767000.0,1446000.0],[767000.0,1445000.0]]]},"id":"767,1445","properties":{"bld_cover":0.1801,"bld_height":1.4890560546875,"id":"806"}},{"type":"Feature","geometry":{"geodesic":false,"crs":{"type":"name","properties":{"name":"EPSG:32643"}},"type":"Polygon","coordinates":[[[768000.0,1445000.0],[769000.0,1445000.0],[769000.0,1446000.0],[768000.0,1446000.0],[768000.0,1445000.0]]]},"id":"768,1445","properties":{"bld_cover":0.1481,"bld_height":2.0415203125,"id":"807"}},{"type":"Feature","geometry":{"geodesic":false,"crs":{"type":"name","properties":{"name":"EPSG:32643"}},"type":"Polygon","coordinates":[[[769000.0,1445000.0],[770000.0,1445000.0],[770000.0,1446000.0],[769000.0,1446000.0],[769000.0,1445000.0]]]},"id":"769,1445","properties":{"bld_cover":0.1402,"bld_height":1.0752970703125,"id":"808"}},{"type":"Feature","geometry":{"geodesic":false,"crs":{"type":"name","properties":{"name":"EPSG:32643"}},"type":"Polygon","coordinates":[[[770000.0,1445000.0],[771000.0,1445000.0],[771000.0,1446000.0],[770000.0,1446000.0],[770000.0,1445000.0]]]},"id":"770,1445","properties":{"bld_cover":0.2751,"bld_height":2.5983107421875,"id":"809"}},{"type":"Feature","geometry":{"geodesic":false,"crs":{"type":"name","properties":{"name":"EPSG:32643"}},"type":"Polygon","coordinates":[[[771000.0,1445000.0],[772000.0,1445000.0],[772000.0,1446000.0],[771000.0,1446000.0],[771000.0,1445000.0]]]},"id":"771,1445","properties":{"bld_cover":0.2704,"bld_height":2.8829103515625,"id":"810"}},{"type":"Feature","geometry":{"geodesic":false,"crs":{"type":"name","properties":{"name":"EPSG:32643"}},"type":"Polygon","coordinates":[[[772000.0,1445000.0],[773000.0,1445000.0],[773000.0,1446000.0],[772000.0,1446000.0],[772000.0,1445000.0]]]},"id":"772,1445","properties":{"bld_cover":0.2473,"bld_height":2.0445244140625,"id":"811"}},{"type":"Feature","geometry":{"geodesic":false,"crs":{"type":"name","properties":{"name":"EPSG:32643"}},"type":"Polygon","coordinates":[[[773000.0,1445000.0],[774000.0,1445000.0],[774000.0,1446000.0],[773000.0,1446000.0],[773000.0,1445000.0]]]},"id":"773,1445","properties":{"bld_cover":0.1314,"bld_height":1.334832421875,"id":"812"}},{"type":"Feature","geometry":{"geodesic":false,"crs":{"type":"name","properties":{"name":"EPSG:32643"}},"type":"Polygon","coordinates":[[[774000.0,1445000.0],[775000.0,1445000.0],[775000.0,1446000.0],[774000.0,1446000.0],[774000.0,1445000.0]]]},"id":"774,1445","properties":{"bld_cover":0.2661,"bld_height":2.1345119140625,"id":"813"}},{"type":"Feature","geometry":{"geodesic":false,"crs":{"type":"name","properties":{"name":"EPSG:32643"}},"type":"Polygon","coordinates":[[[775000.0,1445000.0],[776000.0,1445000.0],[776000.0,1446000.0],[775000.0,1446000.0],[775000.0,1445000.0]]]},"id":"775,1445","properties":{"bld_cover":0.024,"bld_height":0.23586640625,"id":"814"}},{"type":"Feature","geometry":{"geodesic":false,"crs":{"type":"name","properties":{"name":"EPSG:32643"}},"type":"Polygon","coordinates":[[[776000.0,1445000.0],[777000.0,1445000.0],[777000.0,1446000.0],[776000.0,1446000.0],[776000.0,1445000.0]]]},"id":"776,1445","properties":{"bld_cover":0.2353,"bld_height":1.8233255859375,"id":"815"}},{"type":"Feature","geometry":{"geodesic":false,"crs":{"type":"name","properties":{"name":"EPSG:32643"}},"type":"Polygon","coordinates":[[[777000.0,1445000.0],[778000.0,1445000.0],[778000.0,1446000.0],[777000.0,1446000.0],[777000.0,1445000.0]]]},"id":"777,1445","properties":{"bld_cover":0.3337,"bld_height":2.9109775390625,"id":"816"}},{"type":"Feature","geometry":{"geodesic":false,"crs":{"type":"name","properties":{"name":"EPSG:32643"}},"type":"Polygon","coordinates":[[[778000.0,1445000.0],[779000.0,1445000.0],[779000.0,1446000.0],[778000.0,1446000.0],[778000.0,1445000.0]]]},"id":"778,1445","properties":{"bld_cover":0.2093,"bld_height":2.0894828125,"id":"817"}},{"type":"Feature","geometry":{"geodesic":false,"crs":{"type":"name","properties":{"name":"EPSG:32643"}},"type":"Polygon","coordinates":[[[779000.0,1445000.0],[780000.0,1445000.0],[780000.0,1446000.0],[779000.0,1446000.0],[779000.0,1445000.0]]]},"id":"779,1445","properties":{"bld_cover":0.3209,"bld_height":3.378923828125,"id":"818"}},{"type":"Feature","geometry":{"geodesic":false,"crs":{"type":"name","properties":{"name":"EPSG:32643"}},"type":"Polygon","coordinates":[[[780000.0,1445000.0],[781000.0,1445000.0],[781000.0,1446000.0],[780000.0,1446000.0],[780000.0,1445000.0]]]},"id":"780,1445","properties":{"bld_cover":0.2913,"bld_height":3.22637421875,"id":"819"}},{"type":"Feature","geometry":{"geodesic":false,"crs":{"type":"name","properties":{"name":"EPSG:32643"}},"type":"Polygon","coordinates":[[[781000.0,1445000.0],[782000.0,1445000.0],[782000.0,1446000.0],[781000.0,1446000.0],[781000.0,1445000.0]]]},"id":"781,1445","properties":{"bld_cover":0.2665,"bld_height":3.1380169921875,"id":"820"}},{"type":"Feature","geometry":{"geodesic":false,"crs":{"type":"name","properties":{"name":"EPSG:32643"}},"type":"Polygon","coordinates":[[[782000.0,1445000.0],[783000.0,1445000.0],[783000.0,1446000.0],[782000.0,1446000.0],[782000.0,1445000.0]]]},"id":"782,1445","properties":{"bld_cover":0.2758,"bld_height":2.4951966796875,"id":"821"}},{"type":"Feature","geometry":{"geodesic":false,"crs":{"type":"name","properties":{"name":"EPSG:32643"}},"type":"Polygon","coordinates":[[[783000.0,1445000.0],[784000.0,1445000.0],[784000.0,1446000.0],[783000.0,1446000.0],[783000.0,1445000.0]]]},"id":"783,1445","properties":{"bld_cover":0.1096,"bld_height":1.146002734375,"id":"822"}},{"type":"Feature","geometry":{"geodesic":false,"crs":{"type":"name","properties":{"name":"EPSG:32643"}},"type":"Polygon","coordinates":[[[784000.0,1445000.0],[785000.0,1445000.0],[785000.0,1446000.0],[784000.0,1446000.0],[784000.0,1445000.0]]]},"id":"784,1445","properties":{"bld_cover":0.2112,"bld_height":2.7158736328125,"id":"823"}},{"type":"Feature","geometry":{"geodesic":false,"crs":{"type":"name","properties":{"name":"EPSG:32643"}},"type":"Polygon","coordinates":[[[785000.0,1445000.0],[786000.0,1445000.0],[786000.0,1446000.0],[785000.0,1446000.0],[785000.0,1445000.0]]]},"id":"785,1445","properties":{"bld_cover":0.1733,"bld_height":2.508031640625,"id":"824"}},{"type":"Feature","geometry":{"geodesic":false,"crs":{"type":"name","properties":{"name":"EPSG:32643"}},"type":"Polygon","coordinates":[[[786000.0,1445000.0],[787000.0,1445000.0],[787000.0,1446000.0],[786000.0,1446000.0],[786000.0,1445000.0]]]},"id":"786,1445","properties":{"bld_cover":0.1838,"bld_height":2.45800625,"id":"825"}},{"type":"Feature","geometry":{"geodesic":false,"crs":{"type":"name","properties":{"name":"EPSG:32643"}},"type":"Polygon","coordinates":[[[787000.0,1445000.0],[788000.0,1445000.0],[788000.0,1446000.0],[787000.0,1446000.0],[787000.0,1445000.0]]]},"id":"787,1445","properties":{"bld_cover":0.2542,"bld_height":2.423303125,"id":"826"}},{"type":"Feature","geometry":{"geodesic":false,"crs":{"type":"name","properties":{"name":"EPSG:32643"}},"type":"Polygon","coordinates":[[[788000.0,1445000.0],[789000.0,1445000.0],[789000.0,1446000.0],[788000.0,1446000.0],[788000.0,1445000.0]]]},"id":"788,1445","properties":{"bld_cover":0.1017,"bld_height":1.4592228515625,"id":"827"}},{"type":"Feature","geometry":{"geodesic":false,"crs":{"type":"name","properties":{"name":"EPSG:32643"}},"type":"Polygon","coordinates":[[[789000.0,1445000.0],[790000.0,1445000.0],[790000.0,1446000.0],[789000.0,1446000.0],[789000.0,1445000.0]]]},"id":"789,1445","properties":{"bld_cover":0.1134,"bld_height":0.756255859375,"id":"828"}},{"type":"Feature","geometry":{"geodesic":false,"crs":{"type":"name","properties":{"name":"EPSG:32643"}},"type":"Polygon","coordinates":[[[790000.0,1445000.0],[791000.0,1445000.0],[791000.0,1446000.0],[790000.0,1446000.0],[790000.0,1445000.0]]]},"id":"790,1445","properties":{"bld_cover":0.0347,"bld_height":0.2658205078125,"id":"829"}},{"type":"Feature","geometry":{"geodesic":false,"crs":{"type":"name","properties":{"name":"EPSG:32643"}},"type":"Polygon","coordinates":[[[791000.0,1445000.0],[792000.0,1445000.0],[792000.0,1446000.0],[791000.0,1446000.0],[791000.0,1445000.0]]]},"id":"791,1445","properties":{"bld_cover":0.0646,"bld_height":0.450957421875,"id":"830"}},{"type":"Feature","geometry":{"geodesic":false,"crs":{"type":"name","properties":{"name":"EPSG:32643"}},"type":"Polygon","coordinates":[[[792000.0,1445000.0],[793000.0,1445000.0],[793000.0,1446000.0],[792000.0,1446000.0],[792000.0,1445000.0]]]},"id":"792,1445","properties":{"bld_cover":0.042,"bld_height":0.32508515625,"id":"831"}},{"type":"Feature","geometry":{"geodesic":false,"crs":{"type":"name","properties":{"name":"EPSG:32643"}},"type":"Polygon","coordinates":[[[793000.0,1445000.0],[794000.0,1445000.0],[794000.0,1446000.0],[793000.0,1446000.0],[793000.0,1445000.0]]]},"id":"793,1445","properties":{"bld_cover":0.0358,"bld_height":0.20684453125,"id":"832"}},{"type":"Feature","geometry":{"geodesic":false,"crs":{"type":"name","properties":{"name":"EPSG:32643"}},"type":"Polygon","coordinates":[[[794000.0,1445000.0],[795000.0,1445000.0],[795000.0,1446000.0],[794000.0,1446000.0],[794000.0,1445000.0]]]},"id":"794,1445","properties":{"bld_cover":0.1626,"bld_height":1.041615625,"id":"833"}},{"type":"Feature","geometry":{"geodesic":false,"crs":{"type":"name","properties":{"name":"EPSG:32643"}},"type":"Polygon","coordinates":[[[795000.0,1445000.0],[796000.0,1445000.0],[796000.0,1446000.0],[795000.0,1446000.0],[795000.0,1445000.0]]]},"id":"795,1445","properties":{"bld_cover":0.0494,"bld_height":0.3019041015625,"id":"834"}},{"type":"Feature","geometry":{"geodesic":false,"crs":{"type":"name","properties":{"name":"EPSG:32643"}},"type":"Polygon","coordinates":[[[796000.0,1445000.0],[797000.0,1445000.0],[797000.0,1446000.0],[796000.0,1446000.0],[796000.0,1445000.0]]]},"id":"796,1445","properties":{"bld_cover":0.068,"bld_height":0.572358203125,"id":"835"}},{"type":"Feature","geometry":{"geodesic":false,"crs":{"type":"name","properties":{"name":"EPSG:32643"}},"type":"Polygon","coordinates":[[[797000.0,1445000.0],[798000.0,1445000.0],[798000.0,1446000.0],[797000.0,1446000.0],[797000.0,1445000.0]]]},"id":"797,1445","properties":{"bld_cover":0.1255,"bld_height":2.5935224609375,"id":"836"}},{"type":"Feature","geometry":{"geodesic":false,"crs":{"type":"name","properties":{"name":"EPSG:32643"}},"type":"Polygon","coordinates":[[[798000.0,1445000.0],[799000.0,1445000.0],[799000.0,1446000.0],[798000.0,1446000.0],[798000.0,1445000.0]]]},"id":"798,1445","properties":{"bld_cover":0.0449,"bld_height":0.630162890625,"id":"837"}},{"type":"Feature","geometry":{"geodesic":false,"crs":{"type":"name","properties":{"name":"EPSG:32643"}},"type":"Polygon","coordinates":[[[765000.0,1446000.0],[766000.0,1446000.0],[766000.0,1447000.0],[765000.0,1447000.0],[765000.0,1446000.0]]]},"id":"765,1446","properties":{"bld_cover":0.0836,"bld_height":1.27196484375,"id":"838"}},{"type":"Feature","geometry":{"geodesic":false,"crs":{"type":"name","properties":{"name":"EPSG:32643"}},"type":"Polygon","coordinates":[[[766000.0,1446000.0],[767000.0,1446000.0],[767000.0,1447000.0],[766000.0,1447000.0],[766000.0,1446000.0]]]},"id":"766,1446","properties":{"bld_cover":0.1534,"bld_height":1.124975,"id":"839"}},{"type":"Feature","geometry":{"geodesic":false,"crs":{"type":"name","properties":{"name":"EPSG:32643"}},"type":"Polygon","coordinates":[[[767000.0,1446000.0],[768000.0,1446000.0],[768000.0,1447000.0],[767000.0,1447000.0],[767000.0,1446000.0]]]},"id":"767,1446","properties":{"bld_cover":0.0522,"bld_height":0.3366224609375,"id":"840"}},{"type":"Feature","geometry":{"geodesic":false,"crs":{"type":"name","properties":{"name":"EPSG:32643"}},"type":"Polygon","coordinates":[[[768000.0,1446000.0],[769000.0,1446000.0],[769000.0,1447000.0],[768000.0,1447000.0],[768000.0,1446000.0]]]},"id":"768,1446","properties":{"bld_cover":0.0536,"bld_height":0.3731150390625,"id":"841"}},{"type":"Feature","geometry":{"geodesic":false,"crs":{"type":"name","properties":{"name":"EPSG:32643"}},"type":"Polygon","coordinates":[[[769000.0,1446000.0],[770000.0,1446000.0],[770000.0,1447000.0],[769000.0,1447000.0],[769000.0,1446000.0]]]},"id":"769,1446","properties":{"bld_cover":0.0956,"bld_height":0.646959375,"id":"842"}},{"type":"Feature","geometry":{"geodesic":false,"crs":{"type":"name","properties":{"name":"EPSG:32643"}},"type":"Polygon","coordinates":[[[770000.0,1446000.0],[771000.0,1446000.0],[771000.0,1447000.0],[770000.0,1447000.0],[770000.0,1446000.0]]]},"id":"770,1446","properties":{"bld_cover":0.1253,"bld_height":1.0474400390625,"id":"843"}},{"type":"Feature","geometry":{"geodesic":false,"crs":{"type":"name","properties":{"name":"EPSG:32643"}},"type":"Polygon","coordinates":[[[771000.0,1446000.0],[772000.0,1446000.0],[772000.0,1447000.0],[771000.0,1447000.0],[771000.0,1446000.0]]]},"id":"771,1446","properties":{"bld_cover":0.226,"bld_height":2.39056171875,"id":"844"}},{"type":"Feature","geometry":{"geodesic":false,"crs":{"type":"name","properties":{"name":"EPSG:32643"}},"type":"Polygon","coordinates":[[[772000.0,1446000.0],[773000.0,1446000.0],[773000.0,1447000.0],[772000.0,1447000.0],[772000.0,1446000.0]]]},"id":"772,1446","properties":{"bld_cover":0.2254,"bld_height":2.04550703125,"id":"845"}},{"type":"Feature","geometry":{"geodesic":false,"crs":{"type":"name","properties":{"name":"EPSG:32643"}},"type":"Polygon","coordinates":[[[773000.0,1446000.0],[774000.0,1446000.0],[774000.0,1447000.0],[773000.0,1447000.0],[773000.0,1446000.0]]]},"id":"773,1446","properties":{"bld_cover":0.2039,"bld_height":1.7763517578125,"id":"846"}},{"type":"Feature","geometry":{"geodesic":false,"crs":{"type":"name","properties":{"name":"EPSG:32643"}},"type":"Polygon","coordinates":[[[774000.0,1446000.0],[775000.0,1446000.0],[775000.0,1447000.0],[774000.0,1447000.0],[774000.0,1446000.0]]]},"id":"774,1446","properties":{"bld_cover":0.2174,"bld_height":1.96311015625,"id":"847"}},{"type":"Feature","geometry":{"geodesic":false,"crs":{"type":"name","properties":{"name":"EPSG:32643"}},"type":"Polygon","coordinates":[[[775000.0,1446000.0],[776000.0,1446000.0],[776000.0,1447000.0],[775000.0,1447000.0],[775000.0,1446000.0]]]},"id":"775,1446","properties":{"bld_cover":0.1855,"bld_height":1.3186669921875,"id":"848"}},{"type":"Feature","geometry":{"geodesic":false,"crs":{"type":"name","properties":{"name":"EPSG:32643"}},"type":"Polygon","coordinates":[[[776000.0,1446000.0],[777000.0,1446000.0],[777000.0,1447000.0],[776000.0,1447000.0],[776000.0,1446000.0]]]},"id":"776,1446","properties":{"bld_cover":0.1125,"bld_height":0.928279296875,"id":"849"}},{"type":"Feature","geometry":{"geodesic":false,"crs":{"type":"name","properties":{"name":"EPSG:32643"}},"type":"Polygon","coordinates":[[[777000.0,1446000.0],[778000.0,1446000.0],[778000.0,1447000.0],[777000.0,1447000.0],[777000.0,1446000.0]]]},"id":"777,1446","properties":{"bld_cover":0.2984,"bld_height":3.2168509765625,"id":"850"}},{"type":"Feature","geometry":{"geodesic":false,"crs":{"type":"name","properties":{"name":"EPSG:32643"}},"type":"Polygon","coordinates":[[[778000.0,1446000.0],[779000.0,1446000.0],[779000.0,1447000.0],[778000.0,1447000.0],[778000.0,1446000.0]]]},"id":"778,1446","properties":{"bld_cover":0.3103,"bld_height":3.0497140625,"id":"851"}},{"type":"Feature","geometry":{"geodesic":false,"crs":{"type":"name","properties":{"name":"EPSG:32643"}},"type":"Polygon","coordinates":[[[779000.0,1446000.0],[780000.0,1446000.0],[780000.0,1447000.0],[779000.0,1447000.0],[779000.0,1446000.0]]]},"id":"779,1446","properties":{"bld_cover":0.1573,"bld_height":1.8702228515625,"id":"852"}},{"type":"Feature","geometry":{"geodesic":false,"crs":{"type":"name","properties":{"name":"EPSG:32643"}},"type":"Polygon","coordinates":[[[780000.0,1446000.0],[781000.0,1446000.0],[781000.0,1447000.0],[780000.0,1447000.0],[780000.0,1446000.0]]]},"id":"780,1446","properties":{"bld_cover":0.1183,"bld_height":2.4634361328125,"id":"853"}},{"type":"Feature","geometry":{"geodesic":false,"crs":{"type":"name","properties":{"name":"EPSG:32643"}},"type":"Polygon","coordinates":[[[781000.0,1446000.0],[782000.0,1446000.0],[782000.0,1447000.0],[781000.0,1447000.0],[781000.0,1446000.0]]]},"id":"781,1446","properties":{"bld_cover":0.1848,"bld_height":2.4419529296875,"id":"854"}},{"type":"Feature","geometry":{"geodesic":false,"crs":{"type":"name","properties":{"name":"EPSG:32643"}},"type":"Polygon","coordinates":[[[782000.0,1446000.0],[783000.0,1446000.0],[783000.0,1447000.0],[782000.0,1447000.0],[782000.0,1446000.0]]]},"id":"782,1446","properties":{"bld_cover":0.2182,"bld_height":2.2024306640625,"id":"855"}},{"type":"Feature","geometry":{"geodesic":false,"crs":{"type":"name","properties":{"name":"EPSG:32643"}},"type":"Polygon","coordinates":[[[783000.0,1446000.0],[784000.0,1446000.0],[784000.0,1447000.0],[783000.0,1447000.0],[783000.0,1446000.0]]]},"id":"783,1446","properties":{"bld_cover":0.1505,"bld_height":1.535874609375,"id":"856"}},{"type":"Feature","geometry":{"geodesic":false,"crs":{"type":"name","properties":{"name":"EPSG:32643"}},"type":"Polygon","coordinates":[[[784000.0,1446000.0],[785000.0,1446000.0],[785000.0,1447000.0],[784000.0,1447000.0],[784000.0,1446000.0]]]},"id":"784,1446","properties":{"bld_cover":0.1536,"bld_height":1.4763435546875,"id":"857"}},{"type":"Feature","geometry":{"geodesic":false,"crs":{"type":"name","properties":{"name":"EPSG:32643"}},"type":"Polygon","coordinates":[[[785000.0,1446000.0],[786000.0,1446000.0],[786000.0,1447000.0],[785000.0,1447000.0],[785000.0,1446000.0]]]},"id":"785,1446","properties":{"bld_cover":0.3054,"bld_height":2.678090625,"id":"858"}},{"type":"Feature","geometry":{"geodesic":false,"crs":{"type":"name","properties":{"name":"EPSG:32643"}},"type":"Polygon","coordinates":[[[786000.0,1446000.0],[787000.0,1446000.0],[787000.0,1447000.0],[786000.0,1447000.0],[786000.0,1446000.0]]]},"id":"786,1446","properties":{"bld_cover":0.2372,"bld_height":2.5368771484375,"id":"859"}},{"type":"Feature","geometry":{"geodesic":false,"crs":{"type":"name","properties":{"name":"EPSG:32643"}},"type":"Polygon","coordinates":[[[787000.0,1446000.0],[788000.0,1446000.0],[788000.0,1447000.0],[787000.0,1447000.0],[787000.0,1446000.0]]]},"id":"787,1446","properties":{"bld_cover":0.1488,"bld_height":2.1627369140625,"id":"860"}},{"type":"Feature","geometry":{"geodesic":false,"crs":{"type":"name","properties":{"name":"EPSG:32643"}},"type":"Polygon","coordinates":[[[788000.0,1446000.0],[789000.0,1446000.0],[789000.0,1447000.0],[788000.0,1447000.0],[788000.0,1446000.0]]]},"id":"788,1446","properties":{"bld_cover":0.0971,"bld_height":0.6448865234375,"id":"861"}},{"type":"Feature","geometry":{"geodesic":false,"crs":{"type":"name","properties":{"name":"EPSG:32643"}},"type":"Polygon","coordinates":[[[789000.0,1446000.0],[790000.0,1446000.0],[790000.0,1447000.0],[789000.0,1447000.0],[789000.0,1446000.0]]]},"id":"789,1446","properties":{"bld_cover":0.0831,"bld_height":0.6135892578125,"id":"862"}},{"type":"Feature","geometry":{"geodesic":false,"crs":{"type":"name","properties":{"name":"EPSG:32643"}},"type":"Polygon","coordinates":[[[790000.0,1446000.0],[791000.0,1446000.0],[791000.0,1447000.0],[790000.0,1447000.0],[790000.0,1446000.0]]]},"id":"790,1446","properties":{"bld_cover":0.0582,"bld_height":0.4383556640625,"id":"863"}},{"type":"Feature","geometry":{"geodesic":false,"crs":{"type":"name","properties":{"name":"EPSG:32643"}},"type":"Polygon","coordinates":[[[791000.0,1446000.0],[792000.0,1446000.0],[792000.0,1447000.0],[791000.0,1447000.0],[791000.0,1446000.0]]]},"id":"791,1446","properties":{"bld_cover":0.0528,"bld_height":0.48746015625,"id":"864"}},{"type":"Feature","geometry":{"geodesic":false,"crs":{"type":"name","properties":{"name":"EPSG:32643"}},"type":"Polygon","coordinates":[[[792000.0,1446000.0],[793000.0,1446000.0],[793000.0,1447000.0],[792000.0,1447000.0],[792000.0,1446000.0]]]},"id":"792,1446","properties":{"bld_cover":0.0598,"bld_height":0.5510921875,"id":"865"}},{"type":"Feature","geometry":{"geodesic":false,"crs":{"type":"name","properties":{"name":"EPSG:32643"}},"type":"Polygon","coordinates":[[[793000.0,1446000.0],[794000.0,1446000.0],[794000.0,1447000.0],[793000.0,1447000.0],[793000.0,1446000.0]]]},"id":"793,1446","properties":{"bld_cover":0.0458,"bld_height":0.4818654296875,"id":"866"}},{"type":"Feature","geometry":{"geodesic":false,"crs":{"type":"name","properties":{"name":"EPSG:32643"}},"type":"Polygon","coordinates":[[[794000.0,1446000.0],[795000.0,1446000.0],[795000.0,1447000.0],[794000.0,1447000.0],[794000.0,1446000.0]]]},"id":"794,1446","properties":{"bld_cover":0.0796,"bld_height":0.541036328125,"id":"867"}},{"type":"Feature","geometry":{"geodesic":false,"crs":{"type":"name","properties":{"name":"EPSG:32643"}},"type":"Polygon","coordinates":[[[795000.0,1446000.0],[796000.0,1446000.0],[796000.0,1447000.0],[795000.0,1447000.0],[795000.0,1446000.0]]]},"id":"795,1446","properties":{"bld_cover":0.0499,"bld_height":0.2997982421875,"id":"868"}},{"type":"Feature","geometry":{"geodesic":false,"crs":{"type":"name","properties":{"name":"EPSG:32643"}},"type":"Polygon","coordinates":[[[796000.0,1446000.0],[797000.0,1446000.0],[797000.0,1447000.0],[796000.0,1447000.0],[796000.0,1446000.0]]]},"id":"796,1446","properties":{"bld_cover":0.0739,"bld_height":0.63175703125,"id":"869"}},{"type":"Feature","geometry":{"geodesic":false,"crs":{"type":"name","properties":{"name":"EPSG:32643"}},"type":"Polygon","coordinates":[[[797000.0,1446000.0],[798000.0,1446000.0],[798000.0,1447000.0],[797000.0,1447000.0],[797000.0,1446000.0]]]},"id":"797,1446","properties":{"bld_cover":0.0772,"bld_height":1.336917578125,"id":"870"}},{"type":"Feature","geometry":{"geodesic":false,"crs":{"type":"name","properties":{"name":"EPSG:32643"}},"type":"Polygon","coordinates":[[[798000.0,1446000.0],[799000.0,1446000.0],[799000.0,1447000.0],[798000.0,1447000.0],[798000.0,1446000.0]]]},"id":"798,1446","properties":{"bld_cover":0.0227,"bld_height":1.0177734375,"id":"871"}},{"type":"Feature","geometry":{"geodesic":false,"crs":{"type":"name","properties":{"name":"EPSG:32643"}},"type":"Polygon","coordinates":[[[765000.0,1447000.0],[766000.0,1447000.0],[766000.0,1448000.0],[765000.0,1448000.0],[765000.0,1447000.0]]]},"id":"765,1447","properties":{"bld_cover":0.069,"bld_height":1.387529296875,"id":"872"}},{"type":"Feature","geometry":{"geodesic":false,"crs":{"type":"name","properties":{"name":"EPSG:32643"}},"type":"Polygon","coordinates":[[[766000.0,1447000.0],[767000.0,1447000.0],[767000.0,1448000.0],[766000.0,1448000.0],[766000.0,1447000.0]]]},"id":"766,1447","properties":{"bld_cover":0.0324,"bld_height":0.4050474609375,"id":"873"}},{"type":"Feature","geometry":{"geodesic":false,"crs":{"type":"name","properties":{"name":"EPSG:32643"}},"type":"Polygon","coordinates":[[[767000.0,1447000.0],[768000.0,1447000.0],[768000.0,1448000.0],[767000.0,1448000.0],[767000.0,1447000.0]]]},"id":"767,1447","properties":{"bld_cover":0.0423,"bld_height":0.270753515625,"id":"874"}},{"type":"Feature","geometry":{"geodesic":false,"crs":{"type":"name","properties":{"name":"EPSG:32643"}},"type":"Polygon","coordinates":[[[768000.0,1447000.0],[769000.0,1447000.0],[769000.0,1448000.0],[768000.0,1448000.0],[768000.0,1447000.0]]]},"id":"768,1447","properties":{"bld_cover":0.0286,"bld_height":0.21733125,"id":"875"}},{"type":"Feature","geometry":{"geodesic":false,"crs":{"type":"name","properties":{"name":"EPSG:32643"}},"type":"Polygon","coordinates":[[[769000.0,1447000.0],[770000.0,1447000.0],[770000.0,1448000.0],[769000.0,1448000.0],[769000.0,1447000.0]]]},"id":"769,1447","properties":{"bld_cover":0.086,"bld_height":0.9039091796875,"id":"876"}},{"type":"Feature","geometry":{"geodesic":false,"crs":{"type":"name","properties":{"name":"EPSG:32643"}},"type":"Polygon","coordinates":[[[770000.0,1447000.0],[771000.0,1447000.0],[771000.0,1448000.0],[770000.0,1448000.0],[770000.0,1447000.0]]]},"id":"770,1447","properties":{"bld_cover":0.1948,"bld_height":1.591739453125,"id":"877"}},{"type":"Feature","geometry":{"geodesic":false,"crs":{"type":"name","properties":{"name":"EPSG:32643"}},"type":"Polygon","coordinates":[[[771000.0,1447000.0],[772000.0,1447000.0],[772000.0,1448000.0],[771000.0,1448000.0],[771000.0,1447000.0]]]},"id":"771,1447","properties":{"bld_cover":0.1557,"bld_height":1.14387265625,"id":"878"}},{"type":"Feature","geometry":{"geodesic":false,"crs":{"type":"name","properties":{"name":"EPSG:32643"}},"type":"Polygon","coordinates":[[[772000.0,1447000.0],[773000.0,1447000.0],[773000.0,1448000.0],[772000.0,1448000.0],[772000.0,1447000.0]]]},"id":"772,1447","properties":{"bld_cover":0.1191,"bld_height":1.0578388671875,"id":"879"}},{"type":"Feature","geometry":{"geodesic":false,"crs":{"type":"name","properties":{"name":"EPSG:32643"}},"type":"Polygon","coordinates":[[[773000.0,1447000.0],[774000.0,1447000.0],[774000.0,1448000.0],[773000.0,1448000.0],[773000.0,1447000.0]]]},"id":"773,1447","properties":{"bld_cover":0.1185,"bld_height":0.8222048828125,"id":"880"}},{"type":"Feature","geometry":{"geodesic":false,"crs":{"type":"name","properties":{"name":"EPSG:32643"}},"type":"Polygon","coordinates":[[[774000.0,1447000.0],[775000.0,1447000.0],[775000.0,1448000.0],[774000.0,1448000.0],[774000.0,1447000.0]]]},"id":"774,1447","properties":{"bld_cover":0.0934,"bld_height":0.7512501953125,"id":"881"}},{"type":"Feature","geometry":{"geodesic":false,"crs":{"type":"name","properties":{"name":"EPSG:32643"}},"type":"Polygon","coordinates":[[[775000.0,1447000.0],[776000.0,1447000.0],[776000.0,1448000.0],[775000.0,1448000.0],[775000.0,1447000.0]]]},"id":"775,1447","properties":{"bld_cover":0.209,"bld_height":1.9044296875,"id":"882"}},{"type":"Feature","geometry":{"geodesic":false,"crs":{"type":"name","properties":{"name":"EPSG:32643"}},"type":"Polygon","coordinates":[[[776000.0,1447000.0],[777000.0,1447000.0],[777000.0,1448000.0],[776000.0,1448000.0],[776000.0,1447000.0]]]},"id":"776,1447","properties":{"bld_cover":0.2525,"bld_height":2.443490234375,"id":"883"}},{"type":"Feature","geometry":{"geodesic":false,"crs":{"type":"name","properties":{"name":"EPSG:32643"}},"type":"Polygon","coordinates":[[[777000.0,1447000.0],[778000.0,1447000.0],[778000.0,1448000.0],[777000.0,1448000.0],[777000.0,1447000.0]]]},"id":"777,1447","properties":{"bld_cover":0.3008,"bld_height":3.275123046875,"id":"884"}},{"type":"Feature","geometry":{"geodesic":false,"crs":{"type":"name","properties":{"name":"EPSG:32643"}},"type":"Polygon","coordinates":[[[778000.0,1447000.0],[779000.0,1447000.0],[779000.0,1448000.0],[778000.0,1448000.0],[778000.0,1447000.0]]]},"id":"778,1447","properties":{"bld_cover":0.0444,"bld_height":0.239230078125,"id":"885"}},{"type":"Feature","geometry":{"geodesic":false,"crs":{"type":"name","properties":{"name":"EPSG:32643"}},"type":"Polygon","coordinates":[[[779000.0,1447000.0],[780000.0,1447000.0],[780000.0,1448000.0],[779000.0,1448000.0],[779000.0,1447000.0]]]},"id":"779,1447","properties":{"bld_cover":0.0575,"bld_height":0.4362162109375,"id":"886"}},{"type":"Feature","geometry":{"geodesic":false,"crs":{"type":"name","properties":{"name":"EPSG:32643"}},"type":"Polygon","coordinates":[[[780000.0,1447000.0],[781000.0,1447000.0],[781000.0,1448000.0],[780000.0,1448000.0],[780000.0,1447000.0]]]},"id":"780,1447","properties":{"bld_cover":0.1499,"bld_height":1.5288337890625,"id":"887"}},{"type":"Feature","geometry":{"geodesic":false,"crs":{"type":"name","properties":{"name":"EPSG:32643"}},"type":"Polygon","coordinates":[[[781000.0,1447000.0],[782000.0,1447000.0],[782000.0,1448000.0],[781000.0,1448000.0],[781000.0,1447000.0]]]},"id":"781,1447","properties":{"bld_cover":0.078,"bld_height":0.724641015625,"id":"888"}},{"type":"Feature","geometry":{"geodesic":false,"crs":{"type":"name","properties":{"name":"EPSG:32643"}},"type":"Polygon","coordinates":[[[782000.0,1447000.0],[783000.0,1447000.0],[783000.0,1448000.0],[782000.0,1448000.0],[782000.0,1447000.0]]]},"id":"782,1447","properties":{"bld_cover":0.1632,"bld_height":1.5607509765625,"id":"889"}},{"type":"Feature","geometry":{"geodesic":false,"crs":{"type":"name","properties":{"name":"EPSG:32643"}},"type":"Polygon","coordinates":[[[783000.0,1447000.0],[784000.0,1447000.0],[784000.0,1448000.0],[783000.0,1448000.0],[783000.0,1447000.0]]]},"id":"783,1447","properties":{"bld_cover":0.0564,"bld_height":0.48419453125,"id":"890"}},{"type":"Feature","geometry":{"geodesic":false,"crs":{"type":"name","properties":{"name":"EPSG:32643"}},"type":"Polygon","coordinates":[[[784000.0,1447000.0],[785000.0,1447000.0],[785000.0,1448000.0],[784000.0,1448000.0],[784000.0,1447000.0]]]},"id":"784,1447","properties":{"bld_cover":0.1074,"bld_height":1.381187109375,"id":"891"}},{"type":"Feature","geometry":{"geodesic":false,"crs":{"type":"name","properties":{"name":"EPSG:32643"}},"type":"Polygon","coordinates":[[[785000.0,1447000.0],[786000.0,1447000.0],[786000.0,1448000.0],[785000.0,1448000.0],[785000.0,1447000.0]]]},"id":"785,1447","properties":{"bld_cover":0.1649,"bld_height":2.21698984375,"id":"892"}},{"type":"Feature","geometry":{"geodesic":false,"crs":{"type":"name","properties":{"name":"EPSG:32643"}},"type":"Polygon","coordinates":[[[786000.0,1447000.0],[787000.0,1447000.0],[787000.0,1448000.0],[786000.0,1448000.0],[786000.0,1447000.0]]]},"id":"786,1447","properties":{"bld_cover":0.146,"bld_height":4.2906076171875,"id":"893"}},{"type":"Feature","geometry":{"geodesic":false,"crs":{"type":"name","properties":{"name":"EPSG:32643"}},"type":"Polygon","coordinates":[[[787000.0,1447000.0],[788000.0,1447000.0],[788000.0,1448000.0],[787000.0,1448000.0],[787000.0,1447000.0]]]},"id":"787,1447","properties":{"bld_cover":0.0952,"bld_height":0.8088583984375,"id":"894"}},{"type":"Feature","geometry":{"geodesic":false,"crs":{"type":"name","properties":{"name":"EPSG:32643"}},"type":"Polygon","coordinates":[[[788000.0,1447000.0],[789000.0,1447000.0],[789000.0,1448000.0],[788000.0,1448000.0],[788000.0,1447000.0]]]},"id":"788,1447","properties":{"bld_cover":0.1015,"bld_height":0.858387890625,"id":"895"}},{"type":"Feature","geometry":{"geodesic":false,"crs":{"type":"name","properties":{"name":"EPSG:32643"}},"type":"Polygon","coordinates":[[[789000.0,1447000.0],[790000.0,1447000.0],[790000.0,1448000.0],[789000.0,1448000.0],[789000.0,1447000.0]]]},"id":"789,1447","properties":{"bld_cover":0.067,"bld_height":0.435238671875,"id":"896"}},{"type":"Feature","geometry":{"geodesic":false,"crs":{"type":"name","properties":{"name":"EPSG:32643"}},"type":"Polygon","coordinates":[[[790000.0,1447000.0],[791000.0,1447000.0],[791000.0,1448000.0],[790000.0,1448000.0],[790000.0,1447000.0]]]},"id":"790,1447","properties":{"bld_cover":0.0545,"bld_height":0.3914529296875,"id":"897"}},{"type":"Feature","geometry":{"geodesic":false,"crs":{"type":"name","properties":{"name":"EPSG:32643"}},"type":"Polygon","coordinates":[[[791000.0,1447000.0],[792000.0,1447000.0],[792000.0,1448000.0],[791000.0,1448000.0],[791000.0,1447000.0]]]},"id":"791,1447","properties":{"bld_cover":0.1098,"bld_height":0.9187087890625,"id":"898"}},{"type":"Feature","geometry":{"geodesic":false,"crs":{"type":"name","properties":{"name":"EPSG:32643"}},"type":"Polygon","coordinates":[[[792000.0,1447000.0],[793000.0,1447000.0],[793000.0,1448000.0],[792000.0,1448000.0],[792000.0,1447000.0]]]},"id":"792,1447","properties":{"bld_cover":0.0198,"bld_height":0.1550333984375,"id":"899"}},{"type":"Feature","geometry":{"geodesic":false,"crs":{"type":"name","properties":{"name":"EPSG:32643"}},"type":"Polygon","coordinates":[[[793000.0,1447000.0],[794000.0,1447000.0],[794000.0,1448000.0],[793000.0,1448000.0],[793000.0,1447000.0]]]},"id":"793,1447","properties":{"bld_cover":0.0239,"bld_height":0.1667560546875,"id":"900"}},{"type":"Feature","geometry":{"geodesic":false,"crs":{"type":"name","properties":{"name":"EPSG:32643"}},"type":"Polygon","coordinates":[[[794000.0,1447000.0],[795000.0,1447000.0],[795000.0,1448000.0],[794000.0,1448000.0],[794000.0,1447000.0]]]},"id":"794,1447","properties":{"bld_cover":0.0653,"bld_height":0.476362109375,"id":"901"}},{"type":"Feature","geometry":{"geodesic":false,"crs":{"type":"name","properties":{"name":"EPSG:32643"}},"type":"Polygon","coordinates":[[[795000.0,1447000.0],[796000.0,1447000.0],[796000.0,1448000.0],[795000.0,1448000.0],[795000.0,1447000.0]]]},"id":"795,1447","properties":{"bld_cover":0.038,"bld_height":0.514669140625,"id":"902"}},{"type":"Feature","geometry":{"geodesic":false,"crs":{"type":"name","properties":{"name":"EPSG:32643"}},"type":"Polygon","coordinates":[[[796000.0,1447000.0],[797000.0,1447000.0],[797000.0,1448000.0],[796000.0,1448000.0],[796000.0,1447000.0]]]},"id":"796,1447","properties":{"bld_cover":0.0962,"bld_height":0.757421875,"id":"903"}},{"type":"Feature","geometry":{"geodesic":false,"crs":{"type":"name","properties":{"name":"EPSG:32643"}},"type":"Polygon","coordinates":[[[797000.0,1447000.0],[798000.0,1447000.0],[798000.0,1448000.0],[797000.0,1448000.0],[797000.0,1447000.0]]]},"id":"797,1447","properties":{"bld_cover":0.0239,"bld_height":0.1476955078125,"id":"904"}},{"type":"Feature","geometry":{"geodesic":false,"crs":{"type":"name","properties":{"name":"EPSG:32643"}},"type":"Polygon","coordinates":[[[798000.0,1447000.0],[799000.0,1447000.0],[799000.0,1448000.0],[798000.0,1448000.0],[798000.0,1447000.0]]]},"id":"798,1447","properties":{"bld_cover":0.0032,"bld_height":0.12011875,"id":"905"}},{"type":"Feature","geometry":{"geodesic":false,"crs":{"type":"name","properties":{"name":"EPSG:32643"}},"type":"Polygon","coordinates":[[[765000.0,1448000.0],[766000.0,1448000.0],[766000.0,1449000.0],[765000.0,1449000.0],[765000.0,1448000.0]]]},"id":"765,1448","properties":{"bld_cover":0.0233,"bld_height":1.165499609375,"id":"906"}},{"type":"Feature","geometry":{"geodesic":false,"crs":{"type":"name","properties":{"name":"EPSG:32643"}},"type":"Polygon","coordinates":[[[766000.0,1448000.0],[767000.0,1448000.0],[767000.0,1449000.0],[766000.0,1449000.0],[766000.0,1448000.0]]]},"id":"766,1448","properties":{"bld_cover":0.0137,"bld_height":0.082779296875,"id":"907"}},{"type":"Feature","geometry":{"geodesic":false,"crs":{"type":"name","properties":{"name":"EPSG:32643"}},"type":"Polygon","coordinates":[[[767000.0,1448000.0],[768000.0,1448000.0],[768000.0,1449000.0],[767000.0,1449000.0],[767000.0,1448000.0]]]},"id":"767,1448","properties":{"bld_cover":0.0223,"bld_height":0.218913671875,"id":"908"}},{"type":"Feature","geometry":{"geodesic":false,"crs":{"type":"name","properties":{"name":"EPSG:32643"}},"type":"Polygon","coordinates":[[[768000.0,1448000.0],[769000.0,1448000.0],[769000.0,1449000.0],[768000.0,1449000.0],[768000.0,1448000.0]]]},"id":"768,1448","properties":{"bld_cover":0.035,"bld_height":0.2790908203125,"id":"909"}},{"type":"Feature","geometry":{"geodesic":false,"crs":{"type":"name","properties":{"name":"EPSG:32643"}},"type":"Polygon","coordinates":[[[769000.0,1448000.0],[770000.0,1448000.0],[770000.0,1449000.0],[769000.0,1449000.0],[769000.0,1448000.0]]]},"id":"769,1448","properties":{"bld_cover":0.1049,"bld_height":0.7823935546875,"id":"910"}},{"type":"Feature","geometry":{"geodesic":false,"crs":{"type":"name","properties":{"name":"EPSG:32643"}},"type":"Polygon","coordinates":[[[770000.0,1448000.0],[771000.0,1448000.0],[771000.0,1449000.0],[770000.0,1449000.0],[770000.0,1448000.0]]]},"id":"770,1448","properties":{"bld_cover":0.0865,"bld_height":0.5888017578125,"id":"911"}},{"type":"Feature","geometry":{"geodesic":false,"crs":{"type":"name","properties":{"name":"EPSG:32643"}},"type":"Polygon","coordinates":[[[771000.0,1448000.0],[772000.0,1448000.0],[772000.0,1449000.0],[771000.0,1449000.0],[771000.0,1448000.0]]]},"id":"771,1448","properties":{"bld_cover":0.1057,"bld_height":0.7184076171875,"id":"912"}},{"type":"Feature","geometry":{"geodesic":false,"crs":{"type":"name","properties":{"name":"EPSG:32643"}},"type":"Polygon","coordinates":[[[772000.0,1448000.0],[773000.0,1448000.0],[773000.0,1449000.0],[772000.0,1449000.0],[772000.0,1448000.0]]]},"id":"772,1448","properties":{"bld_cover":0.0298,"bld_height":0.2141119140625,"id":"913"}},{"type":"Feature","geometry":{"geodesic":false,"crs":{"type":"name","properties":{"name":"EPSG:32643"}},"type":"Polygon","coordinates":[[[773000.0,1448000.0],[774000.0,1448000.0],[774000.0,1449000.0],[773000.0,1449000.0],[773000.0,1448000.0]]]},"id":"773,1448","properties":{"bld_cover":0.0714,"bld_height":0.3705701171875,"id":"914"}},{"type":"Feature","geometry":{"geodesic":false,"crs":{"type":"name","properties":{"name":"EPSG:32643"}},"type":"Polygon","coordinates":[[[774000.0,1448000.0],[775000.0,1448000.0],[775000.0,1449000.0],[774000.0,1449000.0],[774000.0,1448000.0]]]},"id":"774,1448","properties":{"bld_cover":0.148,"bld_height":0.9948498046875,"id":"915"}},{"type":"Feature","geometry":{"geodesic":false,"crs":{"type":"name","properties":{"name":"EPSG:32643"}},"type":"Polygon","coordinates":[[[775000.0,1448000.0],[776000.0,1448000.0],[776000.0,1449000.0],[775000.0,1449000.0],[775000.0,1448000.0]]]},"id":"775,1448","properties":{"bld_cover":0.1852,"bld_height":1.796561328125,"id":"916"}},{"type":"Feature","geometry":{"geodesic":false,"crs":{"type":"name","properties":{"name":"EPSG:32643"}},"type":"Polygon","coordinates":[[[776000.0,1448000.0],[777000.0,1448000.0],[777000.0,1449000.0],[776000.0,1449000.0],[776000.0,1448000.0]]]},"id":"776,1448","properties":{"bld_cover":0.1924,"bld_height":1.712916015625,"id":"917"}},{"type":"Feature","geometry":{"geodesic":false,"crs":{"type":"name","properties":{"name":"EPSG:32643"}},"type":"Polygon","coordinates":[[[777000.0,1448000.0],[778000.0,1448000.0],[778000.0,1449000.0],[777000.0,1449000.0],[777000.0,1448000.0]]]},"id":"777,1448","properties":{"bld_cover":0.1966,"bld_height":1.7157197265625,"id":"918"}},{"type":"Feature","geometry":{"geodesic":false,"crs":{"type":"name","properties":{"name":"EPSG:32643"}},"type":"Polygon","coordinates":[[[778000.0,1448000.0],[779000.0,1448000.0],[779000.0,1449000.0],[778000.0,1449000.0],[778000.0,1448000.0]]]},"id":"778,1448","properties":{"bld_cover":0.0226,"bld_height":0.37788515625,"id":"919"}},{"type":"Feature","geometry":{"geodesic":false,"crs":{"type":"name","properties":{"name":"EPSG:32643"}},"type":"Polygon","coordinates":[[[779000.0,1448000.0],[780000.0,1448000.0],[780000.0,1449000.0],[779000.0,1449000.0],[779000.0,1448000.0]]]},"id":"779,1448","properties":{"bld_cover":0.1593,"bld_height":1.496550390625,"id":"920"}},{"type":"Feature","geometry":{"geodesic":false,"crs":{"type":"name","properties":{"name":"EPSG:32643"}},"type":"Polygon","coordinates":[[[780000.0,1448000.0],[781000.0,1448000.0],[781000.0,1449000.0],[780000.0,1449000.0],[780000.0,1448000.0]]]},"id":"780,1448","properties":{"bld_cover":0.1956,"bld_height":1.876326953125,"id":"921"}},{"type":"Feature","geometry":{"geodesic":false,"crs":{"type":"name","properties":{"name":"EPSG:32643"}},"type":"Polygon","coordinates":[[[781000.0,1448000.0],[782000.0,1448000.0],[782000.0,1449000.0],[781000.0,1449000.0],[781000.0,1448000.0]]]},"id":"781,1448","properties":{"bld_cover":0.0968,"bld_height":1.29359453125,"id":"922"}},{"type":"Feature","geometry":{"geodesic":false,"crs":{"type":"name","properties":{"name":"EPSG:32643"}},"type":"Polygon","coordinates":[[[782000.0,1448000.0],[783000.0,1448000.0],[783000.0,1449000.0],[782000.0,1449000.0],[782000.0,1448000.0]]]},"id":"782,1448","properties":{"bld_cover":0.1468,"bld_height":1.753448828125,"id":"923"}},{"type":"Feature","geometry":{"geodesic":false,"crs":{"type":"name","properties":{"name":"EPSG:32643"}},"type":"Polygon","coordinates":[[[783000.0,1448000.0],[784000.0,1448000.0],[784000.0,1449000.0],[783000.0,1449000.0],[783000.0,1448000.0]]]},"id":"783,1448","properties":{"bld_cover":0.0596,"bld_height":0.47199296875,"id":"924"}},{"type":"Feature","geometry":{"geodesic":false,"crs":{"type":"name","properties":{"name":"EPSG:32643"}},"type":"Polygon","coordinates":[[[784000.0,1448000.0],[785000.0,1448000.0],[785000.0,1449000.0],[784000.0,1449000.0],[784000.0,1448000.0]]]},"id":"784,1448","properties":{"bld_cover":0.096,"bld_height":0.838041015625,"id":"925"}},{"type":"Feature","geometry":{"geodesic":false,"crs":{"type":"name","properties":{"name":"EPSG:32643"}},"type":"Polygon","coordinates":[[[785000.0,1448000.0],[786000.0,1448000.0],[786000.0,1449000.0],[785000.0,1449000.0],[785000.0,1448000.0]]]},"id":"785,1448","properties":{"bld_cover":0.157,"bld_height":1.6358158203125,"id":"926"}},{"type":"Feature","geometry":{"geodesic":false,"crs":{"type":"name","properties":{"name":"EPSG:32643"}},"type":"Polygon","coordinates":[[[786000.0,1448000.0],[787000.0,1448000.0],[787000.0,1449000.0],[786000.0,1449000.0],[786000.0,1448000.0]]]},"id":"786,1448","properties":{"bld_cover":0.0415,"bld_height":1.67158125,"id":"927"}},{"type":"Feature","geometry":{"geodesic":false,"crs":{"type":"name","properties":{"name":"EPSG:32643"}},"type":"Polygon","coordinates":[[[787000.0,1448000.0],[788000.0,1448000.0],[788000.0,1449000.0],[787000.0,1449000.0],[787000.0,1448000.0]]]},"id":"787,1448","properties":{"bld_cover":0.0862,"bld_height":0.802825,"id":"928"}},{"type":"Feature","geometry":{"geodesic":false,"crs":{"type":"name","properties":{"name":"EPSG:32643"}},"type":"Polygon","coordinates":[[[788000.0,1448000.0],[789000.0,1448000.0],[789000.0,1449000.0],[788000.0,1449000.0],[788000.0,1448000.0]]]},"id":"788,1448","properties":{"bld_cover":0.0784,"bld_height":0.58729296875,"id":"929"}},{"type":"Feature","geometry":{"geodesic":false,"crs":{"type":"name","properties":{"name":"EPSG:32643"}},"type":"Polygon","coordinates":[[[789000.0,1448000.0],[790000.0,1448000.0],[790000.0,1449000.0],[789000.0,1449000.0],[789000.0,1448000.0]]]},"id":"789,1448","properties":{"bld_cover":0.0367,"bld_height":0.25691953125,"id":"930"}},{"type":"Feature","geometry":{"geodesic":false,"crs":{"type":"name","properties":{"name":"EPSG:32643"}},"type":"Polygon","coordinates":[[[790000.0,1448000.0],[791000.0,1448000.0],[791000.0,1449000.0],[790000.0,1449000.0],[790000.0,1448000.0]]]},"id":"790,1448","properties":{"bld_cover":0.0209,"bld_height":0.1162345703125,"id":"931"}},{"type":"Feature","geometry":{"geodesic":false,"crs":{"type":"name","properties":{"name":"EPSG:32643"}},"type":"Polygon","coordinates":[[[791000.0,1448000.0],[792000.0,1448000.0],[792000.0,1449000.0],[791000.0,1449000.0],[791000.0,1448000.0]]]},"id":"791,1448","properties":{"bld_cover":0.0661,"bld_height":0.37104609375,"id":"932"}},{"type":"Feature","geometry":{"geodesic":false,"crs":{"type":"name","properties":{"name":"EPSG:32643"}},"type":"Polygon","coordinates":[[[792000.0,1448000.0],[793000.0,1448000.0],[793000.0,1449000.0],[792000.0,1449000.0],[792000.0,1448000.0]]]},"id":"792,1448","properties":{"bld_cover":0.0123,"bld_height":0.0893953125,"id":"933"}},{"type":"Feature","geometry":{"geodesic":false,"crs":{"type":"name","properties":{"name":"EPSG:32643"}},"type":"Polygon","coordinates":[[[793000.0,1448000.0],[794000.0,1448000.0],[794000.0,1449000.0],[793000.0,1449000.0],[793000.0,1448000.0]]]},"id":"793,1448","properties":{"bld_cover":0.0356,"bld_height":0.1735365234375,"id":"934"}},{"type":"Feature","geometry":{"geodesic":false,"crs":{"type":"name","properties":{"name":"EPSG:32643"}},"type":"Polygon","coordinates":[[[794000.0,1448000.0],[795000.0,1448000.0],[795000.0,1449000.0],[794000.0,1449000.0],[794000.0,1448000.0]]]},"id":"794,1448","properties":{"bld_cover":0.0504,"bld_height":0.3369560546875,"id":"935"}},{"type":"Feature","geometry":{"geodesic":false,"crs":{"type":"name","properties":{"name":"EPSG:32643"}},"type":"Polygon","coordinates":[[[795000.0,1448000.0],[796000.0,1448000.0],[796000.0,1449000.0],[795000.0,1449000.0],[795000.0,1448000.0]]]},"id":"795,1448","properties":{"bld_cover":0.0013,"bld_height":0.0077955078125,"id":"936"}},{"type":"Feature","geometry":{"geodesic":false,"crs":{"type":"name","properties":{"name":"EPSG:32643"}},"type":"Polygon","coordinates":[[[796000.0,1448000.0],[797000.0,1448000.0],[797000.0,1449000.0],[796000.0,1449000.0],[796000.0,1448000.0]]]},"id":"796,1448","properties":{"bld_cover":0.0222,"bld_height":0.1310162109375,"id":"937"}},{"type":"Feature","geometry":{"geodesic":false,"crs":{"type":"name","properties":{"name":"EPSG:32643"}},"type":"Polygon","coordinates":[[[797000.0,1448000.0],[798000.0,1448000.0],[798000.0,1449000.0],[797000.0,1449000.0],[797000.0,1448000.0]]]},"id":"797,1448","properties":{"bld_cover":0.0292,"bld_height":0.27651328125,"id":"938"}},{"type":"Feature","geometry":{"geodesic":false,"crs":{"type":"name","properties":{"name":"EPSG:32643"}},"type":"Polygon","coordinates":[[[798000.0,1448000.0],[799000.0,1448000.0],[799000.0,1449000.0],[798000.0,1449000.0],[798000.0,1448000.0]]]},"id":"798,1448","properties":{"bld_cover":0.0118,"bld_height":0.25581796875,"id":"939"}},{"type":"Feature","geometry":{"geodesic":false,"crs":{"type":"name","properties":{"name":"EPSG:32643"}},"type":"Polygon","coordinates":[[[765000.0,1449000.0],[766000.0,1449000.0],[766000.0,1450000.0],[765000.0,1450000.0],[765000.0,1449000.0]]]},"id":"765,1449","properties":{"bld_cover":0.0083,"bld_height":0.242599609375,"id":"940"}},{"type":"Feature","geometry":{"geodesic":false,"crs":{"type":"name","properties":{"name":"EPSG:32643"}},"type":"Polygon","coordinates":[[[766000.0,1449000.0],[767000.0,1449000.0],[767000.0,1450000.0],[766000.0,1450000.0],[766000.0,1449000.0]]]},"id":"766,1449","properties":{"bld_cover":0.0074,"bld_height":0.0441396484375,"id":"941"}},{"type":"Feature","geometry":{"geodesic":false,"crs":{"type":"name","properties":{"name":"EPSG:32643"}},"type":"Polygon","coordinates":[[[767000.0,1449000.0],[768000.0,1449000.0],[768000.0,1450000.0],[767000.0,1450000.0],[767000.0,1449000.0]]]},"id":"767,1449","properties":{"bld_cover":0.0144,"bld_height":0.117562109375,"id":"942"}},{"type":"Feature","geometry":{"geodesic":false,"crs":{"type":"name","properties":{"name":"EPSG:32643"}},"type":"Polygon","coordinates":[[[768000.0,1449000.0],[769000.0,1449000.0],[769000.0,1450000.0],[768000.0,1450000.0],[768000.0,1449000.0]]]},"id":"768,1449","properties":{"bld_cover":0.0108,"bld_height":0.27436796875,"id":"943"}},{"type":"Feature","geometry":{"geodesic":false,"crs":{"type":"name","properties":{"name":"EPSG:32643"}},"type":"Polygon","coordinates":[[[769000.0,1449000.0],[770000.0,1449000.0],[770000.0,1450000.0],[769000.0,1450000.0],[769000.0,1449000.0]]]},"id":"769,1449","properties":{"bld_cover":0.0322,"bld_height":0.513260546875,"id":"944"}},{"type":"Feature","geometry":{"geodesic":false,"crs":{"type":"name","properties":{"name":"EPSG:32643"}},"type":"Polygon","coordinates":[[[770000.0,1449000.0],[771000.0,1449000.0],[771000.0,1450000.0],[770000.0,1450000.0],[770000.0,1449000.0]]]},"id":"770,1449","properties":{"bld_cover":0.0334,"bld_height":0.3819978515625,"id":"945"}},{"type":"Feature","geometry":{"geodesic":false,"crs":{"type":"name","properties":{"name":"EPSG:32643"}},"type":"Polygon","coordinates":[[[771000.0,1449000.0],[772000.0,1449000.0],[772000.0,1450000.0],[771000.0,1450000.0],[771000.0,1449000.0]]]},"id":"771,1449","properties":{"bld_cover":0.0285,"bld_height":0.329395703125,"id":"946"}},{"type":"Feature","geometry":{"geodesic":false,"crs":{"type":"name","properties":{"name":"EPSG:32643"}},"type":"Polygon","coordinates":[[[772000.0,1449000.0],[773000.0,1449000.0],[773000.0,1450000.0],[772000.0,1450000.0],[772000.0,1449000.0]]]},"id":"772,1449","properties":{"bld_cover":0.0067,"bld_height":0.063372265625,"id":"947"}},{"type":"Feature","geometry":{"geodesic":false,"crs":{"type":"name","properties":{"name":"EPSG:32643"}},"type":"Polygon","coordinates":[[[773000.0,1449000.0],[774000.0,1449000.0],[774000.0,1450000.0],[773000.0,1450000.0],[773000.0,1449000.0]]]},"id":"773,1449","properties":{"bld_cover":0.0561,"bld_height":0.3901208984375,"id":"948"}},{"type":"Feature","geometry":{"geodesic":false,"crs":{"type":"name","properties":{"name":"EPSG:32643"}},"type":"Polygon","coordinates":[[[774000.0,1449000.0],[775000.0,1449000.0],[775000.0,1450000.0],[774000.0,1450000.0],[774000.0,1449000.0]]]},"id":"774,1449","properties":{"bld_cover":0.031,"bld_height":0.381070703125,"id":"949"}},{"type":"Feature","geometry":{"geodesic":false,"crs":{"type":"name","properties":{"name":"EPSG:32643"}},"type":"Polygon","coordinates":[[[775000.0,1449000.0],[776000.0,1449000.0],[776000.0,1450000.0],[775000.0,1450000.0],[775000.0,1449000.0]]]},"id":"775,1449","properties":{"bld_cover":0.1054,"bld_height":1.018151171875,"id":"950"}},{"type":"Feature","geometry":{"geodesic":false,"crs":{"type":"name","properties":{"name":"EPSG:32643"}},"type":"Polygon","coordinates":[[[776000.0,1449000.0],[777000.0,1449000.0],[777000.0,1450000.0],[776000.0,1450000.0],[776000.0,1449000.0]]]},"id":"776,1449","properties":{"bld_cover":0.0626,"bld_height":0.6913013671875,"id":"951"}},{"type":"Feature","geometry":{"geodesic":false,"crs":{"type":"name","properties":{"name":"EPSG:32643"}},"type":"Polygon","coordinates":[[[777000.0,1449000.0],[778000.0,1449000.0],[778000.0,1450000.0],[777000.0,1450000.0],[777000.0,1449000.0]]]},"id":"777,1449","properties":{"bld_cover":0.0861,"bld_height":1.063698828125,"id":"952"}},{"type":"Feature","geometry":{"geodesic":false,"crs":{"type":"name","properties":{"name":"EPSG:32643"}},"type":"Polygon","coordinates":[[[778000.0,1449000.0],[779000.0,1449000.0],[779000.0,1450000.0],[778000.0,1450000.0],[778000.0,1449000.0]]]},"id":"778,1449","properties":{"bld_cover":0.1022,"bld_height":2.68340546875,"id":"953"}},{"type":"Feature","geometry":{"geodesic":false,"crs":{"type":"name","properties":{"name":"EPSG:32643"}},"type":"Polygon","coordinates":[[[779000.0,1449000.0],[780000.0,1449000.0],[780000.0,1450000.0],[779000.0,1450000.0],[779000.0,1449000.0]]]},"id":"779,1449","properties":{"bld_cover":0.1702,"bld_height":2.3240677734375,"id":"954"}},{"type":"Feature","geometry":{"geodesic":false,"crs":{"type":"name","properties":{"name":"EPSG:32643"}},"type":"Polygon","coordinates":[[[780000.0,1449000.0],[781000.0,1449000.0],[781000.0,1450000.0],[780000.0,1450000.0],[780000.0,1449000.0]]]},"id":"780,1449","properties":{"bld_cover":0.1647,"bld_height":2.36583125,"id":"955"}},{"type":"Feature","geometry":{"geodesic":false,"crs":{"type":"name","properties":{"name":"EPSG:32643"}},"type":"Polygon","coordinates":[[[781000.0,1449000.0],[782000.0,1449000.0],[782000.0,1450000.0],[781000.0,1450000.0],[781000.0,1449000.0]]]},"id":"781,1449","properties":{"bld_cover":0.1469,"bld_height":2.378420703125,"id":"956"}},{"type":"Feature","geometry":{"geodesic":false,"crs":{"type":"name","properties":{"name":"EPSG:32643"}},"type":"Polygon","coordinates":[[[782000.0,1449000.0],[783000.0,1449000.0],[783000.0,1450000.0],[782000.0,1450000.0],[782000.0,1449000.0]]]},"id":"782,1449","properties":{"bld_cover":0.0401,"bld_height":0.9425296875,"id":"957"}},{"type":"Feature","geometry":{"geodesic":false,"crs":{"type":"name","properties":{"name":"EPSG:32643"}},"type":"Polygon","coordinates":[[[783000.0,1449000.0],[784000.0,1449000.0],[784000.0,1450000.0],[783000.0,1450000.0],[783000.0,1449000.0]]]},"id":"783,1449","properties":{"bld_cover":0.0785,"bld_height":1.220757421875,"id":"958"}},{"type":"Feature","geometry":{"geodesic":false,"crs":{"type":"name","properties":{"name":"EPSG:32643"}},"type":"Polygon","coordinates":[[[784000.0,1449000.0],[785000.0,1449000.0],[785000.0,1450000.0],[784000.0,1450000.0],[784000.0,1449000.0]]]},"id":"784,1449","properties":{"bld_cover":0.1481,"bld_height":1.692209765625,"id":"959"}},{"type":"Feature","geometry":{"geodesic":false,"crs":{"type":"name","properties":{"name":"EPSG:32643"}},"type":"Polygon","coordinates":[[[785000.0,1449000.0],[786000.0,1449000.0],[786000.0,1450000.0],[785000.0,1450000.0],[785000.0,1449000.0]]]},"id":"785,1449","properties":{"bld_cover":0.1123,"bld_height":1.6969158203125,"id":"960"}},{"type":"Feature","geometry":{"geodesic":false,"crs":{"type":"name","properties":{"name":"EPSG:32643"}},"type":"Polygon","coordinates":[[[786000.0,1449000.0],[787000.0,1449000.0],[787000.0,1450000.0],[786000.0,1450000.0],[786000.0,1449000.0]]]},"id":"786,1449","properties":{"bld_cover":0.0333,"bld_height":0.8571962890625,"id":"961"}},{"type":"Feature","geometry":{"geodesic":false,"crs":{"type":"name","properties":{"name":"EPSG:32643"}},"type":"Polygon","coordinates":[[[787000.0,1449000.0],[788000.0,1449000.0],[788000.0,1450000.0],[787000.0,1450000.0],[787000.0,1449000.0]]]},"id":"787,1449","properties":{"bld_cover":0.0635,"bld_height":0.6933578125,"id":"962"}},{"type":"Feature","geometry":{"geodesic":false,"crs":{"type":"name","properties":{"name":"EPSG:32643"}},"type":"Polygon","coordinates":[[[788000.0,1449000.0],[789000.0,1449000.0],[789000.0,1450000.0],[788000.0,1450000.0],[788000.0,1449000.0]]]},"id":"788,1449","properties":{"bld_cover":0.0473,"bld_height":0.493571484375,"id":"963"}},{"type":"Feature","geometry":{"geodesic":false,"crs":{"type":"name","properties":{"name":"EPSG:32643"}},"type":"Polygon","coordinates":[[[789000.0,1449000.0],[790000.0,1449000.0],[790000.0,1450000.0],[789000.0,1450000.0],[789000.0,1449000.0]]]},"id":"789,1449","properties":{"bld_cover":0.0112,"bld_height":0.13577265625,"id":"964"}},{"type":"Feature","geometry":{"geodesic":false,"crs":{"type":"name","properties":{"name":"EPSG:32643"}},"type":"Polygon","coordinates":[[[790000.0,1449000.0],[791000.0,1449000.0],[791000.0,1450000.0],[790000.0,1450000.0],[790000.0,1449000.0]]]},"id":"790,1449","properties":{"bld_cover":0.0209,"bld_height":0.1204591796875,"id":"965"}},{"type":"Feature","geometry":{"geodesic":false,"crs":{"type":"name","properties":{"name":"EPSG:32643"}},"type":"Polygon","coordinates":[[[791000.0,1449000.0],[792000.0,1449000.0],[792000.0,1450000.0],[791000.0,1450000.0],[791000.0,1449000.0]]]},"id":"791,1449","properties":{"bld_cover":0.0133,"bld_height":0.0989720703125,"id":"966"}},{"type":"Feature","geometry":{"geodesic":false,"crs":{"type":"name","properties":{"name":"EPSG:32643"}},"type":"Polygon","coordinates":[[[792000.0,1449000.0],[793000.0,1449000.0],[793000.0,1450000.0],[792000.0,1450000.0],[792000.0,1449000.0]]]},"id":"792,1449","properties":{"bld_cover":0.004,"bld_height":0.0376560546875,"id":"967"}},{"type":"Feature","geometry":{"geodesic":false,"crs":{"type":"name","properties":{"name":"EPSG:32643"}},"type":"Polygon","coordinates":[[[793000.0,1449000.0],[794000.0,1449000.0],[794000.0,1450000.0],[793000.0,1450000.0],[793000.0,1449000.0]]]},"id":"793,1449","properties":{"bld_cover":0.0153,"bld_height":0.1077599609375,"id":"968"}},{"type":"Feature","geometry":{"geodesic":false,"crs":{"type":"name","properties":{"name":"EPSG:32643"}},"type":"Polygon","coordinates":[[[794000.0,1449000.0],[795000.0,1449000.0],[795000.0,1450000.0],[794000.0,1450000.0],[794000.0,1449000.0]]]},"id":"794,1449","properties":{"bld_cover":0.0255,"bld_height":0.20796015625,"id":"969"}},{"type":"Feature","geometry":{"geodesic":false,"crs":{"type":"name","properties":{"name":"EPSG:32643"}},"type":"Polygon","coordinates":[[[795000.0,1449000.0],[796000.0,1449000.0],[796000.0,1450000.0],[795000.0,1450000.0],[795000.0,1449000.0]]]},"id":"795,1449","properties":{"bld_cover":0.0015,"bld_height":0.0127625,"id":"970"}},{"type":"Feature","geometry":{"geodesic":false,"crs":{"type":"name","properties":{"name":"EPSG:32643"}},"type":"Polygon","coordinates":[[[796000.0,1449000.0],[797000.0,1449000.0],[797000.0,1450000.0],[796000.0,1450000.0],[796000.0,1449000.0]]]},"id":"796,1449","properties":{"bld_cover":0.0271,"bld_height":0.1347716796875,"id":"971"}},{"type":"Feature","geometry":{"geodesic":false,"crs":{"type":"name","properties":{"name":"EPSG:32643"}},"type":"Polygon","coordinates":[[[797000.0,1449000.0],[798000.0,1449000.0],[798000.0,1450000.0],[797000.0,1450000.0],[797000.0,1449000.0]]]},"id":"797,1449","properties":{"bld_cover":0.013,"bld_height":0.13575390625,"id":"972"}},{"type":"Feature","geometry":{"geodesic":false,"crs":{"type":"name","properties":{"name":"EPSG:32643"}},"type":"Polygon","coordinates":[[[798000.0,1449000.0],[799000.0,1449000.0],[799000.0,1450000.0],[798000.0,1450000.0],[798000.0,1449000.0]]]},"id":"798,1449","properties":{"bld_cover":0.0055,"bld_height":0.243584765625,"id":"973"}}]}