{"type":"FeatureCollection","features":[{"type":"Feature","geometry":{"geodesic":false,"crs":{"type":"name","properties":{"name":"EPSG:32643"}},"type":"Polygon","coordinates":[[[700000.0,3154000.0],[701000.0,3154000.0],[701000.0,3155000.0],[700000.0,3155000.0],[700000.0,3154000.0]]]},"id":"700,3154","properties":{"bld_cover":0.0299,"bld_height":1.5995646484375,"id":"1"}},{"type":"Feature","geometry":{"geodesic":false,"crs":{"type":"name","properties":{"name":"EPSG:32643"}},"type":"Polygon","coordinates":[[[701000.0,3154000.0],[702000.0,3154000.0],[702000.0,3155000.0],[701000.0,3155000.0],[701000.0,3154000.0]]]},"id":"701,3154","properties":{"bld_cover":0.1353,"bld_height":2.0228353515625,"id":"2"}},{"type":"Feature","geometry":{"geodesic":false,"crs":{"type":"name","properties":{"name":"EPSG:32643"}},"type":"Polygon","coordinates":[[[702000.0,3154000.0],[703000.0,3154000.0],[703000.0,3155000.0],[702000.0,3155000.0],[702000.0,3154000.0]]]},"id":"702,3154","properties":{"bld_cover":0.1614,"bld_height":3.5516302734375,"id":"3"}},{"type":"Feature","geometry":{"geodesic":false,"crs":{"type":"name","properties":{"name":"EPSG:32643"}},"type":"Polygon","coordinates":[[[703000.0,3154000.0],[704000.0,3154000.0],[704000.0,3155000.0],[703000.0,3155000.0],[703000.0,3154000.0]]]},"id":"703,3154","properties":{"bld_cover":0.0685,"bld_height":2.483773828125,"id":"4"}},{"type":"Feature","geometry":{"geodesic":false,"crs":{"type":"name","properties":{"name":"EPSG:32643"}},"type":"Polygon","coordinates":[[[704000.0,3154000.0],[705000.0,3154000.0],[705000.0,3155000.0],[704000.0,3155000.0],[704000.0,3154000.0]]]},"id":"704,3154","properties":{"bld_cover":0.1255,"bld_height":4.0543080078125,"id":"5"}},{"type":"Feature","geometry":{"geodesic":false,"crs":{"type":"name","properties":{"name":"EPSG:32643"}},"type":"Polygon","coordinates":[[[705000.0,3154000.0],[706000.0,3154000.0],[706000.0,3155000.0],[705000.0,3155000.0],[705000.0,3154000.0]]]},"id":"705,3154","properties":{"bld_cover":0.0594,"bld_height":4.410391796875,"id":"6"}},{"type":"Feature","geometry":{"geodesic":false,"crs":{"type":"name","properties":{"name":"EPSG:32643"}},"type":"Polygon","coordinates":[[[706000.0,3154000.0],[707000.0,3154000.0],[707000.0,3155000.0],[706000.0,3155000.0],[706000.0,3154000.0]]]},"id":"706,3154","properties":{"bld_cover":0.0135,"bld_height":0.8315576171875,"id":"7"}},{"type":"Feature","geometry":{"geodesic":false,"crs":{"type":"name","properties":{"name":"EPSG:32643"}},"type":"Polygon","coordinates":[[[707000.0,3154000.0],[708000.0,3154000.0],[708000.0,3155000.0],[707000.0,3155000.0],[707000.0,3154000.0]]]},"id":"707,3154","properties":{"bld_cover":0.0055,"bld_height":0.0305513671875,"id":"8"}},{"type":"Feature","geometry":{"geodesic":false,"crs":{"type":"name","properties":{"name":"EPSG:32643"}},"type":"Polygon","coordinates":[[[708000.0,3154000.0],[709000.0,3154000.0],[709000.0,3155000.0],[708000.0,3155000.0],[708000.0,3154000.0]]]},"id":"708,3154","properties":{"bld_cover":0.0118,"bld_height":0.3841314453125,"id":"9"}},{"type":"Feature","geometry":{"geodesic":false,"crs":{"type":"name","properties":{"name":"EPSG:32643"}},"type":"Polygon","coordinates":[[[709000.0,3154000.0],[710000.0,3154000.0],[710000.0,3155000.0],[709000.0,3155000.0],[709000.0,3154000.0]]]},"id":"709,3154","properties":{"bld_cover":0.0135,"bld_height":1.4960212890625,"id":"10"}},{"type":"Feature","geometry":{"geodesic":false,"crs":{"type":"name","properties":{"name":"EPSG:32643"}},"type":"Polygon","coordinates":[[[710000.0,3154000.0],[711000.0,3154000.0],[711000.0,3155000.0],[710000.0,3155000.0],[710000.0,3154000.0]]]},"id":"710,3154","properties":{"bld_cover":0.0208,"bld_height":0.5527189453125,"id":"11"}},{"type":"Feature","geometry":{"geodesic":false,"crs":{"type":"name","properties":{"name":"EPSG:32643"}},"type":"Polygon","coordinates":[[[711000.0,3154000.0],[712000.0,3154000.0],[712000.0,3155000.0],[711000.0,3155000.0],[711000.0,3154000.0]]]},"id":"711,3154","properties":{"bld_cover":0.043,"bld_height":1.747231640625,"id":"12"}},{"type":"Feature","geometry":{"geodesic":false,"crs":{"type":"name","properties":{"name":"EPSG:32643"}},"type":"Polygon","coordinates":[[[712000.0,3154000.0],[713000.0,3154000.0],[713000.0,3155000.0],[712000.0,3155000.0],[712000.0,3154000.0]]]},"id":"712,3154","properties":{"bld_cover":0.0493,"bld_height":1.14613125,"id":"13"}},{"type":"Feature","geometry":{"geodesic":false,"crs":{"type":"name","properties":{"name":"EPSG:32643"}},"type":"Polygon","coordinates":[[[713000.0,3154000.0],[714000.0,3154000.0],[714000.0,3155000.0],[713000.0,3155000.0],[713000.0,3154000.0]]]},"id":"713,3154","properties":{"bld_cover":0.133,"bld_height":3.4984546875,"id":"14"}},{"type":"Feature","geometry":{"geodesic":false,"crs":{"type":"name","properties":{"name":"EPSG:32643"}},"type":"Polygon","coordinates":[[[714000.0,3154000.0],[715000.0,3154000.0],[715000.0,3155000.0],[714000.0,3155000.0],[714000.0,3154000.0]]]},"id":"714,3154","properties":{"bld_cover":0.1384,"bld_height":4.3783197265625,"id":"15"}},{"type":"Feature","geometry":{"geodesic":false,"crs":{"type":"name","properties":{"name":"EPSG:32643"}},"type":"Polygon","coordinates":[[[715000.0,3154000.0],[716000.0,3154000.0],[716000.0,3155000.0],[715000.0,3155000.0],[715000.0,3154000.0]]]},"id":"715,3154","properties":{"bld_cover":0.0959,"bld_height":1.3166015625,"id":"16"}},{"type":"Feature","geometry":{"geodesic":false,"crs":{"type":"name","properties":{"name":"EPSG:32643"}},"type":"Polygon","coordinates":[[[716000.0,3154000.0],[717000.0,3154000.0],[717000.0,3155000.0],[716000.0,3155000.0],[716000.0,3154000.0]]]},"id":"716,3154","properties":{"bld_cover":0.0624,"bld_height":0.763286328125,"id":"17"}},{"type":"Feature","geometry":{"geodesic":false,"crs":{"type":"name","properties":{"name":"EPSG:32643"}},"type":"Polygon","coordinates":[[[717000.0,3154000.0],[718000.0,3154000.0],[718000.0,3155000.0],[717000.0,3155000.0],[717000.0,3154000.0]]]},"id":"717,3154","properties":{"bld_cover":0.0874,"bld_height":2.127360546875,"id":"18"}},{"type":"Feature","geometry":{"geodesic":false,"crs":{"type":"name","properties":{"name":"EPSG:32643"}},"type":"Polygon","coordinates":[[[718000.0,3154000.0],[719000.0,3154000.0],[719000.0,3155000.0],[718000.0,3155000.0],[718000.0,3154000.0]]]},"id":"718,3154","properties":{"bld_cover":0.1715,"bld_height":5.1155625,"id":"19"}},{"type":"Feature","geometry":{"geodesic":false,"crs":{"type":"name","properties":{"name":"EPSG:32643"}},"type":"Polygon","coordinates":[[[719000.0,3154000.0],[720000.0,3154000.0],[720000.0,3155000.0],[719000.0,3155000.0],[719000.0,3154000.0]]]},"id":"719,3154","properties":{"bld_cover":0.1362,"bld_height":5.801619140625,"id":"20"}},{"type":"Feature","geometry":{"geodesic":false,"crs":{"type":"name","properties":{"name":"EPSG:32643"}},"type":"Polygon","coordinates":[[[720000.0,3154000.0],[721000.0,3154000.0],[721000.0,3155000.0],[720000.0,3155000.0],[720000.0,3154000.0]]]},"id":"720,3154","properties":{"bld_cover":0.1226,"bld_height":3.651682421875,"id":"21"}},{"type":"Feature","geometry":{"geodesic":false,"crs":{"type":"name","properties":{"name":"EPSG:32643"}},"type":"Polygon","coordinates":[[[721000.0,3154000.0],[722000.0,3154000.0],[722000.0,3155000.0],[721000.0,3155000.0],[721000.0,3154000.0]]]},"id":"721,3154","properties":{"bld_cover":0.0163,"bld_height":0.1617150390625,"id":"22"}},{"type":"Feature","geometry":{"geodesic":false,"crs":{"type":"name","properties":{"name":"EPSG:32643"}},"type":"Polygon","coordinates":[[[722000.0,3154000.0],[723000.0,3154000.0],[723000.0,3155000.0],[722000.0,3155000.0],[722000.0,3154000.0]]]},"id":"722,3154","properties":{"bld_cover":0.0022,"bld_height":0.1879669921875,"id":"23"}},{"type":"Feature","geometry":{"geodesic":false,"crs":{"type":"name","properties":{"name":"EPSG:32643"}},"type":"Polygon","coordinates":[[[723000.0,3154000.0],[724000.0,3154000.0],[724000.0,3155000.0],[723000.0,3155000.0],[723000.0,3154000.0]]]},"id":"723,3154","properties":{"bld_cover":0.0796,"bld_height":2.742779296875,"id":"24"}},{"type":"Feature","geometry":{"geodesic":false,"crs":{"type":"name","properties":{"name":"EPSG:32643"}},"type":"Polygon","coordinates":[[[724000.0,3154000.0],[725000.0,3154000.0],[725000.0,3155000.0],[724000.0,3155000.0],[724000.0,3154000.0]]]},"id":"724,3154","properties":{"bld_cover":0.0353,"bld_height":3.9764185546875,"id":"25"}},{"type":"Feature","geometry":{"geodesic":false,"crs":{"type":"name","properties":{"name":"EPSG:32643"}},"type":"Polygon","coordinates":[[[725000.0,3154000.0],[726000.0,3154000.0],[726000.0,3155000.0],[725000.0,3155000.0],[725000.0,3154000.0]]]},"id":"725,3154","properties":{"bld_cover":0.0426,"bld_height":2.8664396484375,"id":"26"}},{"type":"Feature","geometry":{"geodesic":false,"crs":{"type":"name","properties":{"name":"EPSG:32643"}},"type":"Polygon","coordinates":[[[726000.0,3154000.0],[727000.0,3154000.0],[727000.0,3155000.0],[726000.0,3155000.0],[726000.0,3154000.0]]]},"id":"726,3154","properties":{"bld_cover":0.0425,"bld_height":3.56622578125,"id":"27"}},{"type":"Feature","geometry":{"geodesic":false,"crs":{"type":"name","properties":{"name":"EPSG:32643"}},"type":"Polygon","coordinates":[[[727000.0,3154000.0],[728000.0,3154000.0],[728000.0,3155000.0],[727000.0,3155000.0],[727000.0,3154000.0]]]},"id":"727,3154","properties":{"bld_cover":0.0925,"bld_height":4.6056697265625,"id":"28"}},{"type":"Feature","geometry":{"geodesic":false,"crs":{"type":"name","properties":{"name":"EPSG:32643"}},"type":"Polygon","coordinates":[[[728000.0,3154000.0],[729000.0,3154000.0],[729000.0,3155000.0],[728000.0,3155000.0],[728000.0,3154000.0]]]},"id":"728,3154","properties":{"bld_cover":0.0937,"bld_height":3.043104296875,"id":"29"}},{"type":"Feature","geometry":{"geodesic":false,"crs":{"type":"name","properties":{"name":"EPSG:32643"}},"type":"Polygon","coordinates":[[[729000.0,3154000.0],[730000.0,3154000.0],[730000.0,3155000.0],[729000.0,3155000.0],[729000.0,3154000.0]]]},"id":"729,3154","properties":{"bld_cover":0.0332,"bld_height":2.3540154296875,"id":"30"}},{"type":"Feature","geometry":{"geodesic":false,"crs":{"type":"name","properties":{"name":"EPSG:32643"}},"type":"Polygon","coordinates":[[[730000.0,3154000.0],[731000.0,3154000.0],[731000.0,3155000.0],[730000.0,3155000.0],[730000.0,3154000.0]]]},"id":"730,3154","properties":{"bld_cover":0,"bld_height":0.0051365234375,"id":"31"}},{"type":"Feature","geometry":{"geodesic":false,"crs":{"type":"name","properties":{"name":"EPSG:32643"}},"type":"Polygon","coordinates":[[[700000.0,3155000.0],[701000.0,3155000.0],[701000.0,3156000.0],[700000.0,3156000.0],[700000.0,3155000.0]]]},"id":"700,3155","properties":{"bld_cover":0.1031,"bld_height":3.2038279296875,"id":"32"}},{"type":"Feature","geometry":{"geodesic":false,"crs":{"type":"name","properties":{"name":"EPSG:32643"}},"type":"Polygon","coordinates":[[[701000.0,3155000.0],[702000.0,3155000.0],[702000.0,3156000.0],[701000.0,3156000.0],[701000.0,3155000.0]]]},"id":"701,3155","properties":{"bld_cover":0.1925,"bld_height":1.727121875,"id":"33"}},{"type":"Feature","geometry":{"geodesic":false,"crs":{"type":"name","properties":{"name":"EPSG:32643"}},"type":"Polygon","coordinates":[[[702000.0,3155000.0],[703000.0,3155000.0],[703000.0,3156000.0],[702000.0,3156000.0],[702000.0,3155000.0]]]},"id":"702,3155","properties":{"bld_cover":0.3105,"bld_height":4.2238923828125,"id":"34"}},{"type":"Feature","geometry":{"geodesic":false,"crs":{"type":"name","properties":{"name":"EPSG:32643"}},"type":"Polygon","coordinates":[[[703000.0,3155000.0],[704000.0,3155000.0],[704000.0,3156000.0],[703000.0,3156000.0],[703000.0,3155000.0]]]},"id":"703,3155","properties":{"bld_cover":0.2787,"bld_height":3.5917982421875,"id":"35"}},{"type":"Feature","geometry":{"geodesic":false,"crs":{"type":"name","properties":{"name":"EPSG:32643"}},"type":"Polygon","coordinates":[[[704000.0,3155000.0],[705000.0,3155000.0],[705000.0,3156000.0],[704000.0,3156000.0],[704000.0,3155000.0]]]},"id":"704,3155","properties":{"bld_cover":0.2428,"bld_height":3.62037734375,"id":"36"}},{"type":"Feature","geometry":{"geodesic":false,"crs":{"type":"name","properties":{"name":"EPSG:32643"}},"type":"Polygon","coordinates":[[[705000.0,3155000.0],[706000.0,3155000.0],[706000.0,3156000.0],[705000.0,3156000.0],[705000.0,3155000.0]]]},"id":"705,3155","properties":{"bld_cover":0.0441,"bld_height":0.38868359375,"id":"37"}},{"type":"Feature","geometry":{"geodesic":false,"crs":{"type":"name","properties":{"name":"EPSG:32643"}},"type":"Polygon","coordinates":[[[706000.0,3155000.0],[707000.0,3155000.0],[707000.0,3156000.0],[706000.0,3156000.0],[706000.0,3155000.0]]]},"id":"706,3155","properties":{"bld_cover":0.1434,"bld_height":1.14683828125,"id":"38"}},{"type":"Feature","geometry":{"geodesic":false,"crs":{"type":"name","properties":{"name":"EPSG:32643"}},"type":"Polygon","coordinates":[[[707000.0,3155000.0],[708000.0,3155000.0],[708000.0,3156000.0],[707000.0,3156000.0],[707000.0,3155000.0]]]},"id":"707,3155","properties":{"bld_cover":0.0679,"bld_height":0.5253720703125,"id":"39"}},{"type":"Feature","geometry":{"geodesic":false,"crs":{"type":"name","properties":{"name":"EPSG:32643"}},"type":"Polygon","coordinates":[[[708000.0,3155000.0],[709000.0,3155000.0],[709000.0,3156000.0],[708000.0,3156000.0],[708000.0,3155000.0]]]},"id":"708,3155","properties":{"bld_cover":0.0293,"bld_height":0.18671484375,"id":"40"}},{"type":"Feature","geometry":{"geodesic":false,"crs":{"type":"name","properties":{"name":"EPSG:32643"}},"type":"Polygon","coordinates":[[[709000.0,3155000.0],[710000.0,3155000.0],[710000.0,3156000.0],[709000.0,3156000.0],[709000.0,3155000.0]]]},"id":"709,3155","properties":{"bld_cover":0.0376,"bld_height":0.273699609375,"id":"41"}},{"type":"Feature","geometry":{"geodesic":false,"crs":{"type":"name","properties":{"name":"EPSG:32643"}},"type":"Polygon","coordinates":[[[710000.0,3155000.0],[711000.0,3155000.0],[711000.0,3156000.0],[710000.0,3156000.0],[710000.0,3155000.0]]]},"id":"710,3155","properties":{"bld_cover":0.0711,"bld_height":0.5294708984375,"id":"42"}},{"type":"Feature","geometry":{"geodesic":false,"crs":{"type":"name","properties":{"name":"EPSG:32643"}},"type":"Polygon","coordinates":[[[711000.0,3155000.0],[712000.0,3155000.0],[712000.0,3156000.0],[711000.0,3156000.0],[711000.0,3155000.0]]]},"id":"711,3155","properties":{"bld_cover":0.1131,"bld_height":1.3281306640625,"id":"43"}},{"type":"Feature","geometry":{"geodesic":false,"crs":{"type":"name","properties":{"name":"EPSG:32643"}},"type":"Polygon","coordinates":[[[712000.0,3155000.0],[713000.0,3155000.0],[713000.0,3156000.0],[712000.0,3156000.0],[712000.0,3155000.0]]]},"id":"712,3155","properties":{"bld_cover":0.1029,"bld_height":1.3994416015625,"id":"44"}},{"type":"Feature","geometry":{"geodesic":false,"crs":{"type":"name","properties":{"name":"EPSG:32643"}},"type":"Polygon","coordinates":[[[713000.0,3155000.0],[714000.0,3155000.0],[714000.0,3156000.0],[713000.0,3156000.0],[713000.0,3155000.0]]]},"id":"713,3155","properties":{"bld_cover":0.1882,"bld_height":2.1877041015625,"id":"45"}},{"type":"Feature","geometry":{"geodesic":false,"crs":{"type":"name","properties":{"name":"EPSG:32643"}},"type":"Polygon","coordinates":[[[714000.0,3155000.0],[715000.0,3155000.0],[715000.0,3156000.0],[714000.0,3156000.0],[714000.0,3155000.0]]]},"id":"714,3155","properties":{"bld_cover":0.0369,"bld_height":0.3879515625,"id":"46"}},{"type":"Feature","geometry":{"geodesic":false,"crs":{"type":"name","properties":{"name":"EPSG:32643"}},"type":"Polygon","coordinates":[[[715000.0,3155000.0],[716000.0,3155000.0],[716000.0,3156000.0],[715000.0,3156000.0],[715000.0,3155000.0]]]},"id":"715,3155","properties":{"bld_cover":0.3154,"bld_height":3.5453587890625,"id":"47"}},{"type":"Feature","geometry":{"geodesic":false,"crs":{"type":"name","properties":{"name":"EPSG:32643"}},"type":"Polygon","coordinates":[[[716000.0,3155000.0],[717000.0,3155000.0],[717000.0,3156000.0],[716000.0,3156000.0],[716000.0,3155000.0]]]},"id":"716,3155","properties":{"bld_cover":0.1494,"bld_height":1.1116537109375,"id":"48"}},{"type":"Feature","geometry":{"geodesic":false,"crs":{"type":"name","properties":{"name":"EPSG:32643"}},"type":"Polygon","coordinates":[[[717000.0,3155000.0],[718000.0,3155000.0],[718000.0,3156000.0],[717000.0,3156000.0],[717000.0,3155000.0]]]},"id":"717,3155","properties":{"bld_cover":0.1659,"bld_height":1.4341306640625,"id":"49"}},{"type":"Feature","geometry":{"geodesic":false,"crs":{"type":"name","properties":{"name":"EPSG:32643"}},"type":"Polygon","coordinates":[[[718000.0,3155000.0],[719000.0,3155000.0],[719000.0,3156000.0],[718000.0,3156000.0],[718000.0,3155000.0]]]},"id":"718,3155","properties":{"bld_cover":0.4699,"bld_height":6.33038984375,"id":"50"}},{"type":"Feature","geometry":{"geodesic":false,"crs":{"type":"name","properties":{"name":"EPSG:32643"}},"type":"Polygon","coordinates":[[[719000.0,3155000.0],[720000.0,3155000.0],[720000.0,3156000.0],[719000.0,3156000.0],[719000.0,3155000.0]]]},"id":"719,3155","properties":{"bld_cover":0.348,"bld_height":4.7943552734375,"id":"51"}},{"type":"Feature","geometry":{"geodesic":false,"crs":{"type":"name","properties":{"name":"EPSG:32643"}},"type":"Polygon","coordinates":[[[720000.0,3155000.0],[721000.0,3155000.0],[721000.0,3156000.0],[720000.0,3156000.0],[720000.0,3155000.0]]]},"id":"720,3155","properties":{"bld_cover":0.329,"bld_height":3.976499609375,"id":"52"}},{"type":"Feature","geometry":{"geodesic":false,"crs":{"type":"name","properties":{"name":"EPSG:32643"}},"type":"Polygon","coordinates":[[[721000.0,3155000.0],[722000.0,3155000.0],[722000.0,3156000.0],[721000.0,3156000.0],[721000.0,3155000.0]]]},"id":"721,3155","properties":{"bld_cover":0.0531,"bld_height":0.5520201171875,"id":"53"}},{"type":"Feature","geometry":{"geodesic":false,"crs":{"type":"name","properties":{"name":"EPSG:32643"}},"type":"Polygon","coordinates":[[[722000.0,3155000.0],[723000.0,3155000.0],[723000.0,3156000.0],[722000.0,3156000.0],[722000.0,3155000.0]]]},"id":"722,3155","properties":{"bld_cover":0.0851,"bld_height":0.668216796875,"id":"54"}},{"type":"Feature","geometry":{"geodesic":false,"crs":{"type":"name","properties":{"name":"EPSG:32643"}},"type":"Polygon","coordinates":[[[723000.0,3155000.0],[724000.0,3155000.0],[724000.0,3156000.0],[723000.0,3156000.0],[723000.0,3155000.0]]]},"id":"723,3155","properties":{"bld_cover":0.0568,"bld_height":0.745201953125,"id":"55"}},{"type":"Feature","geometry":{"geodesic":false,"crs":{"type":"name","properties":{"name":"EPSG:32643"}},"type":"Polygon","coordinates":[[[724000.0,3155000.0],[725000.0,3155000.0],[725000.0,3156000.0],[724000.0,3156000.0],[724000.0,3155000.0]]]},"id":"724,3155","properties":{"bld_cover":0.1552,"bld_height":1.67629609375,"id":"56"}},{"type":"Feature","geometry":{"geodesic":false,"crs":{"type":"name","properties":{"name":"EPSG:32643"}},"type":"Polygon","coordinates":[[[725000.0,3155000.0],[726000.0,3155000.0],[726000.0,3156000.0],[725000.0,3156000.0],[725000.0,3155000.0]]]},"id":"725,3155","properties":{"bld_cover":0.1095,"bld_height":1.3182419921875,"id":"57"}},{"type":"Feature","geometry":{"geodesic":false,"crs":{"type":"name","properties":{"name":"EPSG:32643"}},"type":"Polygon","coordinates":[[[726000.0,3155000.0],[727000.0,3155000.0],[727000.0,3156000.0],[726000.0,3156000.0],[726000.0,3155000.0]]]},"id":"726,3155","properties":{"bld_cover":0.2222,"bld_height":2.2498388671875,"id":"58"}},{"type":"Feature","geometry":{"geodesic":false,"crs":{"type":"name","properties":{"name":"EPSG:32643"}},"type":"Polygon","coordinates":[[[727000.0,3155000.0],[728000.0,3155000.0],[728000.0,3156000.0],[727000.0,3156000.0],[727000.0,3155000.0]]]},"id":"727,3155","properties":{"bld_cover":0.3966,"bld_height":4.45904296875,"id":"59"}},{"type":"Feature","geometry":{"geodesic":false,"crs":{"type":"name","properties":{"name":"EPSG:32643"}},"type":"Polygon","coordinates":[[[728000.0,3155000.0],[729000.0,3155000.0],[729000.0,3156000.0],[728000.0,3156000.0],[728000.0,3155000.0]]]},"id":"728,3155","properties":{"bld_cover":0.3811,"bld_height":4.3963052734375,"id":"60"}},{"type":"Feature","geometry":{"geodesic":false,"crs":{"type":"name","properties":{"name":"EPSG:32643"}},"type":"Polygon","coordinates":[[[729000.0,3155000.0],[730000.0,3155000.0],[730000.0,3156000.0],[729000.0,3156000.0],[729000.0,3155000.0]]]},"id":"729,3155","properties":{"bld_cover":0.1276,"bld_height":0.9804951171875,"id":"61"}},{"type":"Feature","geometry":{"geodesic":false,"crs":{"type":"name","properties":{"name":"EPSG:32643"}},"type":"Polygon","coordinates":[[[730000.0,3155000.0],[731000.0,3155000.0],[731000.0,3156000.0],[730000.0,3156000.0],[730000.0,3155000.0]]]},"id":"730,3155","properties":{"bld_cover":0,"bld_height":0.2429330078125,"id":"62"}},{"type":"Feature","geometry":{"geodesic":false,"crs":{"type":"name","properties":{"name":"EPSG:32643"}},"type":"Polygon","coordinates":[[[700000.0,3156000.0],[701000.0,3156000.0],[701000.0,3157000.0],[700000.0,3157000.0],[700000.0,3156000.0]]]},"id":"700,3156","properties":{"bld_cover":0.0159,"bld_height":0.9359033203125,"id":"63"}},{"type":"Feature","geometry":{"geodesic":false,"crs":{"type":"name","properties":{"name":"EPSG:32643"}},"type":"Polygon","coordinates":[[[701000.0,3156000.0],[702000.0,3156000.0],[702000.0,3157000.0],[701000.0,3157000.0],[701000.0,3156000.0]]]},"id":"701,3156","properties":{"bld_cover":0.0207,"bld_height":0.156709765625,"id":"64"}},{"type":"Feature","geometry":{"geodesic":false,"crs":{"type":"name","properties":{"name":"EPSG:32643"}},"type":"Polygon","coordinates":[[[702000.0,3156000.0],[703000.0,3156000.0],[703000.0,3157000.0],[702000.0,3157000.0],[702000.0,3156000.0]]]},"id":"702,3156","properties":{"bld_cover":0.1018,"bld_height":0.917019140625,"id":"65"}},{"type":"Feature","geometry":{"geodesic":false,"crs":{"type":"name","properties":{"name":"EPSG:32643"}},"type":"Polygon","coordinates":[[[703000.0,3156000.0],[704000.0,3156000.0],[704000.0,3157000.0],[703000.0,3157000.0],[703000.0,3156000.0]]]},"id":"703,3156","properties":{"bld_cover":0.3624,"bld_height":3.81619921875,"id":"66"}},{"type":"Feature","geometry":{"geodesic":false,"crs":{"type":"name","properties":{"name":"EPSG:32643"}},"type":"Polygon","coordinates":[[[704000.0,3156000.0],[705000.0,3156000.0],[705000.0,3157000.0],[704000.0,3157000.0],[704000.0,3156000.0]]]},"id":"704,3156","properties":{"bld_cover":0.0689,"bld_height":0.6006552734375,"id":"67"}},{"type":"Feature","geometry":{"geodesic":false,"crs":{"type":"name","properties":{"name":"EPSG:32643"}},"type":"Polygon","coordinates":[[[705000.0,3156000.0],[706000.0,3156000.0],[706000.0,3157000.0],[705000.0,3157000.0],[705000.0,3156000.0]]]},"id":"705,3156","properties":{"bld_cover":0.1033,"bld_height":0.8543869140625,"id":"68"}},{"type":"Feature","geometry":{"geodesic":false,"crs":{"type":"name","properties":{"name":"EPSG:32643"}},"type":"Polygon","coordinates":[[[706000.0,3156000.0],[707000.0,3156000.0],[707000.0,3157000.0],[706000.0,3157000.0],[706000.0,3156000.0]]]},"id":"706,3156","properties":{"bld_cover":0.1595,"bld_height":1.2941841796875,"id":"69"}},{"type":"Feature","geometry":{"geodesic":false,"crs":{"type":"name","properties":{"name":"EPSG:32643"}},"type":"Polygon","coordinates":[[[707000.0,3156000.0],[708000.0,3156000.0],[708000.0,3157000.0],[707000.0,3157000.0],[707000.0,3156000.0]]]},"id":"707,3156","properties":{"bld_cover":0.0367,"bld_height":0.2596421875,"id":"70"}},{"type":"Feature","geometry":{"geodesic":false,"crs":{"type":"name","properties":{"name":"EPSG:32643"}},"type":"Polygon","coordinates":[[[708000.0,3156000.0],[709000.0,3156000.0],[709000.0,3157000.0],[708000.0,3157000.0],[708000.0,3156000.0]]]},"id":"708,3156","properties":{"bld_cover":0.0067,"bld_height":0.0556951171875,"id":"71"}},{"type":"Feature","geometry":{"geodesic":false,"crs":{"type":"name","properties":{"name":"EPSG:32643"}},"type":"Polygon","coordinates":[[[709000.0,3156000.0],[710000.0,3156000.0],[710000.0,3157000.0],[709000.0,3157000.0],[709000.0,3156000.0]]]},"id":"709,3156","properties":{"bld_cover":0.0372,"bld_height":0.2518615234375,"id":"72"}},{"type":"Feature","geometry":{"geodesic":false,"crs":{"type":"name","properties":{"name":"EPSG:32643"}},"type":"Polygon","coordinates":[[[710000.0,3156000.0],[711000.0,3156000.0],[711000.0,3157000.0],[710000.0,3157000.0],[710000.0,3156000.0]]]},"id":"710,3156","properties":{"bld_cover":0.0766,"bld_height":0.816215625,"id":"73"}},{"type":"Feature","geometry":{"geodesic":false,"crs":{"type":"name","properties":{"name":"EPSG:32643"}},"type":"Polygon","coordinates":[[[711000.0,3156000.0],[712000.0,3156000.0],[712000.0,3157000.0],[711000.0,3157000.0],[711000.0,3156000.0]]]},"id":"711,3156","properties":{"bld_cover":0.1971,"bld_height":2.4725791015625,"id":"74"}},{"type":"Feature","geometry":{"geodesic":false,"crs":{"type":"name","properties":{"name":"EPSG:32643"}},"type":"Polygon","coordinates":[[[712000.0,3156000.0],[713000.0,3156000.0],[713000.0,3157000.0],[712000.0,3157000.0],[712000.0,3156000.0]]]},"id":"712,3156","properties":{"bld_cover":0.2641,"bld_height":3.63194296875,"id":"75"}},{"type":"Feature","geometry":{"geodesic":false,"crs":{"type":"name","properties":{"name":"EPSG:32643"}},"type":"Polygon","coordinates":[[[713000.0,3156000.0],[714000.0,3156000.0],[714000.0,3157000.0],[713000.0,3157000.0],[713000.0,3156000.0]]]},"id":"713,3156","properties":{"bld_cover":0.2279,"bld_height":2.9808359375,"id":"76"}},{"type":"Feature","geometry":{"geodesic":false,"crs":{"type":"name","properties":{"name":"EPSG:32643"}},"type":"Polygon","coordinates":[[[714000.0,3156000.0],[715000.0,3156000.0],[715000.0,3157000.0],[714000.0,3157000.0],[714000.0,3156000.0]]]},"id":"714,3156","properties":{"bld_cover":0.0185,"bld_height":0.192894140625,"id":"77"}},{"type":"Feature","geometry":{"geodesic":false,"crs":{"type":"name","properties":{"name":"EPSG:32643"}},"type":"Polygon","coordinates":[[[715000.0,3156000.0],[716000.0,3156000.0],[716000.0,3157000.0],[715000.0,3157000.0],[715000.0,3156000.0]]]},"id":"715,3156","properties":{"bld_cover":0.2941,"bld_height":3.8391357421875,"id":"78"}},{"type":"Feature","geometry":{"geodesic":false,"crs":{"type":"name","properties":{"name":"EPSG:32643"}},"type":"Polygon","coordinates":[[[716000.0,3156000.0],[717000.0,3156000.0],[717000.0,3157000.0],[716000.0,3157000.0],[716000.0,3156000.0]]]},"id":"716,3156","properties":{"bld_cover":0.1218,"bld_height":1.508378125,"id":"79"}},{"type":"Feature","geometry":{"geodesic":false,"crs":{"type":"name","properties":{"name":"EPSG:32643"}},"type":"Polygon","coordinates":[[[717000.0,3156000.0],[718000.0,3156000.0],[718000.0,3157000.0],[717000.0,3157000.0],[717000.0,3156000.0]]]},"id":"717,3156","properties":{"bld_cover":0.1231,"bld_height":1.4161474609375,"id":"80"}},{"type":"Feature","geometry":{"geodesic":false,"crs":{"type":"name","properties":{"name":"EPSG:32643"}},"type":"Polygon","coordinates":[[[718000.0,3156000.0],[719000.0,3156000.0],[719000.0,3157000.0],[718000.0,3157000.0],[718000.0,3156000.0]]]},"id":"718,3156","properties":{"bld_cover":0.3073,"bld_height":5.2795818359375,"id":"81"}},{"type":"Feature","geometry":{"geodesic":false,"crs":{"type":"name","properties":{"name":"EPSG:32643"}},"type":"Polygon","coordinates":[[[719000.0,3156000.0],[720000.0,3156000.0],[720000.0,3157000.0],[719000.0,3157000.0],[719000.0,3156000.0]]]},"id":"719,3156","properties":{"bld_cover":0.1712,"bld_height":2.177596484375,"id":"82"}},{"type":"Feature","geometry":{"geodesic":false,"crs":{"type":"name","properties":{"name":"EPSG:32643"}},"type":"Polygon","coordinates":[[[720000.0,3156000.0],[721000.0,3156000.0],[721000.0,3157000.0],[720000.0,3157000.0],[720000.0,3156000.0]]]},"id":"720,3156","properties":{"bld_cover":0.1126,"bld_height":1.7214861328125,"id":"83"}},{"type":"Feature","geometry":{"geodesic":false,"crs":{"type":"name","properties":{"name":"EPSG:32643"}},"type":"Polygon","coordinates":[[[721000.0,3156000.0],[722000.0,3156000.0],[722000.0,3157000.0],[721000.0,3157000.0],[721000.0,3156000.0]]]},"id":"721,3156","properties":{"bld_cover":0.2436,"bld_height":2.128355078125,"id":"84"}},{"type":"Feature","geometry":{"geodesic":false,"crs":{"type":"name","properties":{"name":"EPSG:32643"}},"type":"Polygon","coordinates":[[[722000.0,3156000.0],[723000.0,3156000.0],[723000.0,3157000.0],[722000.0,3157000.0],[722000.0,3156000.0]]]},"id":"722,3156","properties":{"bld_cover":0.1829,"bld_height":1.56084453125,"id":"85"}},{"type":"Feature","geometry":{"geodesic":false,"crs":{"type":"name","properties":{"name":"EPSG:32643"}},"type":"Polygon","coordinates":[[[723000.0,3156000.0],[724000.0,3156000.0],[724000.0,3157000.0],[723000.0,3157000.0],[723000.0,3156000.0]]]},"id":"723,3156","properties":{"bld_cover":0.1564,"bld_height":1.82919375,"id":"86"}},{"type":"Feature","geometry":{"geodesic":false,"crs":{"type":"name","properties":{"name":"EPSG:32643"}},"type":"Polygon","coordinates":[[[724000.0,3156000.0],[725000.0,3156000.0],[725000.0,3157000.0],[724000.0,3157000.0],[724000.0,3156000.0]]]},"id":"724,3156","properties":{"bld_cover":0.1363,"bld_height":1.478391015625,"id":"87"}},{"type":"Feature","geometry":{"geodesic":false,"crs":{"type":"name","properties":{"name":"EPSG:32643"}},"type":"Polygon","coordinates":[[[725000.0,3156000.0],[726000.0,3156000.0],[726000.0,3157000.0],[725000.0,3157000.0],[725000.0,3156000.0]]]},"id":"725,3156","properties":{"bld_cover":0.188,"bld_height":2.559693359375,"id":"88"}},{"type":"Feature","geometry":{"geodesic":false,"crs":{"type":"name","properties":{"name":"EPSG:32643"}},"type":"Polygon","coordinates":[[[726000.0,3156000.0],[727000.0,3156000.0],[727000.0,3157000.0],[726000.0,3157000.0],[726000.0,3156000.0]]]},"id":"726,3156","properties":{"bld_cover":0.0528,"bld_height":0.5350013671875,"id":"89"}},{"type":"Feature","geometry":{"geodesic":false,"crs":{"type":"name","properties":{"name":"EPSG:32643"}},"type":"Polygon","coordinates":[[[727000.0,3156000.0],[728000.0,3156000.0],[728000.0,3157000.0],[727000.0,3157000.0],[727000.0,3156000.0]]]},"id":"727,3156","properties":{"bld_cover":0.0045,"bld_height":0.0110140625,"id":"90"}},{"type":"Feature","geometry":{"geodesic":false,"crs":{"type":"name","properties":{"name":"EPSG:32643"}},"type":"Polygon","coordinates":[[[728000.0,3156000.0],[729000.0,3156000.0],[729000.0,3157000.0],[728000.0,3157000.0],[728000.0,3156000.0]]]},"id":"728,3156","properties":{"bld_cover":0.1632,"bld_height":2.0323072265625,"id":"91"}},{"type":"Feature","geometry":{"geodesic":false,"crs":{"type":"name","properties":{"name":"EPSG:32643"}},"type":"Polygon","coordinates":[[[729000.0,3156000.0],[730000.0,3156000.0],[730000.0,3157000.0],[729000.0,3157000.0],[729000.0,3156000.0]]]},"id":"729,3156","properties":{"bld_cover":0.0206,"bld_height":0.150111328125,"id":"92"}},{"type":"Feature","geometry":{"geodesic":false,"crs":{"type":"name","properties":{"name":"EPSG:32643"}},"type":"Polygon","coordinates":[[[730000.0,3156000.0],[731000.0,3156000.0],[731000.0,3157000.0],[730000.0,3157000.0],[730000.0,3156000.0]]]},"id":"730,3156","properties":{"bld_cover":0,"bld_height":1.6694330078125,"id":"93"}},{"type":"Feature","geometry":{"geodesic":false,"crs":{"type":"name","properties":{"name":"EPSG:32643"}},"type":"Polygon","coordinates":[[[700000.0,3157000.0],[701000.0,3157000.0],[701000.0,3158000.0],[700000.0,3158000.0],[700000.0,3157000.0]]]},"id":"700,3157","properties":{"bld_cover":0.0698,"bld_height":1.068557421875,"id":"94"}},{"type":"Feature","geometry":{"geodesic":false,"crs":{"type":"name","properties":{"name":"EPSG:32643"}},"type":"Polygon","coordinates":[[[701000.0,3157000.0],[702000.0,3157000.0],[702000.0,3158000.0],[701000.0,3158000.0],[701000.0,3157000.0]]]},"id":"701,3157","properties":{"bld_cover":0.098,"bld_height":0.89060390625,"id":"95"}},{"type":"Feature","geometry":{"geodesic":false,"crs":{"type":"name","properties":{"name":"EPSG:32643"}},"type":"Polygon","coordinates":[[[702000.0,3157000.0],[703000.0,3157000.0],[703000.0,3158000.0],[702000.0,3158000.0],[702000.0,3157000.0]]]},"id":"702,3157","properties":{"bld_cover":0.0345,"bld_height":0.2691953125,"id":"96"}},{"type":"Feature","geometry":{"geodesic":false,"crs":{"type":"name","properties":{"name":"EPSG:32643"}},"type":"Polygon","coordinates":[[[703000.0,3157000.0],[704000.0,3157000.0],[704000.0,3158000.0],[703000.0,3158000.0],[703000.0,3157000.0]]]},"id":"703,3157","properties":{"bld_cover":0.2803,"bld_height":3.142610546875,"id":"97"}},{"type":"Feature","geometry":{"geodesic":false,"crs":{"type":"name","properties":{"name":"EPSG:32643"}},"type":"Polygon","coordinates":[[[704000.0,3157000.0],[705000.0,3157000.0],[705000.0,3158000.0],[704000.0,3158000.0],[704000.0,3157000.0]]]},"id":"704,3157","properties":{"bld_cover":0.2056,"bld_height":1.804872265625,"id":"98"}},{"type":"Feature","geometry":{"geodesic":false,"crs":{"type":"name","properties":{"name":"EPSG:32643"}},"type":"Polygon","coordinates":[[[705000.0,3157000.0],[706000.0,3157000.0],[706000.0,3158000.0],[705000.0,3158000.0],[705000.0,3157000.0]]]},"id":"705,3157","properties":{"bld_cover":0.0943,"bld_height":0.7201171875,"id":"99"}},{"type":"Feature","geometry":{"geodesic":false,"crs":{"type":"name","properties":{"name":"EPSG:32643"}},"type":"Polygon","coordinates":[[[706000.0,3157000.0],[707000.0,3157000.0],[707000.0,3158000.0],[706000.0,3158000.0],[706000.0,3157000.0]]]},"id":"706,3157","properties":{"bld_cover":0.1051,"bld_height":0.873469921875,"id":"100"}},{"type":"Feature","geometry":{"geodesic":false,"crs":{"type":"name","properties":{"name":"EPSG:32643"}},"type":"Polygon","coordinates":[[[707000.0,3157000.0],[708000.0,3157000.0],[708000.0,3158000.0],[707000.0,3158000.0],[707000.0,3157000.0]]]},"id":"707,3157","properties":{"bld_cover":0.084,"bld_height":0.6787560546875,"id":"101"}},{"type":"Feature","geometry":{"geodesic":false,"crs":{"type":"name","properties":{"name":"EPSG:32643"}},"type":"Polygon","coordinates":[[[708000.0,3157000.0],[709000.0,3157000.0],[709000.0,3158000.0],[708000.0,3158000.0],[708000.0,3157000.0]]]},"id":"708,3157","properties":{"bld_cover":0.0974,"bld_height":1.07839375,"id":"102"}},{"type":"Feature","geometry":{"geodesic":false,"crs":{"type":"name","properties":{"name":"EPSG:32643"}},"type":"Polygon","coordinates":[[[709000.0,3157000.0],[710000.0,3157000.0],[710000.0,3158000.0],[709000.0,3158000.0],[709000.0,3157000.0]]]},"id":"709,3157","properties":{"bld_cover":0.1602,"bld_height":2.0965611328125,"id":"103"}},{"type":"Feature","geometry":{"geodesic":false,"crs":{"type":"name","properties":{"name":"EPSG:32643"}},"type":"Polygon","coordinates":[[[710000.0,3157000.0],[711000.0,3157000.0],[711000.0,3158000.0],[710000.0,3158000.0],[710000.0,3157000.0]]]},"id":"710,3157","properties":{"bld_cover":0.1991,"bld_height":2.70114375,"id":"104"}},{"type":"Feature","geometry":{"geodesic":false,"crs":{"type":"name","properties":{"name":"EPSG:32643"}},"type":"Polygon","coordinates":[[[711000.0,3157000.0],[712000.0,3157000.0],[712000.0,3158000.0],[711000.0,3158000.0],[711000.0,3157000.0]]]},"id":"711,3157","properties":{"bld_cover":0.1341,"bld_height":1.8993427734375,"id":"105"}},{"type":"Feature","geometry":{"geodesic":false,"crs":{"type":"name","properties":{"name":"EPSG:32643"}},"type":"Polygon","coordinates":[[[712000.0,3157000.0],[713000.0,3157000.0],[713000.0,3158000.0],[712000.0,3158000.0],[712000.0,3157000.0]]]},"id":"712,3157","properties":{"bld_cover":0.0925,"bld_height":1.3254048828125,"id":"106"}},{"type":"Feature","geometry":{"geodesic":false,"crs":{"type":"name","properties":{"name":"EPSG:32643"}},"type":"Polygon","coordinates":[[[713000.0,3157000.0],[714000.0,3157000.0],[714000.0,3158000.0],[713000.0,3158000.0],[713000.0,3157000.0]]]},"id":"713,3157","properties":{"bld_cover":0.0814,"bld_height":1.091183984375,"id":"107"}},{"type":"Feature","geometry":{"geodesic":false,"crs":{"type":"name","properties":{"name":"EPSG:32643"}},"type":"Polygon","coordinates":[[[714000.0,3157000.0],[715000.0,3157000.0],[715000.0,3158000.0],[714000.0,3158000.0],[714000.0,3157000.0]]]},"id":"714,3157","properties":{"bld_cover":0.1449,"bld_height":2.054960546875,"id":"108"}},{"type":"Feature","geometry":{"geodesic":false,"crs":{"type":"name","properties":{"name":"EPSG:32643"}},"type":"Polygon","coordinates":[[[715000.0,3157000.0],[716000.0,3157000.0],[716000.0,3158000.0],[715000.0,3158000.0],[715000.0,3157000.0]]]},"id":"715,3157","properties":{"bld_cover":0.1313,"bld_height":1.941561328125,"id":"109"}},{"type":"Feature","geometry":{"geodesic":false,"crs":{"type":"name","properties":{"name":"EPSG:32643"}},"type":"Polygon","coordinates":[[[716000.0,3157000.0],[717000.0,3157000.0],[717000.0,3158000.0],[716000.0,3158000.0],[716000.0,3157000.0]]]},"id":"716,3157","properties":{"bld_cover":0.1944,"bld_height":3.413583984375,"id":"110"}},{"type":"Feature","geometry":{"geodesic":false,"crs":{"type":"name","properties":{"name":"EPSG:32643"}},"type":"Polygon","coordinates":[[[717000.0,3157000.0],[718000.0,3157000.0],[718000.0,3158000.0],[717000.0,3158000.0],[717000.0,3157000.0]]]},"id":"717,3157","properties":{"bld_cover":0.1558,"bld_height":2.868306640625,"id":"111"}},{"type":"Feature","geometry":{"geodesic":false,"crs":{"type":"name","properties":{"name":"EPSG:32643"}},"type":"Polygon","coordinates":[[[718000.0,3157000.0],[719000.0,3157000.0],[719000.0,3158000.0],[718000.0,3158000.0],[718000.0,3157000.0]]]},"id":"718,3157","properties":{"bld_cover":0.2063,"bld_height":3.3488703125,"id":"112"}},{"type":"Feature","geometry":{"geodesic":false,"crs":{"type":"name","properties":{"name":"EPSG:32643"}},"type":"Polygon","coordinates":[[[719000.0,3157000.0],[720000.0,3157000.0],[720000.0,3158000.0],[719000.0,3158000.0],[719000.0,3157000.0]]]},"id":"719,3157","properties":{"bld_cover":0.1386,"bld_height":2.0082349609375,"id":"113"}},{"type":"Feature","geometry":{"geodesic":false,"crs":{"type":"name","properties":{"name":"EPSG:32643"}},"type":"Polygon","coordinates":[[[720000.0,3157000.0],[721000.0,3157000.0],[721000.0,3158000.0],[720000.0,3158000.0],[720000.0,3157000.0]]]},"id":"720,3157","properties":{"bld_cover":0.2137,"bld_height":3.318183984375,"id":"114"}},{"type":"Feature","geometry":{"geodesic":false,"crs":{"type":"name","properties":{"name":"EPSG:32643"}},"type":"Polygon","coordinates":[[[721000.0,3157000.0],[722000.0,3157000.0],[722000.0,3158000.0],[721000.0,3158000.0],[721000.0,3157000.0]]]},"id":"721,3157","properties":{"bld_cover":0.206,"bld_height":2.7287353515625,"id":"115"}},{"type":"Feature","geometry":{"geodesic":false,"crs":{"type":"name","properties":{"name":"EPSG:32643"}},"type":"Polygon","coordinates":[[[722000.0,3157000.0],[723000.0,3157000.0],[723000.0,3158000.0],[722000.0,3158000.0],[722000.0,3157000.0]]]},"id":"722,3157","properties":{"bld_cover":0.1662,"bld_height":2.0258640625,"id":"116"}},{"type":"Feature","geometry":{"geodesic":false,"crs":{"type":"name","properties":{"name":"EPSG:32643"}},"type":"Polygon","coordinates":[[[723000.0,3157000.0],[724000.0,3157000.0],[724000.0,3158000.0],[723000.0,3158000.0],[723000.0,3157000.0]]]},"id":"723,3157","properties":{"bld_cover":0.2434,"bld_height":2.760420703125,"id":"117"}},{"type":"Feature","geometry":{"geodesic":false,"crs":{"type":"name","properties":{"name":"EPSG:32643"}},"type":"Polygon","coordinates":[[[724000.0,3157000.0],[725000.0,3157000.0],[725000.0,3158000.0],[724000.0,3158000.0],[724000.0,3157000.0]]]},"id":"724,3157","properties":{"bld_cover":0.0925,"bld_height":1.146495703125,"id":"118"}},{"type":"Feature","geometry":{"geodesic":false,"crs":{"type":"name","properties":{"name":"EPSG:32643"}},"type":"Polygon","coordinates":[[[725000.0,3157000.0],[726000.0,3157000.0],[726000.0,3158000.0],[725000.0,3158000.0],[725000.0,3157000.0]]]},"id":"725,3157","properties":{"bld_cover":0.0987,"bld_height":1.0452724609375,"id":"119"}},{"type":"Feature","geometry":{"geodesic":false,"crs":{"type":"name","properties":{"name":"EPSG:32643"}},"type":"Polygon","coordinates":[[[726000.0,3157000.0],[727000.0,3157000.0],[727000.0,3158000.0],[726000.0,3158000.0],[726000.0,3157000.0]]]},"id":"726,3157","properties":{"bld_cover":0.0479,"bld_height":0.72535234375,"id":"120"}},{"type":"Feature","geometry":{"geodesic":false,"crs":{"type":"name","properties":{"name":"EPSG:32643"}},"type":"Polygon","coordinates":[[[727000.0,3157000.0],[728000.0,3157000.0],[728000.0,3158000.0],[727000.0,3158000.0],[727000.0,3157000.0]]]},"id":"727,3157","properties":{"bld_cover":0.0566,"bld_height":0.4887658203125,"id":"121"}},{"type":"Feature","geometry":{"geodesic":false,"crs":{"type":"name","properties":{"name":"EPSG:32643"}},"type":"Polygon","coordinates":[[[728000.0,3157000.0],[729000.0,3157000.0],[729000.0,3158000.0],[728000.0,3158000.0],[728000.0,3157000.0]]]},"id":"728,3157","properties":{"bld_cover":0.0056,"bld_height":0.035748828125,"id":"122"}},{"type":"Feature","geometry":{"geodesic":false,"crs":{"type":"name","properties":{"name":"EPSG:32643"}},"type":"Polygon","coordinates":[[[729000.0,3157000.0],[730000.0,3157000.0],[730000.0,3158000.0],[729000.0,3158000.0],[729000.0,3157000.0]]]},"id":"729,3157","properties":{"bld_cover":0.0189,"bld_height":0.1416607421875,"id":"123"}},{"type":"Feature","geometry":{"geodesic":false,"crs":{"type":"name","properties":{"name":"EPSG:32643"}},"type":"Polygon","coordinates":[[[700000.0,3158000.0],[701000.0,3158000.0],[701000.0,3159000.0],[700000.0,3159000.0],[700000.0,3158000.0]]]},"id":"700,3158","properties":{"bld_cover":0.1281,"bld_height":2.089948046875,"id":"124"}},{"type":"Feature","geometry":{"geodesic":false,"crs":{"type":"name","properties":{"name":"EPSG:32643"}},"type":"Polygon","coordinates":[[[701000.0,3158000.0],[702000.0,3158000.0],[702000.0,3159000.0],[701000.0,3159000.0],[701000.0,3158000.0]]]},"id":"701,3158","properties":{"bld_cover":0.1902,"bld_height":1.7933046875,"id":"125"}},{"type":"Feature","geometry":{"geodesic":false,"crs":{"type":"name","properties":{"name":"EPSG:32643"}},"type":"Polygon","coordinates":[[[702000.0,3158000.0],[703000.0,3158000.0],[703000.0,3159000.0],[702000.0,3159000.0],[702000.0,3158000.0]]]},"id":"702,3158","properties":{"bld_cover":0.0599,"bld_height":0.39014375,"id":"126"}},{"type":"Feature","geometry":{"geodesic":false,"crs":{"type":"name","properties":{"name":"EPSG:32643"}},"type":"Polygon","coordinates":[[[703000.0,3158000.0],[704000.0,3158000.0],[704000.0,3159000.0],[703000.0,3159000.0],[703000.0,3158000.0]]]},"id":"703,3158","properties":{"bld_cover":0.0585,"bld_height":0.4999876953125,"id":"127"}},{"type":"Feature","geometry":{"geodesic":false,"crs":{"type":"name","properties":{"name":"EPSG:32643"}},"type":"Polygon","coordinates":[[[704000.0,3158000.0],[705000.0,3158000.0],[705000.0,3159000.0],[704000.0,3159000.0],[704000.0,3158000.0]]]},"id":"704,3158","properties":{"bld_cover":0.1535,"bld_height":1.335537890625,"id":"128"}},{"type":"Feature","geometry":{"geodesic":false,"crs":{"type":"name","properties":{"name":"EPSG:32643"}},"type":"Polygon","coordinates":[[[705000.0,3158000.0],[706000.0,3158000.0],[706000.0,3159000.0],[705000.0,3159000.0],[705000.0,3158000.0]]]},"id":"705,3158","properties":{"bld_cover":0.0405,"bld_height":0.41848515625,"id":"129"}},{"type":"Feature","geometry":{"geodesic":false,"crs":{"type":"name","properties":{"name":"EPSG:32643"}},"type":"Polygon","coordinates":[[[706000.0,3158000.0],[707000.0,3158000.0],[707000.0,3159000.0],[706000.0,3159000.0],[706000.0,3158000.0]]]},"id":"706,3158","properties":{"bld_cover":0.0665,"bld_height":0.384601953125,"id":"130"}},{"type":"Feature","geometry":{"geodesic":false,"crs":{"type":"name","properties":{"name":"EPSG:32643"}},"type":"Polygon","coordinates":[[[707000.0,3158000.0],[708000.0,3158000.0],[708000.0,3159000.0],[707000.0,3159000.0],[707000.0,3158000.0]]]},"id":"707,3158","properties":{"bld_cover":0.2792,"bld_height":2.380537890625,"id":"131"}},{"type":"Feature","geometry":{"geodesic":false,"crs":{"type":"name","properties":{"name":"EPSG:32643"}},"type":"Polygon","coordinates":[[[708000.0,3158000.0],[709000.0,3158000.0],[709000.0,3159000.0],[708000.0,3159000.0],[708000.0,3158000.0]]]},"id":"708,3158","properties":{"bld_cover":0.1421,"bld_height":1.829325,"id":"132"}},{"type":"Feature","geometry":{"geodesic":false,"crs":{"type":"name","properties":{"name":"EPSG:32643"}},"type":"Polygon","coordinates":[[[709000.0,3158000.0],[710000.0,3158000.0],[710000.0,3159000.0],[709000.0,3159000.0],[709000.0,3158000.0]]]},"id":"709,3158","properties":{"bld_cover":0.1244,"bld_height":1.6313298828125,"id":"133"}},{"type":"Feature","geometry":{"geodesic":false,"crs":{"type":"name","properties":{"name":"EPSG:32643"}},"type":"Polygon","coordinates":[[[710000.0,3158000.0],[711000.0,3158000.0],[711000.0,3159000.0],[710000.0,3159000.0],[710000.0,3158000.0]]]},"id":"710,3158","properties":{"bld_cover":0.1392,"bld_height":1.934765625,"id":"134"}},{"type":"Feature","geometry":{"geodesic":false,"crs":{"type":"name","properties":{"name":"EPSG:32643"}},"type":"Polygon","coordinates":[[[711000.0,3158000.0],[712000.0,3158000.0],[712000.0,3159000.0],[711000.0,3159000.0],[711000.0,3158000.0]]]},"id":"711,3158","properties":{"bld_cover":0.0276,"bld_height":0.2926755859375,"id":"135"}},{"type":"Feature","geometry":{"geodesic":false,"crs":{"type":"name","properties":{"name":"EPSG:32643"}},"type":"Polygon","coordinates":[[[712000.0,3158000.0],[713000.0,3158000.0],[713000.0,3159000.0],[712000.0,3159000.0],[712000.0,3158000.0]]]},"id":"712,3158","properties":{"bld_cover":0.0302,"bld_height":0.424175,"id":"136"}},{"type":"Feature","geometry":{"geodesic":false,"crs":{"type":"name","properties":{"name":"EPSG:32643"}},"type":"Polygon","coordinates":[[[713000.0,3158000.0],[714000.0,3158000.0],[714000.0,3159000.0],[713000.0,3159000.0],[713000.0,3158000.0]]]},"id":"713,3158","properties":{"bld_cover":0.0454,"bld_height":0.7575998046875,"id":"137"}},{"type":"Feature","geometry":{"geodesic":false,"crs":{"type":"name","properties":{"name":"EPSG:32643"}},"type":"Polygon","coordinates":[[[714000.0,3158000.0],[715000.0,3158000.0],[715000.0,3159000.0],[714000.0,3159000.0],[714000.0,3158000.0]]]},"id":"714,3158","properties":{"bld_cover":0.0852,"bld_height":1.006963671875,"id":"138"}},{"type":"Feature","geometry":{"geodesic":false,"crs":{"type":"name","properties":{"name":"EPSG:32643"}},"type":"Polygon","coordinates":[[[715000.0,3158000.0],[716000.0,3158000.0],[716000.0,3159000.0],[715000.0,3159000.0],[715000.0,3158000.0]]]},"id":"715,3158","properties":{"bld_cover":0.1991,"bld_height":2.8517169921875,"id":"139"}},{"type":"Feature","geometry":{"geodesic":false,"crs":{"type":"name","properties":{"name":"EPSG:32643"}},"type":"Polygon","coordinates":[[[716000.0,3158000.0],[717000.0,3158000.0],[717000.0,3159000.0],[716000.0,3159000.0],[716000.0,3158000.0]]]},"id":"716,3158","properties":{"bld_cover":0.3368,"bld_height":5.364971484375,"id":"140"}},{"type":"Feature","geometry":{"geodesic":false,"crs":{"type":"name","properties":{"name":"EPSG:32643"}},"type":"Polygon","coordinates":[[[717000.0,3158000.0],[718000.0,3158000.0],[718000.0,3159000.0],[717000.0,3159000.0],[717000.0,3158000.0]]]},"id":"717,3158","properties":{"bld_cover":0.2134,"bld_height":3.5751296875,"id":"141"}},{"type":"Feature","geometry":{"geodesic":false,"crs":{"type":"name","properties":{"name":"EPSG:32643"}},"type":"Polygon","coordinates":[[[718000.0,3158000.0],[719000.0,3158000.0],[719000.0,3159000.0],[718000.0,3159000.0],[718000.0,3158000.0]]]},"id":"718,3158","properties":{"bld_cover":0.1473,"bld_height":2.2177796875,"id":"142"}},{"type":"Feature","geometry":{"geodesic":false,"crs":{"type":"name","properties":{"name":"EPSG:32643"}},"type":"Polygon","coordinates":[[[719000.0,3158000.0],[720000.0,3158000.0],[720000.0,3159000.0],[719000.0,3159000.0],[719000.0,3158000.0]]]},"id":"719,3158","properties":{"bld_cover":0.3122,"bld_height":4.45755625,"id":"143"}},{"type":"Feature","geometry":{"geodesic":false,"crs":{"type":"name","properties":{"name":"EPSG:32643"}},"type":"Polygon","coordinates":[[[720000.0,3158000.0],[721000.0,3158000.0],[721000.0,3159000.0],[720000.0,3159000.0],[720000.0,3158000.0]]]},"id":"720,3158","properties":{"bld_cover":0.2848,"bld_height":4.179344921875,"id":"144"}},{"type":"Feature","geometry":{"geodesic":false,"crs":{"type":"name","properties":{"name":"EPSG:32643"}},"type":"Polygon","coordinates":[[[721000.0,3158000.0],[722000.0,3158000.0],[722000.0,3159000.0],[721000.0,3159000.0],[721000.0,3158000.0]]]},"id":"721,3158","properties":{"bld_cover":0.3282,"bld_height":5.4571560546875,"id":"145"}},{"type":"Feature","geometry":{"geodesic":false,"crs":{"type":"name","properties":{"name":"EPSG:32643"}},"type":"Polygon","coordinates":[[[722000.0,3158000.0],[723000.0,3158000.0],[723000.0,3159000.0],[722000.0,3159000.0],[722000.0,3158000.0]]]},"id":"722,3158","properties":{"bld_cover":0.3123,"bld_height":3.4416751953125,"id":"146"}},{"type":"Feature","geometry":{"geodesic":false,"crs":{"type":"name","properties":{"name":"EPSG:32643"}},"type":"Polygon","coordinates":[[[723000.0,3158000.0],[724000.0,3158000.0],[724000.0,3159000.0],[723000.0,3159000.0],[723000.0,3158000.0]]]},"id":"723,3158","properties":{"bld_cover":0.1833,"bld_height":2.40165625,"id":"147"}},{"type":"Feature","geometry":{"geodesic":false,"crs":{"type":"name","properties":{"name":"EPSG:32643"}},"type":"Polygon","coordinates":[[[724000.0,3158000.0],[725000.0,3158000.0],[725000.0,3159000.0],[724000.0,3159000.0],[724000.0,3158000.0]]]},"id":"724,3158","properties":{"bld_cover":0.2215,"bld_height":3.334308203125,"id":"148"}},{"type":"Feature","geometry":{"geodesic":false,"crs":{"type":"name","properties":{"name":"EPSG:32643"}},"type":"Polygon","coordinates":[[[725000.0,3158000.0],[726000.0,3158000.0],[726000.0,3159000.0],[725000.0,3159000.0],[725000.0,3158000.0]]]},"id":"725,3158","properties":{"bld_cover":0.2036,"bld_height":2.312780859375,"id":"149"}},{"type":"Feature","geometry":{"geodesic":false,"crs":{"type":"name","properties":{"name":"EPSG:32643"}},"type":"Polygon","coordinates":[[[726000.0,3158000.0],[727000.0,3158000.0],[727000.0,3159000.0],[726000.0,3159000.0],[726000.0,3158000.0]]]},"id":"726,3158","properties":{"bld_cover":0.1527,"bld_height":2.2038837890625,"id":"150"}},{"type":"Feature","geometry":{"geodesic":false,"crs":{"type":"name","properties":{"name":"EPSG:32643"}},"type":"Polygon","coordinates":[[[727000.0,3158000.0],[728000.0,3158000.0],[728000.0,3159000.0],[727000.0,3159000.0],[727000.0,3158000.0]]]},"id":"727,3158","properties":{"bld_cover":0.0218,"bld_height":0.1941603515625,"id":"151"}},{"type":"Feature","geometry":{"geodesic":false,"crs":{"type":"name","properties":{"name":"EPSG:32643"}},"type":"Polygon","coordinates":[[[728000.0,3158000.0],[729000.0,3158000.0],[729000.0,3159000.0],[728000.0,3159000.0],[728000.0,3158000.0]]]},"id":"728,3158","properties":{"bld_cover":0.0104,"bld_height":0.0783455078125,"id":"152"}},{"type":"Feature","geometry":{"geodesic":false,"crs":{"type":"name","properties":{"name":"EPSG:32643"}},"type":"Polygon","coordinates":[[[729000.0,3158000.0],[730000.0,3158000.0],[730000.0,3159000.0],[729000.0,3159000.0],[729000.0,3158000.0]]]},"id":"729,3158","properties":{"bld_cover":0.0821,"bld_height":2.0691267578125,"id":"153"}},{"type":"Feature","geometry":{"geodesic":false,"crs":{"type":"name","properties":{"name":"EPSG:32643"}},"type":"Polygon","coordinates":[[[700000.0,3159000.0],[701000.0,3159000.0],[701000.0,3160000.0],[700000.0,3160000.0],[700000.0,3159000.0]]]},"id":"700,3159","properties":{"bld_cover":0.0523,"bld_height":1.50009140625,"id":"154"}},{"type":"Feature","geometry":{"geodesic":false,"crs":{"type":"name","properties":{"name":"EPSG:32643"}},"type":"Polygon","coordinates":[[[701000.0,3159000.0],[702000.0,3159000.0],[702000.0,3160000.0],[701000.0,3160000.0],[701000.0,3159000.0]]]},"id":"701,3159","properties":{"bld_cover":0.0242,"bld_height":0.381513671875,"id":"155"}},{"type":"Feature","geometry":{"geodesic":false,"crs":{"type":"name","properties":{"name":"EPSG:32643"}},"type":"Polygon","coordinates":[[[702000.0,3159000.0],[703000.0,3159000.0],[703000.0,3160000.0],[702000.0,3160000.0],[702000.0,3159000.0]]]},"id":"702,3159","properties":{"bld_cover":0.0437,"bld_height":0.1063705078125,"id":"156"}},{"type":"Feature","geometry":{"geodesic":false,"crs":{"type":"name","properties":{"name":"EPSG:32643"}},"type":"Polygon","coordinates":[[[703000.0,3159000.0],[704000.0,3159000.0],[704000.0,3160000.0],[703000.0,3160000.0],[703000.0,3159000.0]]]},"id":"703,3159","properties":{"bld_cover":0.0039,"bld_height":0.0122892578125,"id":"157"}},{"type":"Feature","geometry":{"geodesic":false,"crs":{"type":"name","properties":{"name":"EPSG:32643"}},"type":"Polygon","coordinates":[[[704000.0,3159000.0],[705000.0,3159000.0],[705000.0,3160000.0],[704000.0,3160000.0],[704000.0,3159000.0]]]},"id":"704,3159","properties":{"bld_cover":0.0189,"bld_height":0.220559375,"id":"158"}},{"type":"Feature","geometry":{"geodesic":false,"crs":{"type":"name","properties":{"name":"EPSG:32643"}},"type":"Polygon","coordinates":[[[705000.0,3159000.0],[706000.0,3159000.0],[706000.0,3160000.0],[705000.0,3160000.0],[705000.0,3159000.0]]]},"id":"705,3159","properties":{"bld_cover":0.0523,"bld_height":0.408215625,"id":"159"}},{"type":"Feature","geometry":{"geodesic":false,"crs":{"type":"name","properties":{"name":"EPSG:32643"}},"type":"Polygon","coordinates":[[[706000.0,3159000.0],[707000.0,3159000.0],[707000.0,3160000.0],[706000.0,3160000.0],[706000.0,3159000.0]]]},"id":"706,3159","properties":{"bld_cover":0.0567,"bld_height":0.4215037109375,"id":"160"}},{"type":"Feature","geometry":{"geodesic":false,"crs":{"type":"name","properties":{"name":"EPSG:32643"}},"type":"Polygon","coordinates":[[[707000.0,3159000.0],[708000.0,3159000.0],[708000.0,3160000.0],[707000.0,3160000.0],[707000.0,3159000.0]]]},"id":"707,3159","properties":{"bld_cover":0.1887,"bld_height":2.4343314453125,"id":"161"}},{"type":"Feature","geometry":{"geodesic":false,"crs":{"type":"name","properties":{"name":"EPSG:32643"}},"type":"Polygon","coordinates":[[[708000.0,3159000.0],[709000.0,3159000.0],[709000.0,3160000.0],[708000.0,3160000.0],[708000.0,3159000.0]]]},"id":"708,3159","properties":{"bld_cover":0.3115,"bld_height":3.5760005859375,"id":"162"}},{"type":"Feature","geometry":{"geodesic":false,"crs":{"type":"name","properties":{"name":"EPSG:32643"}},"type":"Polygon","coordinates":[[[709000.0,3159000.0],[710000.0,3159000.0],[710000.0,3160000.0],[709000.0,3160000.0],[709000.0,3159000.0]]]},"id":"709,3159","properties":{"bld_cover":0.0407,"bld_height":0.397438671875,"id":"163"}},{"type":"Feature","geometry":{"geodesic":false,"crs":{"type":"name","properties":{"name":"EPSG:32643"}},"type":"Polygon","coordinates":[[[710000.0,3159000.0],[711000.0,3159000.0],[711000.0,3160000.0],[710000.0,3160000.0],[710000.0,3159000.0]]]},"id":"710,3159","properties":{"bld_cover":0.037,"bld_height":0.769392578125,"id":"164"}},{"type":"Feature","geometry":{"geodesic":false,"crs":{"type":"name","properties":{"name":"EPSG:32643"}},"type":"Polygon","coordinates":[[[711000.0,3159000.0],[712000.0,3159000.0],[712000.0,3160000.0],[711000.0,3160000.0],[711000.0,3159000.0]]]},"id":"711,3159","properties":{"bld_cover":0.0658,"bld_height":1.0449341796875,"id":"165"}},{"type":"Feature","geometry":{"geodesic":false,"crs":{"type":"name","properties":{"name":"EPSG:32643"}},"type":"Polygon","coordinates":[[[712000.0,3159000.0],[713000.0,3159000.0],[713000.0,3160000.0],[712000.0,3160000.0],[712000.0,3159000.0]]]},"id":"712,3159","properties":{"bld_cover":0.0478,"bld_height":0.5805126953125,"id":"166"}},{"type":"Feature","geometry":{"geodesic":false,"crs":{"type":"name","properties":{"name":"EPSG:32643"}},"type":"Polygon","coordinates":[[[713000.0,3159000.0],[714000.0,3159000.0],[714000.0,3160000.0],[713000.0,3160000.0],[713000.0,3159000.0]]]},"id":"713,3159","properties":{"bld_cover":0.1663,"bld_height":2.631494140625,"id":"167"}},{"type":"Feature","geometry":{"geodesic":false,"crs":{"type":"name","properties":{"name":"EPSG:32643"}},"type":"Polygon","coordinates":[[[714000.0,3159000.0],[715000.0,3159000.0],[715000.0,3160000.0],[714000.0,3160000.0],[714000.0,3159000.0]]]},"id":"714,3159","properties":{"bld_cover":0.1664,"bld_height":2.50026640625,"id":"168"}},{"type":"Feature","geometry":{"geodesic":false,"crs":{"type":"name","properties":{"name":"EPSG:32643"}},"type":"Polygon","coordinates":[[[715000.0,3159000.0],[716000.0,3159000.0],[716000.0,3160000.0],[715000.0,3160000.0],[715000.0,3159000.0]]]},"id":"715,3159","properties":{"bld_cover":0.2013,"bld_height":2.6512642578125,"id":"169"}},{"type":"Feature","geometry":{"geodesic":false,"crs":{"type":"name","properties":{"name":"EPSG:32643"}},"type":"Polygon","coordinates":[[[716000.0,3159000.0],[717000.0,3159000.0],[717000.0,3160000.0],[716000.0,3160000.0],[716000.0,3159000.0]]]},"id":"716,3159","properties":{"bld_cover":0.2365,"bld_height":3.1003896484375,"id":"170"}},{"type":"Feature","geometry":{"geodesic":false,"crs":{"type":"name","properties":{"name":"EPSG:32643"}},"type":"Polygon","coordinates":[[[717000.0,3159000.0],[718000.0,3159000.0],[718000.0,3160000.0],[717000.0,3160000.0],[717000.0,3159000.0]]]},"id":"717,3159","properties":{"bld_cover":0.1268,"bld_height":1.806992578125,"id":"171"}},{"type":"Feature","geometry":{"geodesic":false,"crs":{"type":"name","properties":{"name":"EPSG:32643"}},"type":"Polygon","coordinates":[[[718000.0,3159000.0],[719000.0,3159000.0],[719000.0,3160000.0],[718000.0,3160000.0],[718000.0,3159000.0]]]},"id":"718,3159","properties":{"bld_cover":0.145,"bld_height":2.30031171875,"id":"172"}},{"type":"Feature","geometry":{"geodesic":false,"crs":{"type":"name","properties":{"name":"EPSG:32643"}},"type":"Polygon","coordinates":[[[719000.0,3159000.0],[720000.0,3159000.0],[720000.0,3160000.0],[719000.0,3160000.0],[719000.0,3159000.0]]]},"id":"719,3159","properties":{"bld_cover":0.2531,"bld_height":3.758181640625,"id":"173"}},{"type":"Feature","geometry":{"geodesic":false,"crs":{"type":"name","properties":{"name":"EPSG:32643"}},"type":"Polygon","coordinates":[[[720000.0,3159000.0],[721000.0,3159000.0],[721000.0,3160000.0],[720000.0,3160000.0],[720000.0,3159000.0]]]},"id":"720,3159","properties":{"bld_cover":0.2885,"bld_height":4.2133662109375,"id":"174"}},{"type":"Feature","geometry":{"geodesic":false,"crs":{"type":"name","properties":{"name":"EPSG:32643"}},"type":"Polygon","coordinates":[[[721000.0,3159000.0],[722000.0,3159000.0],[722000.0,3160000.0],[721000.0,3160000.0],[721000.0,3159000.0]]]},"id":"721,3159","properties":{"bld_cover":0.1631,"bld_height":2.0820208984375,"id":"175"}},{"type":"Feature","geometry":{"geodesic":false,"crs":{"type":"name","properties":{"name":"EPSG:32643"}},"type":"Polygon","coordinates":[[[722000.0,3159000.0],[723000.0,3159000.0],[723000.0,3160000.0],[722000.0,3160000.0],[722000.0,3159000.0]]]},"id":"722,3159","properties":{"bld_cover":0.2259,"bld_height":2.90219140625,"id":"176"}},{"type":"Feature","geometry":{"geodesic":false,"crs":{"type":"name","properties":{"name":"EPSG:32643"}},"type":"Polygon","coordinates":[[[723000.0,3159000.0],[724000.0,3159000.0],[724000.0,3160000.0],[723000.0,3160000.0],[723000.0,3159000.0]]]},"id":"723,3159","properties":{"bld_cover":0.0684,"bld_height":1.0808232421875,"id":"177"}},{"type":"Feature","geometry":{"geodesic":false,"crs":{"type":"name","properties":{"name":"EPSG:32643"}},"type":"Polygon","coordinates":[[[724000.0,3159000.0],[725000.0,3159000.0],[725000.0,3160000.0],[724000.0,3160000.0],[724000.0,3159000.0]]]},"id":"724,3159","properties":{"bld_cover":0.1907,"bld_height":3.1720783203125,"id":"178"}},{"type":"Feature","geometry":{"geodesic":false,"crs":{"type":"name","properties":{"name":"EPSG:32643"}},"type":"Polygon","coordinates":[[[725000.0,3159000.0],[726000.0,3159000.0],[726000.0,3160000.0],[725000.0,3160000.0],[725000.0,3159000.0]]]},"id":"725,3159","properties":{"bld_cover":0.1724,"bld_height":2.6202626953125,"id":"179"}},{"type":"Feature","geometry":{"geodesic":false,"crs":{"type":"name","properties":{"name":"EPSG:32643"}},"type":"Polygon","coordinates":[[[726000.0,3159000.0],[727000.0,3159000.0],[727000.0,3160000.0],[726000.0,3160000.0],[726000.0,3159000.0]]]},"id":"726,3159","properties":{"bld_cover":0.0331,"bld_height":0.297191015625,"id":"180"}},{"type":"Feature","geometry":{"geodesic":false,"crs":{"type":"name","properties":{"name":"EPSG:32643"}},"type":"Polygon","coordinates":[[[727000.0,3159000.0],[728000.0,3159000.0],[728000.0,3160000.0],[727000.0,3160000.0],[727000.0,3159000.0]]]},"id":"727,3159","properties":{"bld_cover":0.0445,"bld_height":0.9881953125,"id":"181"}},{"type":"Feature","geometry":{"geodesic":false,"crs":{"type":"name","properties":{"name":"EPSG:32643"}},"type":"Polygon","coordinates":[[[728000.0,3159000.0],[729000.0,3159000.0],[729000.0,3160000.0],[728000.0,3160000.0],[728000.0,3159000.0]]]},"id":"728,3159","properties":{"bld_cover":0.1668,"bld_height":3.8120794921875,"id":"182"}},{"type":"Feature","geometry":{"geodesic":false,"crs":{"type":"name","properties":{"name":"EPSG:32643"}},"type":"Polygon","coordinates":[[[729000.0,3159000.0],[730000.0,3159000.0],[730000.0,3160000.0],[729000.0,3160000.0],[729000.0,3159000.0]]]},"id":"729,3159","properties":{"bld_cover":0.0603,"bld_height":1.5700302734375,"id":"183"}},{"type":"Feature","geometry":{"geodesic":false,"crs":{"type":"name","properties":{"name":"EPSG:32643"}},"type":"Polygon","coordinates":[[[700000.0,3160000.0],[701000.0,3160000.0],[701000.0,3161000.0],[700000.0,3161000.0],[700000.0,3160000.0]]]},"id":"700,3160","properties":{"bld_cover":0.0576,"bld_height":2.761933984375,"id":"184"}},{"type":"Feature","geometry":{"geodesic":false,"crs":{"type":"name","properties":{"name":"EPSG:32643"}},"type":"Polygon","coordinates":[[[701000.0,3160000.0],[702000.0,3160000.0],[702000.0,3161000.0],[701000.0,3161000.0],[701000.0,3160000.0]]]},"id":"701,3160","properties":{"bld_cover":0.0837,"bld_height":2.2808958984375,"id":"185"}},{"type":"Feature","geometry":{"geodesic":false,"crs":{"type":"name","properties":{"name":"EPSG:32643"}},"type":"Polygon","coordinates":[[[702000.0,3160000.0],[703000.0,3160000.0],[703000.0,3161000.0],[702000.0,3161000.0],[702000.0,3160000.0]]]},"id":"702,3160","properties":{"bld_cover":0.1873,"bld_height":1.9097275390625,"id":"186"}},{"type":"Feature","geometry":{"geodesic":false,"crs":{"type":"name","properties":{"name":"EPSG:32643"}},"type":"Polygon","coordinates":[[[703000.0,3160000.0],[704000.0,3160000.0],[704000.0,3161000.0],[703000.0,3161000.0],[703000.0,3160000.0]]]},"id":"703,3160","properties":{"bld_cover":0.1466,"bld_height":2.6254666015625,"id":"187"}},{"type":"Feature","geometry":{"geodesic":false,"crs":{"type":"name","properties":{"name":"EPSG:32643"}},"type":"Polygon","coordinates":[[[704000.0,3160000.0],[705000.0,3160000.0],[705000.0,3161000.0],[704000.0,3161000.0],[704000.0,3160000.0]]]},"id":"704,3160","properties":{"bld_cover":0.122,"bld_height":1.9474333984375,"id":"188"}},{"type":"Feature","geometry":{"geodesic":false,"crs":{"type":"name","properties":{"name":"EPSG:32643"}},"type":"Polygon","coordinates":[[[705000.0,3160000.0],[706000.0,3160000.0],[706000.0,3161000.0],[705000.0,3161000.0],[705000.0,3160000.0]]]},"id":"705,3160","properties":{"bld_cover":0.082,"bld_height":1.4650888671875,"id":"189"}},{"type":"Feature","geometry":{"geodesic":false,"crs":{"type":"name","properties":{"name":"EPSG:32643"}},"type":"Polygon","coordinates":[[[706000.0,3160000.0],[707000.0,3160000.0],[707000.0,3161000.0],[706000.0,3161000.0],[706000.0,3160000.0]]]},"id":"706,3160","properties":{"bld_cover":0.1252,"bld_height":1.2083001953125,"id":"190"}},{"type":"Feature","geometry":{"geodesic":false,"crs":{"type":"name","properties":{"name":"EPSG:32643"}},"type":"Polygon","coordinates":[[[707000.0,3160000.0],[708000.0,3160000.0],[708000.0,3161000.0],[707000.0,3161000.0],[707000.0,3160000.0]]]},"id":"707,3160","properties":{"bld_cover":0.0806,"bld_height":1.904112890625,"id":"191"}},{"type":"Feature","geometry":{"geodesic":false,"crs":{"type":"name","properties":{"name":"EPSG:32643"}},"type":"Polygon","coordinates":[[[708000.0,3160000.0],[709000.0,3160000.0],[709000.0,3161000.0],[708000.0,3161000.0],[708000.0,3160000.0]]]},"id":"708,3160","properties":{"bld_cover":0.0726,"bld_height":0.627336328125,"id":"192"}},{"type":"Feature","geometry":{"geodesic":false,"crs":{"type":"name","properties":{"name":"EPSG:32643"}},"type":"Polygon","coordinates":[[[709000.0,3160000.0],[710000.0,3160000.0],[710000.0,3161000.0],[709000.0,3161000.0],[709000.0,3160000.0]]]},"id":"709,3160","properties":{"bld_cover":0.0463,"bld_height":0.2664115234375,"id":"193"}},{"type":"Feature","geometry":{"geodesic":false,"crs":{"type":"name","properties":{"name":"EPSG:32643"}},"type":"Polygon","coordinates":[[[710000.0,3160000.0],[711000.0,3160000.0],[711000.0,3161000.0],[710000.0,3161000.0],[710000.0,3160000.0]]]},"id":"710,3160","properties":{"bld_cover":0.0251,"bld_height":0.421379296875,"id":"194"}},{"type":"Feature","geometry":{"geodesic":false,"crs":{"type":"name","properties":{"name":"EPSG:32643"}},"type":"Polygon","coordinates":[[[711000.0,3160000.0],[712000.0,3160000.0],[712000.0,3161000.0],[711000.0,3161000.0],[711000.0,3160000.0]]]},"id":"711,3160","properties":{"bld_cover":0.0891,"bld_height":1.171300390625,"id":"195"}},{"type":"Feature","geometry":{"geodesic":false,"crs":{"type":"name","properties":{"name":"EPSG:32643"}},"type":"Polygon","coordinates":[[[712000.0,3160000.0],[713000.0,3160000.0],[713000.0,3161000.0],[712000.0,3161000.0],[712000.0,3160000.0]]]},"id":"712,3160","properties":{"bld_cover":0.1959,"bld_height":3.5495908203125,"id":"196"}},{"type":"Feature","geometry":{"geodesic":false,"crs":{"type":"name","properties":{"name":"EPSG:32643"}},"type":"Polygon","coordinates":[[[713000.0,3160000.0],[714000.0,3160000.0],[714000.0,3161000.0],[713000.0,3161000.0],[713000.0,3160000.0]]]},"id":"713,3160","properties":{"bld_cover":0.1146,"bld_height":1.2264349609375,"id":"197"}},{"type":"Feature","geometry":{"geodesic":false,"crs":{"type":"name","properties":{"name":"EPSG:32643"}},"type":"Polygon","coordinates":[[[714000.0,3160000.0],[715000.0,3160000.0],[715000.0,3161000.0],[714000.0,3161000.0],[714000.0,3160000.0]]]},"id":"714,3160","properties":{"bld_cover":0.0204,"bld_height":0.3416353515625,"id":"198"}},{"type":"Feature","geometry":{"geodesic":false,"crs":{"type":"name","properties":{"name":"EPSG:32643"}},"type":"Polygon","coordinates":[[[715000.0,3160000.0],[716000.0,3160000.0],[716000.0,3161000.0],[715000.0,3161000.0],[715000.0,3160000.0]]]},"id":"715,3160","properties":{"bld_cover":0.2389,"bld_height":3.1370578125,"id":"199"}},{"type":"Feature","geometry":{"geodesic":false,"crs":{"type":"name","properties":{"name":"EPSG:32643"}},"type":"Polygon","coordinates":[[[716000.0,3160000.0],[717000.0,3160000.0],[717000.0,3161000.0],[716000.0,3161000.0],[716000.0,3160000.0]]]},"id":"716,3160","properties":{"bld_cover":0.2131,"bld_height":2.7363578125,"id":"200"}},{"type":"Feature","geometry":{"geodesic":false,"crs":{"type":"name","properties":{"name":"EPSG:32643"}},"type":"Polygon","coordinates":[[[717000.0,3160000.0],[718000.0,3160000.0],[718000.0,3161000.0],[717000.0,3161000.0],[717000.0,3160000.0]]]},"id":"717,3160","properties":{"bld_cover":0.0988,"bld_height":1.28679296875,"id":"201"}},{"type":"Feature","geometry":{"geodesic":false,"crs":{"type":"name","properties":{"name":"EPSG:32643"}},"type":"Polygon","coordinates":[[[718000.0,3160000.0],[719000.0,3160000.0],[719000.0,3161000.0],[718000.0,3161000.0],[718000.0,3160000.0]]]},"id":"718,3160","properties":{"bld_cover":0.2762,"bld_height":3.6947271484375,"id":"202"}},{"type":"Feature","geometry":{"geodesic":false,"crs":{"type":"name","properties":{"name":"EPSG:32643"}},"type":"Polygon","coordinates":[[[719000.0,3160000.0],[720000.0,3160000.0],[720000.0,3161000.0],[719000.0,3161000.0],[719000.0,3160000.0]]]},"id":"719,3160","properties":{"bld_cover":0.2875,"bld_height":4.0366072265625,"id":"203"}},{"type":"Feature","geometry":{"geodesic":false,"crs":{"type":"name","properties":{"name":"EPSG:32643"}},"type":"Polygon","coordinates":[[[720000.0,3160000.0],[721000.0,3160000.0],[721000.0,3161000.0],[720000.0,3161000.0],[720000.0,3160000.0]]]},"id":"720,3160","properties":{"bld_cover":0.1499,"bld_height":3.4251947265625,"id":"204"}},{"type":"Feature","geometry":{"geodesic":false,"crs":{"type":"name","properties":{"name":"EPSG:32643"}},"type":"Polygon","coordinates":[[[721000.0,3160000.0],[722000.0,3160000.0],[722000.0,3161000.0],[721000.0,3161000.0],[721000.0,3160000.0]]]},"id":"721,3160","properties":{"bld_cover":0.1135,"bld_height":1.4276751953125,"id":"205"}},{"type":"Feature","geometry":{"geodesic":false,"crs":{"type":"name","properties":{"name":"EPSG:32643"}},"type":"Polygon","coordinates":[[[722000.0,3160000.0],[723000.0,3160000.0],[723000.0,3161000.0],[722000.0,3161000.0],[722000.0,3160000.0]]]},"id":"722,3160","properties":{"bld_cover":0.133,"bld_height":1.8551208984375,"id":"206"}},{"type":"Feature","geometry":{"geodesic":false,"crs":{"type":"name","properties":{"name":"EPSG:32643"}},"type":"Polygon","coordinates":[[[723000.0,3160000.0],[724000.0,3160000.0],[724000.0,3161000.0],[723000.0,3161000.0],[723000.0,3160000.0]]]},"id":"723,3160","properties":{"bld_cover":0.163,"bld_height":2.7006748046875,"id":"207"}},{"type":"Feature","geometry":{"geodesic":false,"crs":{"type":"name","properties":{"name":"EPSG:32643"}},"type":"Polygon","coordinates":[[[724000.0,3160000.0],[725000.0,3160000.0],[725000.0,3161000.0],[724000.0,3161000.0],[724000.0,3160000.0]]]},"id":"724,3160","properties":{"bld_cover":0.2703,"bld_height":4.8266052734375,"id":"208"}},{"type":"Feature","geometry":{"geodesic":false,"crs":{"type":"name","properties":{"name":"EPSG:32643"}},"type":"Polygon","coordinates":[[[725000.0,3160000.0],[726000.0,3160000.0],[726000.0,3161000.0],[725000.0,3161000.0],[725000.0,3160000.0]]]},"id":"725,3160","properties":{"bld_cover":0.0776,"bld_height":1.0593091796875,"id":"209"}},{"type":"Feature","geometry":{"geodesic":false,"crs":{"type":"name","properties":{"name":"EPSG:32643"}},"type":"Polygon","coordinates":[[[726000.0,3160000.0],[727000.0,3160000.0],[727000.0,3161000.0],[726000.0,3161000.0],[726000.0,3160000.0]]]},"id":"726,3160","properties":{"bld_cover":2.0E-4,"bld_height":0.0052001953125,"id":"210"}},{"type":"Feature","geometry":{"geodesic":false,"crs":{"type":"name","properties":{"name":"EPSG:32643"}},"type":"Polygon","coordinates":[[[727000.0,3160000.0],[728000.0,3160000.0],[728000.0,3161000.0],[727000.0,3161000.0],[727000.0,3160000.0]]]},"id":"727,3160","properties":{"bld_cover":0.052,"bld_height":2.34171953125,"id":"211"}},{"type":"Feature","geometry":{"geodesic":false,"crs":{"type":"name","properties":{"name":"EPSG:32643"}},"type":"Polygon","coordinates":[[[728000.0,3160000.0],[729000.0,3160000.0],[729000.0,3161000.0],[728000.0,3161000.0],[728000.0,3160000.0]]]},"id":"728,3160","properties":{"bld_cover":0.1833,"bld_height":2.2471796875,"id":"212"}},{"type":"Feature","geometry":{"geodesic":false,"crs":{"type":"name","properties":{"name":"EPSG:32643"}},"type":"Polygon","coordinates":[[[729000.0,3160000.0],[730000.0,3160000.0],[730000.0,3161000.0],[729000.0,3161000.0],[729000.0,3160000.0]]]},"id":"729,3160","properties":{"bld_cover":0.2693,"bld_height":4.671859375,"id":"213"}},{"type":"Feature","geometry":{"geodesic":false,"crs":{"type":"name","properties":{"name":"EPSG:32643"}},"type":"Polygon","coordinates":[[[700000.0,3161000.0],[701000.0,3161000.0],[701000.0,3162000.0],[700000.0,3162000.0],[700000.0,3161000.0]]]},"id":"700,3161","properties":{"bld_cover":0.0547,"bld_height":2.2872736328125,"id":"214"}},{"type":"Feature","geometry":{"geodesic":false,"crs":{"type":"name","properties":{"name":"EPSG:32643"}},"type":"Polygon","coordinates":[[[701000.0,3161000.0],[702000.0,3161000.0],[702000.0,3162000.0],[701000.0,3162000.0],[701000.0,3161000.0]]]},"id":"701,3161","properties":{"bld_cover":0.1275,"bld_height":2.391374609375,"id":"215"}},{"type":"Feature","geometry":{"geodesic":false,"crs":{"type":"name","properties":{"name":"EPSG:32643"}},"type":"Polygon","coordinates":[[[702000.0,3161000.0],[703000.0,3161000.0],[703000.0,3162000.0],[702000.0,3162000.0],[702000.0,3161000.0]]]},"id":"702,3161","properties":{"bld_cover":0.1447,"bld_height":1.519964453125,"id":"216"}},{"type":"Feature","geometry":{"geodesic":false,"crs":{"type":"name","properties":{"name":"EPSG:32643"}},"type":"Polygon","coordinates":[[[703000.0,3161000.0],[704000.0,3161000.0],[704000.0,3162000.0],[703000.0,3162000.0],[703000.0,3161000.0]]]},"id":"703,3161","properties":{"bld_cover":0.0447,"bld_height":0.3164423828125,"id":"217"}},{"type":"Feature","geometry":{"geodesic":false,"crs":{"type":"name","properties":{"name":"EPSG:32643"}},"type":"Polygon","coordinates":[[[704000.0,3161000.0],[705000.0,3161000.0],[705000.0,3162000.0],[704000.0,3162000.0],[704000.0,3161000.0]]]},"id":"704,3161","properties":{"bld_cover":0.0143,"bld_height":0.0423869140625,"id":"218"}},{"type":"Feature","geometry":{"geodesic":false,"crs":{"type":"name","properties":{"name":"EPSG:32643"}},"type":"Polygon","coordinates":[[[705000.0,3161000.0],[706000.0,3161000.0],[706000.0,3162000.0],[705000.0,3162000.0],[705000.0,3161000.0]]]},"id":"705,3161","properties":{"bld_cover":0.0183,"bld_height":0.0741212890625,"id":"219"}},{"type":"Feature","geometry":{"geodesic":false,"crs":{"type":"name","properties":{"name":"EPSG:32643"}},"type":"Polygon","coordinates":[[[706000.0,3161000.0],[707000.0,3161000.0],[707000.0,3162000.0],[706000.0,3162000.0],[706000.0,3161000.0]]]},"id":"706,3161","properties":{"bld_cover":0.0322,"bld_height":0.2149373046875,"id":"220"}},{"type":"Feature","geometry":{"geodesic":false,"crs":{"type":"name","properties":{"name":"EPSG:32643"}},"type":"Polygon","coordinates":[[[707000.0,3161000.0],[708000.0,3161000.0],[708000.0,3162000.0],[707000.0,3162000.0],[707000.0,3161000.0]]]},"id":"707,3161","properties":{"bld_cover":0.1426,"bld_height":2.484791015625,"id":"221"}},{"type":"Feature","geometry":{"geodesic":false,"crs":{"type":"name","properties":{"name":"EPSG:32643"}},"type":"Polygon","coordinates":[[[708000.0,3161000.0],[709000.0,3161000.0],[709000.0,3162000.0],[708000.0,3162000.0],[708000.0,3161000.0]]]},"id":"708,3161","properties":{"bld_cover":0.0579,"bld_height":0.387373828125,"id":"222"}},{"type":"Feature","geometry":{"geodesic":false,"crs":{"type":"name","properties":{"name":"EPSG:32643"}},"type":"Polygon","coordinates":[[[709000.0,3161000.0],[710000.0,3161000.0],[710000.0,3162000.0],[709000.0,3162000.0],[709000.0,3161000.0]]]},"id":"709,3161","properties":{"bld_cover":0.1091,"bld_height":0.94567734375,"id":"223"}},{"type":"Feature","geometry":{"geodesic":false,"crs":{"type":"name","properties":{"name":"EPSG:32643"}},"type":"Polygon","coordinates":[[[710000.0,3161000.0],[711000.0,3161000.0],[711000.0,3162000.0],[710000.0,3162000.0],[710000.0,3161000.0]]]},"id":"710,3161","properties":{"bld_cover":0.1136,"bld_height":1.3461591796875,"id":"224"}},{"type":"Feature","geometry":{"geodesic":false,"crs":{"type":"name","properties":{"name":"EPSG:32643"}},"type":"Polygon","coordinates":[[[711000.0,3161000.0],[712000.0,3161000.0],[712000.0,3162000.0],[711000.0,3162000.0],[711000.0,3161000.0]]]},"id":"711,3161","properties":{"bld_cover":0.2316,"bld_height":3.2459880859375,"id":"225"}},{"type":"Feature","geometry":{"geodesic":false,"crs":{"type":"name","properties":{"name":"EPSG:32643"}},"type":"Polygon","coordinates":[[[712000.0,3161000.0],[713000.0,3161000.0],[713000.0,3162000.0],[712000.0,3162000.0],[712000.0,3161000.0]]]},"id":"712,3161","properties":{"bld_cover":0.1395,"bld_height":1.6082666015625,"id":"226"}},{"type":"Feature","geometry":{"geodesic":false,"crs":{"type":"name","properties":{"name":"EPSG:32643"}},"type":"Polygon","coordinates":[[[713000.0,3161000.0],[714000.0,3161000.0],[714000.0,3162000.0],[713000.0,3162000.0],[713000.0,3161000.0]]]},"id":"713,3161","properties":{"bld_cover":0.1944,"bld_height":2.5177791015625,"id":"227"}},{"type":"Feature","geometry":{"geodesic":false,"crs":{"type":"name","properties":{"name":"EPSG:32643"}},"type":"Polygon","coordinates":[[[714000.0,3161000.0],[715000.0,3161000.0],[715000.0,3162000.0],[714000.0,3162000.0],[714000.0,3161000.0]]]},"id":"714,3161","properties":{"bld_cover":0.2964,"bld_height":4.471701171875,"id":"228"}},{"type":"Feature","geometry":{"geodesic":false,"crs":{"type":"name","properties":{"name":"EPSG:32643"}},"type":"Polygon","coordinates":[[[715000.0,3161000.0],[716000.0,3161000.0],[716000.0,3162000.0],[715000.0,3162000.0],[715000.0,3161000.0]]]},"id":"715,3161","properties":{"bld_cover":0.2532,"bld_height":3.883261328125,"id":"229"}},{"type":"Feature","geometry":{"geodesic":false,"crs":{"type":"name","properties":{"name":"EPSG:32643"}},"type":"Polygon","coordinates":[[[716000.0,3161000.0],[717000.0,3161000.0],[717000.0,3162000.0],[716000.0,3162000.0],[716000.0,3161000.0]]]},"id":"716,3161","properties":{"bld_cover":0.2875,"bld_height":4.725510546875,"id":"230"}},{"type":"Feature","geometry":{"geodesic":false,"crs":{"type":"name","properties":{"name":"EPSG:32643"}},"type":"Polygon","coordinates":[[[717000.0,3161000.0],[718000.0,3161000.0],[718000.0,3162000.0],[717000.0,3162000.0],[717000.0,3161000.0]]]},"id":"717,3161","properties":{"bld_cover":0.2315,"bld_height":3.393805078125,"id":"231"}},{"type":"Feature","geometry":{"geodesic":false,"crs":{"type":"name","properties":{"name":"EPSG:32643"}},"type":"Polygon","coordinates":[[[718000.0,3161000.0],[719000.0,3161000.0],[719000.0,3162000.0],[718000.0,3162000.0],[718000.0,3161000.0]]]},"id":"718,3161","properties":{"bld_cover":0.1856,"bld_height":2.4807494140625,"id":"232"}},{"type":"Feature","geometry":{"geodesic":false,"crs":{"type":"name","properties":{"name":"EPSG:32643"}},"type":"Polygon","coordinates":[[[719000.0,3161000.0],[720000.0,3161000.0],[720000.0,3162000.0],[719000.0,3162000.0],[719000.0,3161000.0]]]},"id":"719,3161","properties":{"bld_cover":0.2903,"bld_height":4.111624609375,"id":"233"}},{"type":"Feature","geometry":{"geodesic":false,"crs":{"type":"name","properties":{"name":"EPSG:32643"}},"type":"Polygon","coordinates":[[[720000.0,3161000.0],[721000.0,3161000.0],[721000.0,3162000.0],[720000.0,3162000.0],[720000.0,3161000.0]]]},"id":"720,3161","properties":{"bld_cover":0.2297,"bld_height":3.4843943359375,"id":"234"}},{"type":"Feature","geometry":{"geodesic":false,"crs":{"type":"name","properties":{"name":"EPSG:32643"}},"type":"Polygon","coordinates":[[[721000.0,3161000.0],[722000.0,3161000.0],[722000.0,3162000.0],[721000.0,3162000.0],[721000.0,3161000.0]]]},"id":"721,3161","properties":{"bld_cover":0.228,"bld_height":2.8781955078125,"id":"235"}},{"type":"Feature","geometry":{"geodesic":false,"crs":{"type":"name","properties":{"name":"EPSG:32643"}},"type":"Polygon","coordinates":[[[722000.0,3161000.0],[723000.0,3161000.0],[723000.0,3162000.0],[722000.0,3162000.0],[722000.0,3161000.0]]]},"id":"722,3161","properties":{"bld_cover":0.1935,"bld_height":2.7605384765625,"id":"236"}},{"type":"Feature","geometry":{"geodesic":false,"crs":{"type":"name","properties":{"name":"EPSG:32643"}},"type":"Polygon","coordinates":[[[723000.0,3161000.0],[724000.0,3161000.0],[724000.0,3162000.0],[723000.0,3162000.0],[723000.0,3161000.0]]]},"id":"723,3161","properties":{"bld_cover":0.178,"bld_height":2.597818359375,"id":"237"}},{"type":"Feature","geometry":{"geodesic":false,"crs":{"type":"name","properties":{"name":"EPSG:32643"}},"type":"Polygon","coordinates":[[[724000.0,3161000.0],[725000.0,3161000.0],[725000.0,3162000.0],[724000.0,3162000.0],[724000.0,3161000.0]]]},"id":"724,3161","properties":{"bld_cover":0.1215,"bld_height":1.8233173828125,"id":"238"}},{"type":"Feature","geometry":{"geodesic":false,"crs":{"type":"name","properties":{"name":"EPSG:32643"}},"type":"Polygon","coordinates":[[[725000.0,3161000.0],[726000.0,3161000.0],[726000.0,3162000.0],[725000.0,3162000.0],[725000.0,3161000.0]]]},"id":"725,3161","properties":{"bld_cover":0,"bld_height":0,"id":"239"}},{"type":"Feature","geometry":{"geodesic":false,"crs":{"type":"name","properties":{"name":"EPSG:32643"}},"type":"Polygon","coordinates":[[[726000.0,3161000.0],[727000.0,3161000.0],[727000.0,3162000.0],[726000.0,3162000.0],[726000.0,3161000.0]]]},"id":"726,3161","properties":{"bld_cover":0.0014,"bld_height":0.0146216796875,"id":"240"}},{"type":"Feature","geometry":{"geodesic":false,"crs":{"type":"name","properties":{"name":"EPSG:32643"}},"type":"Polygon","coordinates":[[[727000.0,3161000.0],[728000.0,3161000.0],[728000.0,3162000.0],[727000.0,3162000.0],[727000.0,3161000.0]]]},"id":"727,3161","properties":{"bld_cover":0.0259,"bld_height":0.419052734375,"id":"241"}},{"type":"Feature","geometry":{"geodesic":false,"crs":{"type":"name","properties":{"name":"EPSG:32643"}},"type":"Polygon","coordinates":[[[728000.0,3161000.0],[729000.0,3161000.0],[729000.0,3162000.0],[728000.0,3162000.0],[728000.0,3161000.0]]]},"id":"728,3161","properties":{"bld_cover":0.1215,"bld_height":1.997194921875,"id":"242"}},{"type":"Feature","geometry":{"geodesic":false,"crs":{"type":"name","properties":{"name":"EPSG:32643"}},"type":"Polygon","coordinates":[[[729000.0,3161000.0],[730000.0,3161000.0],[730000.0,3162000.0],[729000.0,3162000.0],[729000.0,3161000.0]]]},"id":"729,3161","properties":{"bld_cover":0.1411,"bld_height":2.207254296875,"id":"243"}},{"type":"Feature","geometry":{"geodesic":false,"crs":{"type":"name","properties":{"name":"EPSG:32643"}},"type":"Polygon","coordinates":[[[700000.0,3162000.0],[701000.0,3162000.0],[701000.0,3163000.0],[700000.0,3163000.0],[700000.0,3162000.0]]]},"id":"700,3162","properties":{"bld_cover":0.0391,"bld_height":1.5571267578125,"id":"244"}},{"type":"Feature","geometry":{"geodesic":false,"crs":{"type":"name","properties":{"name":"EPSG:32643"}},"type":"Polygon","coordinates":[[[701000.0,3162000.0],[702000.0,3162000.0],[702000.0,3163000.0],[701000.0,3163000.0],[701000.0,3162000.0]]]},"id":"701,3162","properties":{"bld_cover":0.0438,"bld_height":0.6099447265625,"id":"245"}},{"type":"Feature","geometry":{"geodesic":false,"crs":{"type":"name","properties":{"name":"EPSG:32643"}},"type":"Polygon","coordinates":[[[702000.0,3162000.0],[703000.0,3162000.0],[703000.0,3163000.0],[702000.0,3163000.0],[702000.0,3162000.0]]]},"id":"702,3162","properties":{"bld_cover":0.1759,"bld_height":2.1027169921875,"id":"246"}},{"type":"Feature","geometry":{"geodesic":false,"crs":{"type":"name","properties":{"name":"EPSG:32643"}},"type":"Polygon","coordinates":[[[703000.0,3162000.0],[704000.0,3162000.0],[704000.0,3163000.0],[703000.0,3163000.0],[703000.0,3162000.0]]]},"id":"703,3162","properties":{"bld_cover":0.3094,"bld_height":3.5441708984375,"id":"247"}},{"type":"Feature","geometry":{"geodesic":false,"crs":{"type":"name","properties":{"name":"EPSG:32643"}},"type":"Polygon","coordinates":[[[704000.0,3162000.0],[705000.0,3162000.0],[705000.0,3163000.0],[704000.0,3163000.0],[704000.0,3162000.0]]]},"id":"704,3162","properties":{"bld_cover":0.0967,"bld_height":0.582827734375,"id":"248"}},{"type":"Feature","geometry":{"geodesic":false,"crs":{"type":"name","properties":{"name":"EPSG:32643"}},"type":"Polygon","coordinates":[[[705000.0,3162000.0],[706000.0,3162000.0],[706000.0,3163000.0],[705000.0,3163000.0],[705000.0,3162000.0]]]},"id":"705,3162","properties":{"bld_cover":0.0492,"bld_height":0.5244263671875,"id":"249"}},{"type":"Feature","geometry":{"geodesic":false,"crs":{"type":"name","properties":{"name":"EPSG:32643"}},"type":"Polygon","coordinates":[[[706000.0,3162000.0],[707000.0,3162000.0],[707000.0,3163000.0],[706000.0,3163000.0],[706000.0,3162000.0]]]},"id":"706,3162","properties":{"bld_cover":0.0703,"bld_height":0.58896484375,"id":"250"}},{"type":"Feature","geometry":{"geodesic":false,"crs":{"type":"name","properties":{"name":"EPSG:32643"}},"type":"Polygon","coordinates":[[[707000.0,3162000.0],[708000.0,3162000.0],[708000.0,3163000.0],[707000.0,3163000.0],[707000.0,3162000.0]]]},"id":"707,3162","properties":{"bld_cover":0.0855,"bld_height":0.6052806640625,"id":"251"}},{"type":"Feature","geometry":{"geodesic":false,"crs":{"type":"name","properties":{"name":"EPSG:32643"}},"type":"Polygon","coordinates":[[[708000.0,3162000.0],[709000.0,3162000.0],[709000.0,3163000.0],[708000.0,3163000.0],[708000.0,3162000.0]]]},"id":"708,3162","properties":{"bld_cover":0.1078,"bld_height":1.1480625,"id":"252"}},{"type":"Feature","geometry":{"geodesic":false,"crs":{"type":"name","properties":{"name":"EPSG:32643"}},"type":"Polygon","coordinates":[[[709000.0,3162000.0],[710000.0,3162000.0],[710000.0,3163000.0],[709000.0,3163000.0],[709000.0,3162000.0]]]},"id":"709,3162","properties":{"bld_cover":0.1082,"bld_height":1.0082044921875,"id":"253"}},{"type":"Feature","geometry":{"geodesic":false,"crs":{"type":"name","properties":{"name":"EPSG:32643"}},"type":"Polygon","coordinates":[[[710000.0,3162000.0],[711000.0,3162000.0],[711000.0,3163000.0],[710000.0,3163000.0],[710000.0,3162000.0]]]},"id":"710,3162","properties":{"bld_cover":0.1104,"bld_height":1.2467578125,"id":"254"}},{"type":"Feature","geometry":{"geodesic":false,"crs":{"type":"name","properties":{"name":"EPSG:32643"}},"type":"Polygon","coordinates":[[[711000.0,3162000.0],[712000.0,3162000.0],[712000.0,3163000.0],[711000.0,3163000.0],[711000.0,3162000.0]]]},"id":"711,3162","properties":{"bld_cover":0.187,"bld_height":2.79779609375,"id":"255"}},{"type":"Feature","geometry":{"geodesic":false,"crs":{"type":"name","properties":{"name":"EPSG:32643"}},"type":"Polygon","coordinates":[[[712000.0,3162000.0],[713000.0,3162000.0],[713000.0,3163000.0],[712000.0,3163000.0],[712000.0,3162000.0]]]},"id":"712,3162","properties":{"bld_cover":0.1465,"bld_height":2.1310109375,"id":"256"}},{"type":"Feature","geometry":{"geodesic":false,"crs":{"type":"name","properties":{"name":"EPSG:32643"}},"type":"Polygon","coordinates":[[[713000.0,3162000.0],[714000.0,3162000.0],[714000.0,3163000.0],[713000.0,3163000.0],[713000.0,3162000.0]]]},"id":"713,3162","properties":{"bld_cover":0.1453,"bld_height":2.0871865234375,"id":"257"}},{"type":"Feature","geometry":{"geodesic":false,"crs":{"type":"name","properties":{"name":"EPSG:32643"}},"type":"Polygon","coordinates":[[[714000.0,3162000.0],[715000.0,3162000.0],[715000.0,3163000.0],[714000.0,3163000.0],[714000.0,3162000.0]]]},"id":"714,3162","properties":{"bld_cover":0.1405,"bld_height":2.4659115234375,"id":"258"}},{"type":"Feature","geometry":{"geodesic":false,"crs":{"type":"name","properties":{"name":"EPSG:32643"}},"type":"Polygon","coordinates":[[[715000.0,3162000.0],[716000.0,3162000.0],[716000.0,3163000.0],[715000.0,3163000.0],[715000.0,3162000.0]]]},"id":"715,3162","properties":{"bld_cover":0.1599,"bld_height":2.1258818359375,"id":"259"}},{"type":"Feature","geometry":{"geodesic":false,"crs":{"type":"name","properties":{"name":"EPSG:32643"}},"type":"Polygon","coordinates":[[[716000.0,3162000.0],[717000.0,3162000.0],[717000.0,3163000.0],[716000.0,3163000.0],[716000.0,3162000.0]]]},"id":"716,3162","properties":{"bld_cover":0.2014,"bld_height":4.5194994140625,"id":"260"}},{"type":"Feature","geometry":{"geodesic":false,"crs":{"type":"name","properties":{"name":"EPSG:32643"}},"type":"Polygon","coordinates":[[[717000.0,3162000.0],[718000.0,3162000.0],[718000.0,3163000.0],[717000.0,3163000.0],[717000.0,3162000.0]]]},"id":"717,3162","properties":{"bld_cover":0.3712,"bld_height":5.7839333984375,"id":"261"}},{"type":"Feature","geometry":{"geodesic":false,"crs":{"type":"name","properties":{"name":"EPSG:32643"}},"type":"Polygon","coordinates":[[[718000.0,3162000.0],[719000.0,3162000.0],[719000.0,3163000.0],[718000.0,3163000.0],[718000.0,3162000.0]]]},"id":"718,3162","properties":{"bld_cover":0.2701,"bld_height":3.9542525390625,"id":"262"}},{"type":"Feature","geometry":{"geodesic":false,"crs":{"type":"name","properties":{"name":"EPSG:32643"}},"type":"Polygon","coordinates":[[[719000.0,3162000.0],[720000.0,3162000.0],[720000.0,3163000.0],[719000.0,3163000.0],[719000.0,3162000.0]]]},"id":"719,3162","properties":{"bld_cover":0.2765,"bld_height":3.706183984375,"id":"263"}},{"type":"Feature","geometry":{"geodesic":false,"crs":{"type":"name","properties":{"name":"EPSG:32643"}},"type":"Polygon","coordinates":[[[720000.0,3162000.0],[721000.0,3162000.0],[721000.0,3163000.0],[720000.0,3163000.0],[720000.0,3162000.0]]]},"id":"720,3162","properties":{"bld_cover":0.167,"bld_height":2.2638962890625,"id":"264"}},{"type":"Feature","geometry":{"geodesic":false,"crs":{"type":"name","properties":{"name":"EPSG:32643"}},"type":"Polygon","coordinates":[[[721000.0,3162000.0],[722000.0,3162000.0],[722000.0,3163000.0],[721000.0,3163000.0],[721000.0,3162000.0]]]},"id":"721,3162","properties":{"bld_cover":0.2333,"bld_height":3.0354111328125,"id":"265"}},{"type":"Feature","geometry":{"geodesic":false,"crs":{"type":"name","properties":{"name":"EPSG:32643"}},"type":"Polygon","coordinates":[[[722000.0,3162000.0],[723000.0,3162000.0],[723000.0,3163000.0],[722000.0,3163000.0],[722000.0,3162000.0]]]},"id":"722,3162","properties":{"bld_cover":0.2955,"bld_height":3.7201783203125,"id":"266"}},{"type":"Feature","geometry":{"geodesic":false,"crs":{"type":"name","properties":{"name":"EPSG:32643"}},"type":"Polygon","coordinates":[[[723000.0,3162000.0],[724000.0,3162000.0],[724000.0,3163000.0],[723000.0,3163000.0],[723000.0,3162000.0]]]},"id":"723,3162","properties":{"bld_cover":0.4004,"bld_height":5.489500390625,"id":"267"}},{"type":"Feature","geometry":{"geodesic":false,"crs":{"type":"name","properties":{"name":"EPSG:32643"}},"type":"Polygon","coordinates":[[[724000.0,3162000.0],[725000.0,3162000.0],[725000.0,3163000.0],[724000.0,3163000.0],[724000.0,3162000.0]]]},"id":"724,3162","properties":{"bld_cover":0.0121,"bld_height":0.1598712890625,"id":"268"}},{"type":"Feature","geometry":{"geodesic":false,"crs":{"type":"name","properties":{"name":"EPSG:32643"}},"type":"Polygon","coordinates":[[[725000.0,3162000.0],[726000.0,3162000.0],[726000.0,3163000.0],[725000.0,3163000.0],[725000.0,3162000.0]]]},"id":"725,3162","properties":{"bld_cover":0.0018,"bld_height":0.03558203125,"id":"269"}},{"type":"Feature","geometry":{"geodesic":false,"crs":{"type":"name","properties":{"name":"EPSG:32643"}},"type":"Polygon","coordinates":[[[726000.0,3162000.0],[727000.0,3162000.0],[727000.0,3163000.0],[726000.0,3163000.0],[726000.0,3162000.0]]]},"id":"726,3162","properties":{"bld_cover":0.1285,"bld_height":3.0738306640625,"id":"270"}},{"type":"Feature","geometry":{"geodesic":false,"crs":{"type":"name","properties":{"name":"EPSG:32643"}},"type":"Polygon","coordinates":[[[727000.0,3162000.0],[728000.0,3162000.0],[728000.0,3163000.0],[727000.0,3163000.0],[727000.0,3162000.0]]]},"id":"727,3162","properties":{"bld_cover":0.2005,"bld_height":4.4549484375,"id":"271"}},{"type":"Feature","geometry":{"geodesic":false,"crs":{"type":"name","properties":{"name":"EPSG:32643"}},"type":"Polygon","coordinates":[[[728000.0,3162000.0],[729000.0,3162000.0],[729000.0,3163000.0],[728000.0,3163000.0],[728000.0,3162000.0]]]},"id":"728,3162","properties":{"bld_cover":0.2296,"bld_height":2.905124609375,"id":"272"}},{"type":"Feature","geometry":{"geodesic":false,"crs":{"type":"name","properties":{"name":"EPSG:32643"}},"type":"Polygon","coordinates":[[[729000.0,3162000.0],[730000.0,3162000.0],[730000.0,3163000.0],[729000.0,3163000.0],[729000.0,3162000.0]]]},"id":"729,3162","properties":{"bld_cover":0.1931,"bld_height":2.6294375,"id":"273"}},{"type":"Feature","geometry":{"geodesic":false,"crs":{"type":"name","properties":{"name":"EPSG:32643"}},"type":"Polygon","coordinates":[[[700000.0,3163000.0],[701000.0,3163000.0],[701000.0,3164000.0],[700000.0,3164000.0],[700000.0,3163000.0]]]},"id":"700,3163","properties":{"bld_cover":0.0593,"bld_height":2.39456796875,"id":"274"}},{"type":"Feature","geometry":{"geodesic":false,"crs":{"type":"name","properties":{"name":"EPSG:32643"}},"type":"Polygon","coordinates":[[[701000.0,3163000.0],[702000.0,3163000.0],[702000.0,3164000.0],[701000.0,3164000.0],[701000.0,3163000.0]]]},"id":"701,3163","properties":{"bld_cover":0.1558,"bld_height":3.59192265625,"id":"275"}},{"type":"Feature","geometry":{"geodesic":false,"crs":{"type":"name","properties":{"name":"EPSG:32643"}},"type":"Polygon","coordinates":[[[702000.0,3163000.0],[703000.0,3163000.0],[703000.0,3164000.0],[702000.0,3164000.0],[702000.0,3163000.0]]]},"id":"702,3163","properties":{"bld_cover":0.2233,"bld_height":4.0293025390625,"id":"276"}},{"type":"Feature","geometry":{"geodesic":false,"crs":{"type":"name","properties":{"name":"EPSG:32643"}},"type":"Polygon","coordinates":[[[703000.0,3163000.0],[704000.0,3163000.0],[704000.0,3164000.0],[703000.0,3164000.0],[703000.0,3163000.0]]]},"id":"703,3163","properties":{"bld_cover":0.4952,"bld_height":5.93526015625,"id":"277"}},{"type":"Feature","geometry":{"geodesic":false,"crs":{"type":"name","properties":{"name":"EPSG:32643"}},"type":"Polygon","coordinates":[[[704000.0,3163000.0],[705000.0,3163000.0],[705000.0,3164000.0],[704000.0,3164000.0],[704000.0,3163000.0]]]},"id":"704,3163","properties":{"bld_cover":0.2799,"bld_height":3.3207630859375,"id":"278"}},{"type":"Feature","geometry":{"geodesic":false,"crs":{"type":"name","properties":{"name":"EPSG:32643"}},"type":"Polygon","coordinates":[[[705000.0,3163000.0],[706000.0,3163000.0],[706000.0,3164000.0],[705000.0,3164000.0],[705000.0,3163000.0]]]},"id":"705,3163","properties":{"bld_cover":0.0927,"bld_height":0.693316796875,"id":"279"}},{"type":"Feature","geometry":{"geodesic":false,"crs":{"type":"name","properties":{"name":"EPSG:32643"}},"type":"Polygon","coordinates":[[[706000.0,3163000.0],[707000.0,3163000.0],[707000.0,3164000.0],[706000.0,3164000.0],[706000.0,3163000.0]]]},"id":"706,3163","properties":{"bld_cover":0.108,"bld_height":0.8176548828125,"id":"280"}},{"type":"Feature","geometry":{"geodesic":false,"crs":{"type":"name","properties":{"name":"EPSG:32643"}},"type":"Polygon","coordinates":[[[707000.0,3163000.0],[708000.0,3163000.0],[708000.0,3164000.0],[707000.0,3164000.0],[707000.0,3163000.0]]]},"id":"707,3163","properties":{"bld_cover":0.1166,"bld_height":0.90760859375,"id":"281"}},{"type":"Feature","geometry":{"geodesic":false,"crs":{"type":"name","properties":{"name":"EPSG:32643"}},"type":"Polygon","coordinates":[[[708000.0,3163000.0],[709000.0,3163000.0],[709000.0,3164000.0],[708000.0,3164000.0],[708000.0,3163000.0]]]},"id":"708,3163","properties":{"bld_cover":0.1021,"bld_height":0.8726791015625,"id":"282"}},{"type":"Feature","geometry":{"geodesic":false,"crs":{"type":"name","properties":{"name":"EPSG:32643"}},"type":"Polygon","coordinates":[[[709000.0,3163000.0],[710000.0,3163000.0],[710000.0,3164000.0],[709000.0,3164000.0],[709000.0,3163000.0]]]},"id":"709,3163","properties":{"bld_cover":0.1348,"bld_height":1.5269232421875,"id":"283"}},{"type":"Feature","geometry":{"geodesic":false,"crs":{"type":"name","properties":{"name":"EPSG:32643"}},"type":"Polygon","coordinates":[[[710000.0,3163000.0],[711000.0,3163000.0],[711000.0,3164000.0],[710000.0,3164000.0],[710000.0,3163000.0]]]},"id":"710,3163","properties":{"bld_cover":0.146,"bld_height":1.5303359375,"id":"284"}},{"type":"Feature","geometry":{"geodesic":false,"crs":{"type":"name","properties":{"name":"EPSG:32643"}},"type":"Polygon","coordinates":[[[711000.0,3163000.0],[712000.0,3163000.0],[712000.0,3164000.0],[711000.0,3164000.0],[711000.0,3163000.0]]]},"id":"711,3163","properties":{"bld_cover":0.1697,"bld_height":2.3174939453125,"id":"285"}},{"type":"Feature","geometry":{"geodesic":false,"crs":{"type":"name","properties":{"name":"EPSG:32643"}},"type":"Polygon","coordinates":[[[712000.0,3163000.0],[713000.0,3163000.0],[713000.0,3164000.0],[712000.0,3164000.0],[712000.0,3163000.0]]]},"id":"712,3163","properties":{"bld_cover":0.1614,"bld_height":1.9000396484375,"id":"286"}},{"type":"Feature","geometry":{"geodesic":false,"crs":{"type":"name","properties":{"name":"EPSG:32643"}},"type":"Polygon","coordinates":[[[713000.0,3163000.0],[714000.0,3163000.0],[714000.0,3164000.0],[713000.0,3164000.0],[713000.0,3163000.0]]]},"id":"713,3163","properties":{"bld_cover":0.1424,"bld_height":1.57069765625,"id":"287"}},{"type":"Feature","geometry":{"geodesic":false,"crs":{"type":"name","properties":{"name":"EPSG:32643"}},"type":"Polygon","coordinates":[[[714000.0,3163000.0],[715000.0,3163000.0],[715000.0,3164000.0],[714000.0,3164000.0],[714000.0,3163000.0]]]},"id":"714,3163","properties":{"bld_cover":0.1488,"bld_height":2.3803697265625,"id":"288"}},{"type":"Feature","geometry":{"geodesic":false,"crs":{"type":"name","properties":{"name":"EPSG:32643"}},"type":"Polygon","coordinates":[[[715000.0,3163000.0],[716000.0,3163000.0],[716000.0,3164000.0],[715000.0,3164000.0],[715000.0,3163000.0]]]},"id":"715,3163","properties":{"bld_cover":0.1218,"bld_height":1.3935123046875,"id":"289"}},{"type":"Feature","geometry":{"geodesic":false,"crs":{"type":"name","properties":{"name":"EPSG:32643"}},"type":"Polygon","coordinates":[[[716000.0,3163000.0],[717000.0,3163000.0],[717000.0,3164000.0],[716000.0,3164000.0],[716000.0,3163000.0]]]},"id":"716,3163","properties":{"bld_cover":0.1435,"bld_height":1.7790935546875,"id":"290"}},{"type":"Feature","geometry":{"geodesic":false,"crs":{"type":"name","properties":{"name":"EPSG:32643"}},"type":"Polygon","coordinates":[[[717000.0,3163000.0],[718000.0,3163000.0],[718000.0,3164000.0],[717000.0,3164000.0],[717000.0,3163000.0]]]},"id":"717,3163","properties":{"bld_cover":0.1704,"bld_height":2.448017578125,"id":"291"}},{"type":"Feature","geometry":{"geodesic":false,"crs":{"type":"name","properties":{"name":"EPSG:32643"}},"type":"Polygon","coordinates":[[[718000.0,3163000.0],[719000.0,3163000.0],[719000.0,3164000.0],[718000.0,3164000.0],[718000.0,3163000.0]]]},"id":"718,3163","properties":{"bld_cover":0.1714,"bld_height":2.80926875,"id":"292"}},{"type":"Feature","geometry":{"geodesic":false,"crs":{"type":"name","properties":{"name":"EPSG:32643"}},"type":"Polygon","coordinates":[[[719000.0,3163000.0],[720000.0,3163000.0],[720000.0,3164000.0],[719000.0,3164000.0],[719000.0,3163000.0]]]},"id":"719,3163","properties":{"bld_cover":0.282,"bld_height":4.0226384765625,"id":"293"}},{"type":"Feature","geometry":{"geodesic":false,"crs":{"type":"name","properties":{"name":"EPSG:32643"}},"type":"Polygon","coordinates":[[[720000.0,3163000.0],[721000.0,3163000.0],[721000.0,3164000.0],[720000.0,3164000.0],[720000.0,3163000.0]]]},"id":"720,3163","properties":{"bld_cover":0.1846,"bld_height":2.867995703125,"id":"294"}},{"type":"Feature","geometry":{"geodesic":false,"crs":{"type":"name","properties":{"name":"EPSG:32643"}},"type":"Polygon","coordinates":[[[721000.0,3163000.0],[722000.0,3163000.0],[722000.0,3164000.0],[721000.0,3164000.0],[721000.0,3163000.0]]]},"id":"721,3163","properties":{"bld_cover":0.1498,"bld_height":2.2781041015625,"id":"295"}},{"type":"Feature","geometry":{"geodesic":false,"crs":{"type":"name","properties":{"name":"EPSG:32643"}},"type":"Polygon","coordinates":[[[722000.0,3163000.0],[723000.0,3163000.0],[723000.0,3164000.0],[722000.0,3164000.0],[722000.0,3163000.0]]]},"id":"722,3163","properties":{"bld_cover":0.0101,"bld_height":0.1446732421875,"id":"296"}},{"type":"Feature","geometry":{"geodesic":false,"crs":{"type":"name","properties":{"name":"EPSG:32643"}},"type":"Polygon","coordinates":[[[723000.0,3163000.0],[724000.0,3163000.0],[724000.0,3164000.0],[723000.0,3164000.0],[723000.0,3163000.0]]]},"id":"723,3163","properties":{"bld_cover":0.0016,"bld_height":0.0040982421875,"id":"297"}},{"type":"Feature","geometry":{"geodesic":false,"crs":{"type":"name","properties":{"name":"EPSG:32643"}},"type":"Polygon","coordinates":[[[724000.0,3163000.0],[725000.0,3163000.0],[725000.0,3164000.0],[724000.0,3164000.0],[724000.0,3163000.0]]]},"id":"724,3163","properties":{"bld_cover":0.0034,"bld_height":0.016315625,"id":"298"}},{"type":"Feature","geometry":{"geodesic":false,"crs":{"type":"name","properties":{"name":"EPSG:32643"}},"type":"Polygon","coordinates":[[[725000.0,3163000.0],[726000.0,3163000.0],[726000.0,3164000.0],[725000.0,3164000.0],[725000.0,3163000.0]]]},"id":"725,3163","properties":{"bld_cover":0.1343,"bld_height":1.454687890625,"id":"299"}},{"type":"Feature","geometry":{"geodesic":false,"crs":{"type":"name","properties":{"name":"EPSG:32643"}},"type":"Polygon","coordinates":[[[726000.0,3163000.0],[727000.0,3163000.0],[727000.0,3164000.0],[726000.0,3164000.0],[726000.0,3163000.0]]]},"id":"726,3163","properties":{"bld_cover":0.2652,"bld_height":4.6308962890625,"id":"300"}},{"type":"Feature","geometry":{"geodesic":false,"crs":{"type":"name","properties":{"name":"EPSG:32643"}},"type":"Polygon","coordinates":[[[727000.0,3163000.0],[728000.0,3163000.0],[728000.0,3164000.0],[727000.0,3164000.0],[727000.0,3163000.0]]]},"id":"727,3163","properties":{"bld_cover":0.3258,"bld_height":3.7370076171875,"id":"301"}},{"type":"Feature","geometry":{"geodesic":false,"crs":{"type":"name","properties":{"name":"EPSG:32643"}},"type":"Polygon","coordinates":[[[728000.0,3163000.0],[729000.0,3163000.0],[729000.0,3164000.0],[728000.0,3164000.0],[728000.0,3163000.0]]]},"id":"728,3163","properties":{"bld_cover":0.2911,"bld_height":3.8170822265625,"id":"302"}},{"type":"Feature","geometry":{"geodesic":false,"crs":{"type":"name","properties":{"name":"EPSG:32643"}},"type":"Polygon","coordinates":[[[729000.0,3163000.0],[730000.0,3163000.0],[730000.0,3164000.0],[729000.0,3164000.0],[729000.0,3163000.0]]]},"id":"729,3163","properties":{"bld_cover":0.2197,"bld_height":3.168859375,"id":"303"}},{"type":"Feature","geometry":{"geodesic":false,"crs":{"type":"name","properties":{"name":"EPSG:32643"}},"type":"Polygon","coordinates":[[[700000.0,3164000.0],[701000.0,3164000.0],[701000.0,3165000.0],[700000.0,3165000.0],[700000.0,3164000.0]]]},"id":"700,3164","properties":{"bld_cover":0.044,"bld_height":2.4439599609375,"id":"304"}},{"type":"Feature","geometry":{"geodesic":false,"crs":{"type":"name","properties":{"name":"EPSG:32643"}},"type":"Polygon","coordinates":[[[701000.0,3164000.0],[702000.0,3164000.0],[702000.0,3165000.0],[701000.0,3165000.0],[701000.0,3164000.0]]]},"id":"701,3164","properties":{"bld_cover":0.1233,"bld_height":2.6602236328125,"id":"305"}},{"type":"Feature","geometry":{"geodesic":false,"crs":{"type":"name","properties":{"name":"EPSG:32643"}},"type":"Polygon","coordinates":[[[702000.0,3164000.0],[703000.0,3164000.0],[703000.0,3165000.0],[702000.0,3165000.0],[702000.0,3164000.0]]]},"id":"702,3164","properties":{"bld_cover":0.2357,"bld_height":4.2166111328125,"id":"306"}},{"type":"Feature","geometry":{"geodesic":false,"crs":{"type":"name","properties":{"name":"EPSG:32643"}},"type":"Polygon","coordinates":[[[703000.0,3164000.0],[704000.0,3164000.0],[704000.0,3165000.0],[703000.0,3165000.0],[703000.0,3164000.0]]]},"id":"703,3164","properties":{"bld_cover":0.3523,"bld_height":4.623306640625,"id":"307"}},{"type":"Feature","geometry":{"geodesic":false,"crs":{"type":"name","properties":{"name":"EPSG:32643"}},"type":"Polygon","coordinates":[[[704000.0,3164000.0],[705000.0,3164000.0],[705000.0,3165000.0],[704000.0,3165000.0],[704000.0,3164000.0]]]},"id":"704,3164","properties":{"bld_cover":0.4401,"bld_height":5.4356544921875,"id":"308"}},{"type":"Feature","geometry":{"geodesic":false,"crs":{"type":"name","properties":{"name":"EPSG:32643"}},"type":"Polygon","coordinates":[[[705000.0,3164000.0],[706000.0,3164000.0],[706000.0,3165000.0],[705000.0,3165000.0],[705000.0,3164000.0]]]},"id":"705,3164","properties":{"bld_cover":0.202,"bld_height":1.7145857421875,"id":"309"}},{"type":"Feature","geometry":{"geodesic":false,"crs":{"type":"name","properties":{"name":"EPSG:32643"}},"type":"Polygon","coordinates":[[[706000.0,3164000.0],[707000.0,3164000.0],[707000.0,3165000.0],[706000.0,3165000.0],[706000.0,3164000.0]]]},"id":"706,3164","properties":{"bld_cover":0.1179,"bld_height":0.895421484375,"id":"310"}},{"type":"Feature","geometry":{"geodesic":false,"crs":{"type":"name","properties":{"name":"EPSG:32643"}},"type":"Polygon","coordinates":[[[707000.0,3164000.0],[708000.0,3164000.0],[708000.0,3165000.0],[707000.0,3165000.0],[707000.0,3164000.0]]]},"id":"707,3164","properties":{"bld_cover":0.1348,"bld_height":1.5336568359375,"id":"311"}},{"type":"Feature","geometry":{"geodesic":false,"crs":{"type":"name","properties":{"name":"EPSG:32643"}},"type":"Polygon","coordinates":[[[708000.0,3164000.0],[709000.0,3164000.0],[709000.0,3165000.0],[708000.0,3165000.0],[708000.0,3164000.0]]]},"id":"708,3164","properties":{"bld_cover":0.094,"bld_height":0.7390232421875,"id":"312"}},{"type":"Feature","geometry":{"geodesic":false,"crs":{"type":"name","properties":{"name":"EPSG:32643"}},"type":"Polygon","coordinates":[[[709000.0,3164000.0],[710000.0,3164000.0],[710000.0,3165000.0],[709000.0,3165000.0],[709000.0,3164000.0]]]},"id":"709,3164","properties":{"bld_cover":0.0587,"bld_height":0.6931849609375,"id":"313"}},{"type":"Feature","geometry":{"geodesic":false,"crs":{"type":"name","properties":{"name":"EPSG:32643"}},"type":"Polygon","coordinates":[[[710000.0,3164000.0],[711000.0,3164000.0],[711000.0,3165000.0],[710000.0,3165000.0],[710000.0,3164000.0]]]},"id":"710,3164","properties":{"bld_cover":0.0962,"bld_height":1.0418869140625,"id":"314"}},{"type":"Feature","geometry":{"geodesic":false,"crs":{"type":"name","properties":{"name":"EPSG:32643"}},"type":"Polygon","coordinates":[[[711000.0,3164000.0],[712000.0,3164000.0],[712000.0,3165000.0],[711000.0,3165000.0],[711000.0,3164000.0]]]},"id":"711,3164","properties":{"bld_cover":0.0596,"bld_height":0.6461736328125,"id":"315"}},{"type":"Feature","geometry":{"geodesic":false,"crs":{"type":"name","properties":{"name":"EPSG:32643"}},"type":"Polygon","coordinates":[[[712000.0,3164000.0],[713000.0,3164000.0],[713000.0,3165000.0],[712000.0,3165000.0],[712000.0,3164000.0]]]},"id":"712,3164","properties":{"bld_cover":0.1371,"bld_height":1.8592677734375,"id":"316"}},{"type":"Feature","geometry":{"geodesic":false,"crs":{"type":"name","properties":{"name":"EPSG:32643"}},"type":"Polygon","coordinates":[[[713000.0,3164000.0],[714000.0,3164000.0],[714000.0,3165000.0],[713000.0,3165000.0],[713000.0,3164000.0]]]},"id":"713,3164","properties":{"bld_cover":0.1452,"bld_height":1.3792111328125,"id":"317"}},{"type":"Feature","geometry":{"geodesic":false,"crs":{"type":"name","properties":{"name":"EPSG:32643"}},"type":"Polygon","coordinates":[[[714000.0,3164000.0],[715000.0,3164000.0],[715000.0,3165000.0],[714000.0,3165000.0],[714000.0,3164000.0]]]},"id":"714,3164","properties":{"bld_cover":0.07,"bld_height":0.6178583984375,"id":"318"}},{"type":"Feature","geometry":{"geodesic":false,"crs":{"type":"name","properties":{"name":"EPSG:32643"}},"type":"Polygon","coordinates":[[[715000.0,3164000.0],[716000.0,3164000.0],[716000.0,3165000.0],[715000.0,3165000.0],[715000.0,3164000.0]]]},"id":"715,3164","properties":{"bld_cover":0.0939,"bld_height":0.73981796875,"id":"319"}},{"type":"Feature","geometry":{"geodesic":false,"crs":{"type":"name","properties":{"name":"EPSG:32643"}},"type":"Polygon","coordinates":[[[716000.0,3164000.0],[717000.0,3164000.0],[717000.0,3165000.0],[716000.0,3165000.0],[716000.0,3164000.0]]]},"id":"716,3164","properties":{"bld_cover":0.1407,"bld_height":1.8263435546875,"id":"320"}},{"type":"Feature","geometry":{"geodesic":false,"crs":{"type":"name","properties":{"name":"EPSG:32643"}},"type":"Polygon","coordinates":[[[717000.0,3164000.0],[718000.0,3164000.0],[718000.0,3165000.0],[717000.0,3165000.0],[717000.0,3164000.0]]]},"id":"717,3164","properties":{"bld_cover":0.1577,"bld_height":2.22572265625,"id":"321"}},{"type":"Feature","geometry":{"geodesic":false,"crs":{"type":"name","properties":{"name":"EPSG:32643"}},"type":"Polygon","coordinates":[[[718000.0,3164000.0],[719000.0,3164000.0],[719000.0,3165000.0],[718000.0,3165000.0],[718000.0,3164000.0]]]},"id":"718,3164","properties":{"bld_cover":0.1583,"bld_height":3.4170509765625,"id":"322"}},{"type":"Feature","geometry":{"geodesic":false,"crs":{"type":"name","properties":{"name":"EPSG:32643"}},"type":"Polygon","coordinates":[[[719000.0,3164000.0],[720000.0,3164000.0],[720000.0,3165000.0],[719000.0,3165000.0],[719000.0,3164000.0]]]},"id":"719,3164","properties":{"bld_cover":0.153,"bld_height":2.5068474609375,"id":"323"}},{"type":"Feature","geometry":{"geodesic":false,"crs":{"type":"name","properties":{"name":"EPSG:32643"}},"type":"Polygon","coordinates":[[[720000.0,3164000.0],[721000.0,3164000.0],[721000.0,3165000.0],[720000.0,3165000.0],[720000.0,3164000.0]]]},"id":"720,3164","properties":{"bld_cover":0.1494,"bld_height":2.2698185546875,"id":"324"}},{"type":"Feature","geometry":{"geodesic":false,"crs":{"type":"name","properties":{"name":"EPSG:32643"}},"type":"Polygon","coordinates":[[[721000.0,3164000.0],[722000.0,3164000.0],[722000.0,3165000.0],[721000.0,3165000.0],[721000.0,3164000.0]]]},"id":"721,3164","properties":{"bld_cover":0.0667,"bld_height":0.3541662109375,"id":"325"}},{"type":"Feature","geometry":{"geodesic":false,"crs":{"type":"name","properties":{"name":"EPSG:32643"}},"type":"Polygon","coordinates":[[[722000.0,3164000.0],[723000.0,3164000.0],[723000.0,3165000.0],[722000.0,3165000.0],[722000.0,3164000.0]]]},"id":"722,3164","properties":{"bld_cover":0.0102,"bld_height":0.1869224609375,"id":"326"}},{"type":"Feature","geometry":{"geodesic":false,"crs":{"type":"name","properties":{"name":"EPSG:32643"}},"type":"Polygon","coordinates":[[[723000.0,3164000.0],[724000.0,3164000.0],[724000.0,3165000.0],[723000.0,3165000.0],[723000.0,3164000.0]]]},"id":"723,3164","properties":{"bld_cover":0.0051,"bld_height":0.037277734375,"id":"327"}},{"type":"Feature","geometry":{"geodesic":false,"crs":{"type":"name","properties":{"name":"EPSG:32643"}},"type":"Polygon","coordinates":[[[724000.0,3164000.0],[725000.0,3164000.0],[725000.0,3165000.0],[724000.0,3165000.0],[724000.0,3164000.0]]]},"id":"724,3164","properties":{"bld_cover":0.0248,"bld_height":0.3839109375,"id":"328"}},{"type":"Feature","geometry":{"geodesic":false,"crs":{"type":"name","properties":{"name":"EPSG:32643"}},"type":"Polygon","coordinates":[[[725000.0,3164000.0],[726000.0,3164000.0],[726000.0,3165000.0],[725000.0,3165000.0],[725000.0,3164000.0]]]},"id":"725,3164","properties":{"bld_cover":0.2969,"bld_height":4.429669140625,"id":"329"}},{"type":"Feature","geometry":{"geodesic":false,"crs":{"type":"name","properties":{"name":"EPSG:32643"}},"type":"Polygon","coordinates":[[[726000.0,3164000.0],[727000.0,3164000.0],[727000.0,3165000.0],[726000.0,3165000.0],[726000.0,3164000.0]]]},"id":"726,3164","properties":{"bld_cover":0.3561,"bld_height":4.56047109375,"id":"330"}},{"type":"Feature","geometry":{"geodesic":false,"crs":{"type":"name","properties":{"name":"EPSG:32643"}},"type":"Polygon","coordinates":[[[727000.0,3164000.0],[728000.0,3164000.0],[728000.0,3165000.0],[727000.0,3165000.0],[727000.0,3164000.0]]]},"id":"727,3164","properties":{"bld_cover":0.3412,"bld_height":3.648281640625,"id":"331"}},{"type":"Feature","geometry":{"geodesic":false,"crs":{"type":"name","properties":{"name":"EPSG:32643"}},"type":"Polygon","coordinates":[[[728000.0,3164000.0],[729000.0,3164000.0],[729000.0,3165000.0],[728000.0,3165000.0],[728000.0,3164000.0]]]},"id":"728,3164","properties":{"bld_cover":0.2571,"bld_height":3.20173984375,"id":"332"}},{"type":"Feature","geometry":{"geodesic":false,"crs":{"type":"name","properties":{"name":"EPSG:32643"}},"type":"Polygon","coordinates":[[[729000.0,3164000.0],[730000.0,3164000.0],[730000.0,3165000.0],[729000.0,3165000.0],[729000.0,3164000.0]]]},"id":"729,3164","properties":{"bld_cover":0.0751,"bld_height":1.3906552734375,"id":"333"}},{"type":"Feature","geometry":{"geodesic":false,"crs":{"type":"name","properties":{"name":"EPSG:32643"}},"type":"Polygon","coordinates":[[[700000.0,3165000.0],[701000.0,3165000.0],[701000.0,3166000.0],[700000.0,3166000.0],[700000.0,3165000.0]]]},"id":"700,3165","properties":{"bld_cover":0.0816,"bld_height":3.53779140625,"id":"334"}},{"type":"Feature","geometry":{"geodesic":false,"crs":{"type":"name","properties":{"name":"EPSG:32643"}},"type":"Polygon","coordinates":[[[701000.0,3165000.0],[702000.0,3165000.0],[702000.0,3166000.0],[701000.0,3166000.0],[701000.0,3165000.0]]]},"id":"701,3165","properties":{"bld_cover":0.2791,"bld_height":3.82183203125,"id":"335"}},{"type":"Feature","geometry":{"geodesic":false,"crs":{"type":"name","properties":{"name":"EPSG:32643"}},"type":"Polygon","coordinates":[[[702000.0,3165000.0],[703000.0,3165000.0],[703000.0,3166000.0],[702000.0,3166000.0],[702000.0,3165000.0]]]},"id":"702,3165","properties":{"bld_cover":0.3299,"bld_height":4.83962421875,"id":"336"}},{"type":"Feature","geometry":{"geodesic":false,"crs":{"type":"name","properties":{"name":"EPSG:32643"}},"type":"Polygon","coordinates":[[[703000.0,3165000.0],[704000.0,3165000.0],[704000.0,3166000.0],[703000.0,3166000.0],[703000.0,3165000.0]]]},"id":"703,3165","properties":{"bld_cover":0.5113,"bld_height":6.2183623046875,"id":"337"}},{"type":"Feature","geometry":{"geodesic":false,"crs":{"type":"name","properties":{"name":"EPSG:32643"}},"type":"Polygon","coordinates":[[[704000.0,3165000.0],[705000.0,3165000.0],[705000.0,3166000.0],[704000.0,3166000.0],[704000.0,3165000.0]]]},"id":"704,3165","properties":{"bld_cover":0.3421,"bld_height":4.336884765625,"id":"338"}},{"type":"Feature","geometry":{"geodesic":false,"crs":{"type":"name","properties":{"name":"EPSG:32643"}},"type":"Polygon","coordinates":[[[705000.0,3165000.0],[706000.0,3165000.0],[706000.0,3166000.0],[705000.0,3166000.0],[705000.0,3165000.0]]]},"id":"705,3165","properties":{"bld_cover":0.3252,"bld_height":4.2403923828125,"id":"339"}},{"type":"Feature","geometry":{"geodesic":false,"crs":{"type":"name","properties":{"name":"EPSG:32643"}},"type":"Polygon","coordinates":[[[706000.0,3165000.0],[707000.0,3165000.0],[707000.0,3166000.0],[706000.0,3166000.0],[706000.0,3165000.0]]]},"id":"706,3165","properties":{"bld_cover":0.078,"bld_height":0.71585546875,"id":"340"}},{"type":"Feature","geometry":{"geodesic":false,"crs":{"type":"name","properties":{"name":"EPSG:32643"}},"type":"Polygon","coordinates":[[[707000.0,3165000.0],[708000.0,3165000.0],[708000.0,3166000.0],[707000.0,3166000.0],[707000.0,3165000.0]]]},"id":"707,3165","properties":{"bld_cover":0.1341,"bld_height":1.4756908203125,"id":"341"}},{"type":"Feature","geometry":{"geodesic":false,"crs":{"type":"name","properties":{"name":"EPSG:32643"}},"type":"Polygon","coordinates":[[[708000.0,3165000.0],[709000.0,3165000.0],[709000.0,3166000.0],[708000.0,3166000.0],[708000.0,3165000.0]]]},"id":"708,3165","properties":{"bld_cover":0.0926,"bld_height":1.2036228515625,"id":"342"}},{"type":"Feature","geometry":{"geodesic":false,"crs":{"type":"name","properties":{"name":"EPSG:32643"}},"type":"Polygon","coordinates":[[[709000.0,3165000.0],[710000.0,3165000.0],[710000.0,3166000.0],[709000.0,3166000.0],[709000.0,3165000.0]]]},"id":"709,3165","properties":{"bld_cover":0.079,"bld_height":0.6939421875,"id":"343"}},{"type":"Feature","geometry":{"geodesic":false,"crs":{"type":"name","properties":{"name":"EPSG:32643"}},"type":"Polygon","coordinates":[[[710000.0,3165000.0],[711000.0,3165000.0],[711000.0,3166000.0],[710000.0,3166000.0],[710000.0,3165000.0]]]},"id":"710,3165","properties":{"bld_cover":0.084,"bld_height":0.6341712890625,"id":"344"}},{"type":"Feature","geometry":{"geodesic":false,"crs":{"type":"name","properties":{"name":"EPSG:32643"}},"type":"Polygon","coordinates":[[[711000.0,3165000.0],[712000.0,3165000.0],[712000.0,3166000.0],[711000.0,3166000.0],[711000.0,3165000.0]]]},"id":"711,3165","properties":{"bld_cover":0.053,"bld_height":0.44824375,"id":"345"}},{"type":"Feature","geometry":{"geodesic":false,"crs":{"type":"name","properties":{"name":"EPSG:32643"}},"type":"Polygon","coordinates":[[[712000.0,3165000.0],[713000.0,3165000.0],[713000.0,3166000.0],[712000.0,3166000.0],[712000.0,3165000.0]]]},"id":"712,3165","properties":{"bld_cover":0.0654,"bld_height":0.9853865234375,"id":"346"}},{"type":"Feature","geometry":{"geodesic":false,"crs":{"type":"name","properties":{"name":"EPSG:32643"}},"type":"Polygon","coordinates":[[[713000.0,3165000.0],[714000.0,3165000.0],[714000.0,3166000.0],[713000.0,3166000.0],[713000.0,3165000.0]]]},"id":"713,3165","properties":{"bld_cover":0.162,"bld_height":1.8557587890625,"id":"347"}},{"type":"Feature","geometry":{"geodesic":false,"crs":{"type":"name","properties":{"name":"EPSG:32643"}},"type":"Polygon","coordinates":[[[714000.0,3165000.0],[715000.0,3165000.0],[715000.0,3166000.0],[714000.0,3166000.0],[714000.0,3165000.0]]]},"id":"714,3165","properties":{"bld_cover":0.1293,"bld_height":1.6492474609375,"id":"348"}},{"type":"Feature","geometry":{"geodesic":false,"crs":{"type":"name","properties":{"name":"EPSG:32643"}},"type":"Polygon","coordinates":[[[715000.0,3165000.0],[716000.0,3165000.0],[716000.0,3166000.0],[715000.0,3166000.0],[715000.0,3165000.0]]]},"id":"715,3165","properties":{"bld_cover":0.1071,"bld_height":0.8124439453125,"id":"349"}},{"type":"Feature","geometry":{"geodesic":false,"crs":{"type":"name","properties":{"name":"EPSG:32643"}},"type":"Polygon","coordinates":[[[716000.0,3165000.0],[717000.0,3165000.0],[717000.0,3166000.0],[716000.0,3166000.0],[716000.0,3165000.0]]]},"id":"716,3165","properties":{"bld_cover":0.1264,"bld_height":1.100188671875,"id":"350"}},{"type":"Feature","geometry":{"geodesic":false,"crs":{"type":"name","properties":{"name":"EPSG:32643"}},"type":"Polygon","coordinates":[[[717000.0,3165000.0],[718000.0,3165000.0],[718000.0,3166000.0],[717000.0,3166000.0],[717000.0,3165000.0]]]},"id":"717,3165","properties":{"bld_cover":0.1242,"bld_height":1.4959533203125,"id":"351"}},{"type":"Feature","geometry":{"geodesic":false,"crs":{"type":"name","properties":{"name":"EPSG:32643"}},"type":"Polygon","coordinates":[[[718000.0,3165000.0],[719000.0,3165000.0],[719000.0,3166000.0],[718000.0,3166000.0],[718000.0,3165000.0]]]},"id":"718,3165","properties":{"bld_cover":0.0696,"bld_height":0.8515986328125,"id":"352"}},{"type":"Feature","geometry":{"geodesic":false,"crs":{"type":"name","properties":{"name":"EPSG:32643"}},"type":"Polygon","coordinates":[[[719000.0,3165000.0],[720000.0,3165000.0],[720000.0,3166000.0],[719000.0,3166000.0],[719000.0,3165000.0]]]},"id":"719,3165","properties":{"bld_cover":0.0738,"bld_height":0.880406640625,"id":"353"}},{"type":"Feature","geometry":{"geodesic":false,"crs":{"type":"name","properties":{"name":"EPSG:32643"}},"type":"Polygon","coordinates":[[[720000.0,3165000.0],[721000.0,3165000.0],[721000.0,3166000.0],[720000.0,3166000.0],[720000.0,3165000.0]]]},"id":"720,3165","properties":{"bld_cover":0.0287,"bld_height":0.2015623046875,"id":"354"}},{"type":"Feature","geometry":{"geodesic":false,"crs":{"type":"name","properties":{"name":"EPSG:32643"}},"type":"Polygon","coordinates":[[[721000.0,3165000.0],[722000.0,3165000.0],[722000.0,3166000.0],[721000.0,3166000.0],[721000.0,3165000.0]]]},"id":"721,3165","properties":{"bld_cover":0.0023,"bld_height":0.0075984375,"id":"355"}},{"type":"Feature","geometry":{"geodesic":false,"crs":{"type":"name","properties":{"name":"EPSG:32643"}},"type":"Polygon","coordinates":[[[722000.0,3165000.0],[723000.0,3165000.0],[723000.0,3166000.0],[722000.0,3166000.0],[722000.0,3165000.0]]]},"id":"722,3165","properties":{"bld_cover":0.0151,"bld_height":0.2657744140625,"id":"356"}},{"type":"Feature","geometry":{"geodesic":false,"crs":{"type":"name","properties":{"name":"EPSG:32643"}},"type":"Polygon","coordinates":[[[723000.0,3165000.0],[724000.0,3165000.0],[724000.0,3166000.0],[723000.0,3166000.0],[723000.0,3165000.0]]]},"id":"723,3165","properties":{"bld_cover":0.0224,"bld_height":0.142594921875,"id":"357"}},{"type":"Feature","geometry":{"geodesic":false,"crs":{"type":"name","properties":{"name":"EPSG:32643"}},"type":"Polygon","coordinates":[[[724000.0,3165000.0],[725000.0,3165000.0],[725000.0,3166000.0],[724000.0,3166000.0],[724000.0,3165000.0]]]},"id":"724,3165","properties":{"bld_cover":0.1484,"bld_height":2.6247671875,"id":"358"}},{"type":"Feature","geometry":{"geodesic":false,"crs":{"type":"name","properties":{"name":"EPSG:32643"}},"type":"Polygon","coordinates":[[[725000.0,3165000.0],[726000.0,3165000.0],[726000.0,3166000.0],[725000.0,3166000.0],[725000.0,3165000.0]]]},"id":"725,3165","properties":{"bld_cover":0.2544,"bld_height":3.50969609375,"id":"359"}},{"type":"Feature","geometry":{"geodesic":false,"crs":{"type":"name","properties":{"name":"EPSG:32643"}},"type":"Polygon","coordinates":[[[726000.0,3165000.0],[727000.0,3165000.0],[727000.0,3166000.0],[726000.0,3166000.0],[726000.0,3165000.0]]]},"id":"726,3165","properties":{"bld_cover":0.3253,"bld_height":4.474338671875,"id":"360"}},{"type":"Feature","geometry":{"geodesic":false,"crs":{"type":"name","properties":{"name":"EPSG:32643"}},"type":"Polygon","coordinates":[[[727000.0,3165000.0],[728000.0,3165000.0],[728000.0,3166000.0],[727000.0,3166000.0],[727000.0,3165000.0]]]},"id":"727,3165","properties":{"bld_cover":0.2813,"bld_height":3.1284177734375,"id":"361"}},{"type":"Feature","geometry":{"geodesic":false,"crs":{"type":"name","properties":{"name":"EPSG:32643"}},"type":"Polygon","coordinates":[[[728000.0,3165000.0],[729000.0,3165000.0],[729000.0,3166000.0],[728000.0,3166000.0],[728000.0,3165000.0]]]},"id":"728,3165","properties":{"bld_cover":0.3191,"bld_height":3.607147265625,"id":"362"}},{"type":"Feature","geometry":{"geodesic":false,"crs":{"type":"name","properties":{"name":"EPSG:32643"}},"type":"Polygon","coordinates":[[[729000.0,3165000.0],[730000.0,3165000.0],[730000.0,3166000.0],[729000.0,3166000.0],[729000.0,3165000.0]]]},"id":"729,3165","properties":{"bld_cover":0.2693,"bld_height":3.8621521484375,"id":"363"}},{"type":"Feature","geometry":{"geodesic":false,"crs":{"type":"name","properties":{"name":"EPSG:32643"}},"type":"Polygon","coordinates":[[[700000.0,3166000.0],[701000.0,3166000.0],[701000.0,3167000.0],[700000.0,3167000.0],[700000.0,3166000.0]]]},"id":"700,3166","properties":{"bld_cover":0.2934,"bld_height":5.4474884765625,"id":"364"}},{"type":"Feature","geometry":{"geodesic":false,"crs":{"type":"name","properties":{"name":"EPSG:32643"}},"type":"Polygon","coordinates":[[[701000.0,3166000.0],[702000.0,3166000.0],[702000.0,3167000.0],[701000.0,3167000.0],[701000.0,3166000.0]]]},"id":"701,3166","properties":{"bld_cover":0.5524,"bld_height":6.772212890625,"id":"365"}},{"type":"Feature","geometry":{"geodesic":false,"crs":{"type":"name","properties":{"name":"EPSG:32643"}},"type":"Polygon","coordinates":[[[702000.0,3166000.0],[703000.0,3166000.0],[703000.0,3167000.0],[702000.0,3167000.0],[702000.0,3166000.0]]]},"id":"702,3166","properties":{"bld_cover":0.4614,"bld_height":5.6457423828125,"id":"366"}},{"type":"Feature","geometry":{"geodesic":false,"crs":{"type":"name","properties":{"name":"EPSG:32643"}},"type":"Polygon","coordinates":[[[703000.0,3166000.0],[704000.0,3166000.0],[704000.0,3167000.0],[703000.0,3167000.0],[703000.0,3166000.0]]]},"id":"703,3166","properties":{"bld_cover":0.5044,"bld_height":5.8419556640625,"id":"367"}},{"type":"Feature","geometry":{"geodesic":false,"crs":{"type":"name","properties":{"name":"EPSG:32643"}},"type":"Polygon","coordinates":[[[704000.0,3166000.0],[705000.0,3166000.0],[705000.0,3167000.0],[704000.0,3167000.0],[704000.0,3166000.0]]]},"id":"704,3166","properties":{"bld_cover":0.4521,"bld_height":5.633283203125,"id":"368"}},{"type":"Feature","geometry":{"geodesic":false,"crs":{"type":"name","properties":{"name":"EPSG:32643"}},"type":"Polygon","coordinates":[[[705000.0,3166000.0],[706000.0,3166000.0],[706000.0,3167000.0],[705000.0,3167000.0],[705000.0,3166000.0]]]},"id":"705,3166","properties":{"bld_cover":0.3241,"bld_height":4.342571484375,"id":"369"}},{"type":"Feature","geometry":{"geodesic":false,"crs":{"type":"name","properties":{"name":"EPSG:32643"}},"type":"Polygon","coordinates":[[[706000.0,3166000.0],[707000.0,3166000.0],[707000.0,3167000.0],[706000.0,3167000.0],[706000.0,3166000.0]]]},"id":"706,3166","properties":{"bld_cover":0.2437,"bld_height":3.3078099609375,"id":"370"}},{"type":"Feature","geometry":{"geodesic":false,"crs":{"type":"name","properties":{"name":"EPSG:32643"}},"type":"Polygon","coordinates":[[[707000.0,3166000.0],[708000.0,3166000.0],[708000.0,3167000.0],[707000.0,3167000.0],[707000.0,3166000.0]]]},"id":"707,3166","properties":{"bld_cover":0.1307,"bld_height":1.008525390625,"id":"371"}},{"type":"Feature","geometry":{"geodesic":false,"crs":{"type":"name","properties":{"name":"EPSG:32643"}},"type":"Polygon","coordinates":[[[708000.0,3166000.0],[709000.0,3166000.0],[709000.0,3167000.0],[708000.0,3167000.0],[708000.0,3166000.0]]]},"id":"708,3166","properties":{"bld_cover":0.1333,"bld_height":1.13090390625,"id":"372"}},{"type":"Feature","geometry":{"geodesic":false,"crs":{"type":"name","properties":{"name":"EPSG:32643"}},"type":"Polygon","coordinates":[[[709000.0,3166000.0],[710000.0,3166000.0],[710000.0,3167000.0],[709000.0,3167000.0],[709000.0,3166000.0]]]},"id":"709,3166","properties":{"bld_cover":0.0808,"bld_height":0.861343359375,"id":"373"}},{"type":"Feature","geometry":{"geodesic":false,"crs":{"type":"name","properties":{"name":"EPSG:32643"}},"type":"Polygon","coordinates":[[[710000.0,3166000.0],[711000.0,3166000.0],[711000.0,3167000.0],[710000.0,3167000.0],[710000.0,3166000.0]]]},"id":"710,3166","properties":{"bld_cover":0.0144,"bld_height":0.1156908203125,"id":"374"}},{"type":"Feature","geometry":{"geodesic":false,"crs":{"type":"name","properties":{"name":"EPSG:32643"}},"type":"Polygon","coordinates":[[[711000.0,3166000.0],[712000.0,3166000.0],[712000.0,3167000.0],[711000.0,3167000.0],[711000.0,3166000.0]]]},"id":"711,3166","properties":{"bld_cover":0.0079,"bld_height":0.0361873046875,"id":"375"}},{"type":"Feature","geometry":{"geodesic":false,"crs":{"type":"name","properties":{"name":"EPSG:32643"}},"type":"Polygon","coordinates":[[[712000.0,3166000.0],[713000.0,3166000.0],[713000.0,3167000.0],[712000.0,3167000.0],[712000.0,3166000.0]]]},"id":"712,3166","properties":{"bld_cover":2.0E-4,"bld_height":0.0046375,"id":"376"}},{"type":"Feature","geometry":{"geodesic":false,"crs":{"type":"name","properties":{"name":"EPSG:32643"}},"type":"Polygon","coordinates":[[[713000.0,3166000.0],[714000.0,3166000.0],[714000.0,3167000.0],[713000.0,3167000.0],[713000.0,3166000.0]]]},"id":"713,3166","properties":{"bld_cover":0.0164,"bld_height":0.2435099609375,"id":"377"}},{"type":"Feature","geometry":{"geodesic":false,"crs":{"type":"name","properties":{"name":"EPSG:32643"}},"type":"Polygon","coordinates":[[[714000.0,3166000.0],[715000.0,3166000.0],[715000.0,3167000.0],[714000.0,3167000.0],[714000.0,3166000.0]]]},"id":"714,3166","properties":{"bld_cover":0.1035,"bld_height":0.9429583984375,"id":"378"}},{"type":"Feature","geometry":{"geodesic":false,"crs":{"type":"name","properties":{"name":"EPSG:32643"}},"type":"Polygon","coordinates":[[[715000.0,3166000.0],[716000.0,3166000.0],[716000.0,3167000.0],[715000.0,3167000.0],[715000.0,3166000.0]]]},"id":"715,3166","properties":{"bld_cover":0.1495,"bld_height":1.309183203125,"id":"379"}},{"type":"Feature","geometry":{"geodesic":false,"crs":{"type":"name","properties":{"name":"EPSG:32643"}},"type":"Polygon","coordinates":[[[716000.0,3166000.0],[717000.0,3166000.0],[717000.0,3167000.0],[716000.0,3167000.0],[716000.0,3166000.0]]]},"id":"716,3166","properties":{"bld_cover":0.1204,"bld_height":1.5431779296875,"id":"380"}},{"type":"Feature","geometry":{"geodesic":false,"crs":{"type":"name","properties":{"name":"EPSG:32643"}},"type":"Polygon","coordinates":[[[717000.0,3166000.0],[718000.0,3166000.0],[718000.0,3167000.0],[717000.0,3167000.0],[717000.0,3166000.0]]]},"id":"717,3166","properties":{"bld_cover":0.1447,"bld_height":2.00214375,"id":"381"}},{"type":"Feature","geometry":{"geodesic":false,"crs":{"type":"name","properties":{"name":"EPSG:32643"}},"type":"Polygon","coordinates":[[[718000.0,3166000.0],[719000.0,3166000.0],[719000.0,3167000.0],[718000.0,3167000.0],[718000.0,3166000.0]]]},"id":"718,3166","properties":{"bld_cover":0.1316,"bld_height":1.728642578125,"id":"382"}},{"type":"Feature","geometry":{"geodesic":false,"crs":{"type":"name","properties":{"name":"EPSG:32643"}},"type":"Polygon","coordinates":[[[719000.0,3166000.0],[720000.0,3166000.0],[720000.0,3167000.0],[719000.0,3167000.0],[719000.0,3166000.0]]]},"id":"719,3166","properties":{"bld_cover":0.0412,"bld_height":0.5373142578125,"id":"383"}},{"type":"Feature","geometry":{"geodesic":false,"crs":{"type":"name","properties":{"name":"EPSG:32643"}},"type":"Polygon","coordinates":[[[720000.0,3166000.0],[721000.0,3166000.0],[721000.0,3167000.0],[720000.0,3167000.0],[720000.0,3166000.0]]]},"id":"720,3166","properties":{"bld_cover":0.0197,"bld_height":0.080540234375,"id":"384"}},{"type":"Feature","geometry":{"geodesic":false,"crs":{"type":"name","properties":{"name":"EPSG:32643"}},"type":"Polygon","coordinates":[[[721000.0,3166000.0],[722000.0,3166000.0],[722000.0,3167000.0],[721000.0,3167000.0],[721000.0,3166000.0]]]},"id":"721,3166","properties":{"bld_cover":0.0029,"bld_height":0.0042947265625,"id":"385"}},{"type":"Feature","geometry":{"geodesic":false,"crs":{"type":"name","properties":{"name":"EPSG:32643"}},"type":"Polygon","coordinates":[[[722000.0,3166000.0],[723000.0,3166000.0],[723000.0,3167000.0],[722000.0,3167000.0],[722000.0,3166000.0]]]},"id":"722,3166","properties":{"bld_cover":0.0323,"bld_height":0.606108203125,"id":"386"}},{"type":"Feature","geometry":{"geodesic":false,"crs":{"type":"name","properties":{"name":"EPSG:32643"}},"type":"Polygon","coordinates":[[[723000.0,3166000.0],[724000.0,3166000.0],[724000.0,3167000.0],[723000.0,3167000.0],[723000.0,3166000.0]]]},"id":"723,3166","properties":{"bld_cover":0.0732,"bld_height":1.2260017578125,"id":"387"}},{"type":"Feature","geometry":{"geodesic":false,"crs":{"type":"name","properties":{"name":"EPSG:32643"}},"type":"Polygon","coordinates":[[[724000.0,3166000.0],[725000.0,3166000.0],[725000.0,3167000.0],[724000.0,3167000.0],[724000.0,3166000.0]]]},"id":"724,3166","properties":{"bld_cover":0.2527,"bld_height":3.8451912109375,"id":"388"}},{"type":"Feature","geometry":{"geodesic":false,"crs":{"type":"name","properties":{"name":"EPSG:32643"}},"type":"Polygon","coordinates":[[[725000.0,3166000.0],[726000.0,3166000.0],[726000.0,3167000.0],[725000.0,3167000.0],[725000.0,3166000.0]]]},"id":"725,3166","properties":{"bld_cover":0.2418,"bld_height":3.43727734375,"id":"389"}},{"type":"Feature","geometry":{"geodesic":false,"crs":{"type":"name","properties":{"name":"EPSG:32643"}},"type":"Polygon","coordinates":[[[726000.0,3166000.0],[727000.0,3166000.0],[727000.0,3167000.0],[726000.0,3167000.0],[726000.0,3166000.0]]]},"id":"726,3166","properties":{"bld_cover":0.2348,"bld_height":3.0547306640625,"id":"390"}},{"type":"Feature","geometry":{"geodesic":false,"crs":{"type":"name","properties":{"name":"EPSG:32643"}},"type":"Polygon","coordinates":[[[727000.0,3166000.0],[728000.0,3166000.0],[728000.0,3167000.0],[727000.0,3167000.0],[727000.0,3166000.0]]]},"id":"727,3166","properties":{"bld_cover":0.1409,"bld_height":2.0125056640625,"id":"391"}},{"type":"Feature","geometry":{"geodesic":false,"crs":{"type":"name","properties":{"name":"EPSG:32643"}},"type":"Polygon","coordinates":[[[728000.0,3166000.0],[729000.0,3166000.0],[729000.0,3167000.0],[728000.0,3167000.0],[728000.0,3166000.0]]]},"id":"728,3166","properties":{"bld_cover":0.1825,"bld_height":2.289375,"id":"392"}},{"type":"Feature","geometry":{"geodesic":false,"crs":{"type":"name","properties":{"name":"EPSG:32643"}},"type":"Polygon","coordinates":[[[729000.0,3166000.0],[730000.0,3166000.0],[730000.0,3167000.0],[729000.0,3167000.0],[729000.0,3166000.0]]]},"id":"729,3166","properties":{"bld_cover":0.217,"bld_height":3.1947388671875,"id":"393"}},{"type":"Feature","geometry":{"geodesic":false,"crs":{"type":"name","properties":{"name":"EPSG:32643"}},"type":"Polygon","coordinates":[[[700000.0,3167000.0],[701000.0,3167000.0],[701000.0,3168000.0],[700000.0,3168000.0],[700000.0,3167000.0]]]},"id":"700,3167","properties":{"bld_cover":0.3417,"bld_height":6.97565546875,"id":"394"}},{"type":"Feature","geometry":{"geodesic":false,"crs":{"type":"name","properties":{"name":"EPSG:32643"}},"type":"Polygon","coordinates":[[[701000.0,3167000.0],[702000.0,3167000.0],[702000.0,3168000.0],[701000.0,3168000.0],[701000.0,3167000.0]]]},"id":"701,3167","properties":{"bld_cover":0.6021,"bld_height":6.9328794921875,"id":"395"}},{"type":"Feature","geometry":{"geodesic":false,"crs":{"type":"name","properties":{"name":"EPSG:32643"}},"type":"Polygon","coordinates":[[[702000.0,3167000.0],[703000.0,3167000.0],[703000.0,3168000.0],[702000.0,3168000.0],[702000.0,3167000.0]]]},"id":"702,3167","properties":{"bld_cover":0.5101,"bld_height":5.953391015625,"id":"396"}},{"type":"Feature","geometry":{"geodesic":false,"crs":{"type":"name","properties":{"name":"EPSG:32643"}},"type":"Polygon","coordinates":[[[703000.0,3167000.0],[704000.0,3167000.0],[704000.0,3168000.0],[703000.0,3168000.0],[703000.0,3167000.0]]]},"id":"703,3167","properties":{"bld_cover":0.33,"bld_height":4.295412890625,"id":"397"}},{"type":"Feature","geometry":{"geodesic":false,"crs":{"type":"name","properties":{"name":"EPSG:32643"}},"type":"Polygon","coordinates":[[[704000.0,3167000.0],[705000.0,3167000.0],[705000.0,3168000.0],[704000.0,3168000.0],[704000.0,3167000.0]]]},"id":"704,3167","properties":{"bld_cover":0.2347,"bld_height":3.149734375,"id":"398"}},{"type":"Feature","geometry":{"geodesic":false,"crs":{"type":"name","properties":{"name":"EPSG:32643"}},"type":"Polygon","coordinates":[[[705000.0,3167000.0],[706000.0,3167000.0],[706000.0,3168000.0],[705000.0,3168000.0],[705000.0,3167000.0]]]},"id":"705,3167","properties":{"bld_cover":0.1656,"bld_height":1.535530859375,"id":"399"}},{"type":"Feature","geometry":{"geodesic":false,"crs":{"type":"name","properties":{"name":"EPSG:32643"}},"type":"Polygon","coordinates":[[[706000.0,3167000.0],[707000.0,3167000.0],[707000.0,3168000.0],[706000.0,3168000.0],[706000.0,3167000.0]]]},"id":"706,3167","properties":{"bld_cover":0.2427,"bld_height":3.1783595703125,"id":"400"}},{"type":"Feature","geometry":{"geodesic":false,"crs":{"type":"name","properties":{"name":"EPSG:32643"}},"type":"Polygon","coordinates":[[[707000.0,3167000.0],[708000.0,3167000.0],[708000.0,3168000.0],[707000.0,3168000.0],[707000.0,3167000.0]]]},"id":"707,3167","properties":{"bld_cover":0.2679,"bld_height":2.6646841796875,"id":"401"}},{"type":"Feature","geometry":{"geodesic":false,"crs":{"type":"name","properties":{"name":"EPSG:32643"}},"type":"Polygon","coordinates":[[[708000.0,3167000.0],[709000.0,3167000.0],[709000.0,3168000.0],[708000.0,3168000.0],[708000.0,3167000.0]]]},"id":"708,3167","properties":{"bld_cover":0.1597,"bld_height":1.5180291015625,"id":"402"}},{"type":"Feature","geometry":{"geodesic":false,"crs":{"type":"name","properties":{"name":"EPSG:32643"}},"type":"Polygon","coordinates":[[[709000.0,3167000.0],[710000.0,3167000.0],[710000.0,3168000.0],[709000.0,3168000.0],[709000.0,3167000.0]]]},"id":"709,3167","properties":{"bld_cover":0.1046,"bld_height":1.2990962890625,"id":"403"}},{"type":"Feature","geometry":{"geodesic":false,"crs":{"type":"name","properties":{"name":"EPSG:32643"}},"type":"Polygon","coordinates":[[[710000.0,3167000.0],[711000.0,3167000.0],[711000.0,3168000.0],[710000.0,3168000.0],[710000.0,3167000.0]]]},"id":"710,3167","properties":{"bld_cover":0.0179,"bld_height":0.1692603515625,"id":"404"}},{"type":"Feature","geometry":{"geodesic":false,"crs":{"type":"name","properties":{"name":"EPSG:32643"}},"type":"Polygon","coordinates":[[[711000.0,3167000.0],[712000.0,3167000.0],[712000.0,3168000.0],[711000.0,3168000.0],[711000.0,3167000.0]]]},"id":"711,3167","properties":{"bld_cover":0.0374,"bld_height":0.5659455078125,"id":"405"}},{"type":"Feature","geometry":{"geodesic":false,"crs":{"type":"name","properties":{"name":"EPSG:32643"}},"type":"Polygon","coordinates":[[[712000.0,3167000.0],[713000.0,3167000.0],[713000.0,3168000.0],[712000.0,3168000.0],[712000.0,3167000.0]]]},"id":"712,3167","properties":{"bld_cover":0.0095,"bld_height":0.0619205078125,"id":"406"}},{"type":"Feature","geometry":{"geodesic":false,"crs":{"type":"name","properties":{"name":"EPSG:32643"}},"type":"Polygon","coordinates":[[[713000.0,3167000.0],[714000.0,3167000.0],[714000.0,3168000.0],[713000.0,3168000.0],[713000.0,3167000.0]]]},"id":"713,3167","properties":{"bld_cover":7.0E-4,"bld_height":0.004605859375,"id":"407"}},{"type":"Feature","geometry":{"geodesic":false,"crs":{"type":"name","properties":{"name":"EPSG:32643"}},"type":"Polygon","coordinates":[[[714000.0,3167000.0],[715000.0,3167000.0],[715000.0,3168000.0],[714000.0,3168000.0],[714000.0,3167000.0]]]},"id":"714,3167","properties":{"bld_cover":0.0579,"bld_height":0.5002591796875,"id":"408"}},{"type":"Feature","geometry":{"geodesic":false,"crs":{"type":"name","properties":{"name":"EPSG:32643"}},"type":"Polygon","coordinates":[[[715000.0,3167000.0],[716000.0,3167000.0],[716000.0,3168000.0],[715000.0,3168000.0],[715000.0,3167000.0]]]},"id":"715,3167","properties":{"bld_cover":0.1417,"bld_height":2.682883203125,"id":"409"}},{"type":"Feature","geometry":{"geodesic":false,"crs":{"type":"name","properties":{"name":"EPSG:32643"}},"type":"Polygon","coordinates":[[[716000.0,3167000.0],[717000.0,3167000.0],[717000.0,3168000.0],[716000.0,3168000.0],[716000.0,3167000.0]]]},"id":"716,3167","properties":{"bld_cover":0.1349,"bld_height":2.6026234375,"id":"410"}},{"type":"Feature","geometry":{"geodesic":false,"crs":{"type":"name","properties":{"name":"EPSG:32643"}},"type":"Polygon","coordinates":[[[717000.0,3167000.0],[718000.0,3167000.0],[718000.0,3168000.0],[717000.0,3168000.0],[717000.0,3167000.0]]]},"id":"717,3167","properties":{"bld_cover":0.1039,"bld_height":1.894073046875,"id":"411"}},{"type":"Feature","geometry":{"geodesic":false,"crs":{"type":"name","properties":{"name":"EPSG:32643"}},"type":"Polygon","coordinates":[[[718000.0,3167000.0],[719000.0,3167000.0],[719000.0,3168000.0],[718000.0,3168000.0],[718000.0,3167000.0]]]},"id":"718,3167","properties":{"bld_cover":0.123,"bld_height":1.5932650390625,"id":"412"}},{"type":"Feature","geometry":{"geodesic":false,"crs":{"type":"name","properties":{"name":"EPSG:32643"}},"type":"Polygon","coordinates":[[[719000.0,3167000.0],[720000.0,3167000.0],[720000.0,3168000.0],[719000.0,3168000.0],[719000.0,3167000.0]]]},"id":"719,3167","properties":{"bld_cover":0.1021,"bld_height":2.86831640625,"id":"413"}},{"type":"Feature","geometry":{"geodesic":false,"crs":{"type":"name","properties":{"name":"EPSG:32643"}},"type":"Polygon","coordinates":[[[720000.0,3167000.0],[721000.0,3167000.0],[721000.0,3168000.0],[720000.0,3168000.0],[720000.0,3167000.0]]]},"id":"720,3167","properties":{"bld_cover":0.0314,"bld_height":0.784665234375,"id":"414"}},{"type":"Feature","geometry":{"geodesic":false,"crs":{"type":"name","properties":{"name":"EPSG:32643"}},"type":"Polygon","coordinates":[[[721000.0,3167000.0],[722000.0,3167000.0],[722000.0,3168000.0],[721000.0,3168000.0],[721000.0,3167000.0]]]},"id":"721,3167","properties":{"bld_cover":0.0017,"bld_height":0.0047404296875,"id":"415"}},{"type":"Feature","geometry":{"geodesic":false,"crs":{"type":"name","properties":{"name":"EPSG:32643"}},"type":"Polygon","coordinates":[[[722000.0,3167000.0],[723000.0,3167000.0],[723000.0,3168000.0],[722000.0,3168000.0],[722000.0,3167000.0]]]},"id":"722,3167","properties":{"bld_cover":0.1138,"bld_height":1.48178359375,"id":"416"}},{"type":"Feature","geometry":{"geodesic":false,"crs":{"type":"name","properties":{"name":"EPSG:32643"}},"type":"Polygon","coordinates":[[[723000.0,3167000.0],[724000.0,3167000.0],[724000.0,3168000.0],[723000.0,3168000.0],[723000.0,3167000.0]]]},"id":"723,3167","properties":{"bld_cover":0.2638,"bld_height":3.62280078125,"id":"417"}},{"type":"Feature","geometry":{"geodesic":false,"crs":{"type":"name","properties":{"name":"EPSG:32643"}},"type":"Polygon","coordinates":[[[724000.0,3167000.0],[725000.0,3167000.0],[725000.0,3168000.0],[724000.0,3168000.0],[724000.0,3167000.0]]]},"id":"724,3167","properties":{"bld_cover":0.1627,"bld_height":2.7686759765625,"id":"418"}},{"type":"Feature","geometry":{"geodesic":false,"crs":{"type":"name","properties":{"name":"EPSG:32643"}},"type":"Polygon","coordinates":[[[725000.0,3167000.0],[726000.0,3167000.0],[726000.0,3168000.0],[725000.0,3168000.0],[725000.0,3167000.0]]]},"id":"725,3167","properties":{"bld_cover":0.1212,"bld_height":2.0218578125,"id":"419"}},{"type":"Feature","geometry":{"geodesic":false,"crs":{"type":"name","properties":{"name":"EPSG:32643"}},"type":"Polygon","coordinates":[[[726000.0,3167000.0],[727000.0,3167000.0],[727000.0,3168000.0],[726000.0,3168000.0],[726000.0,3167000.0]]]},"id":"726,3167","properties":{"bld_cover":0.1808,"bld_height":2.7567142578125,"id":"420"}},{"type":"Feature","geometry":{"geodesic":false,"crs":{"type":"name","properties":{"name":"EPSG:32643"}},"type":"Polygon","coordinates":[[[727000.0,3167000.0],[728000.0,3167000.0],[728000.0,3168000.0],[727000.0,3168000.0],[727000.0,3167000.0]]]},"id":"727,3167","properties":{"bld_cover":0.2865,"bld_height":3.791712109375,"id":"421"}},{"type":"Feature","geometry":{"geodesic":false,"crs":{"type":"name","properties":{"name":"EPSG:32643"}},"type":"Polygon","coordinates":[[[728000.0,3167000.0],[729000.0,3167000.0],[729000.0,3168000.0],[728000.0,3168000.0],[728000.0,3167000.0]]]},"id":"728,3167","properties":{"bld_cover":0.2498,"bld_height":3.0630955078125,"id":"422"}},{"type":"Feature","geometry":{"geodesic":false,"crs":{"type":"name","properties":{"name":"EPSG:32643"}},"type":"Polygon","coordinates":[[[729000.0,3167000.0],[730000.0,3167000.0],[730000.0,3168000.0],[729000.0,3168000.0],[729000.0,3167000.0]]]},"id":"729,3167","properties":{"bld_cover":0.376,"bld_height":6.330358984375,"id":"423"}},{"type":"Feature","geometry":{"geodesic":false,"crs":{"type":"name","properties":{"name":"EPSG:32643"}},"type":"Polygon","coordinates":[[[700000.0,3168000.0],[701000.0,3168000.0],[701000.0,3169000.0],[700000.0,3169000.0],[700000.0,3168000.0]]]},"id":"700,3168","properties":{"bld_cover":0.3135,"bld_height":5.724233984375,"id":"424"}},{"type":"Feature","geometry":{"geodesic":false,"crs":{"type":"name","properties":{"name":"EPSG:32643"}},"type":"Polygon","coordinates":[[[701000.0,3168000.0],[702000.0,3168000.0],[702000.0,3169000.0],[701000.0,3169000.0],[701000.0,3168000.0]]]},"id":"701,3168","properties":{"bld_cover":0.2935,"bld_height":3.59429765625,"id":"425"}},{"type":"Feature","geometry":{"geodesic":false,"crs":{"type":"name","properties":{"name":"EPSG:32643"}},"type":"Polygon","coordinates":[[[702000.0,3168000.0],[703000.0,3168000.0],[703000.0,3169000.0],[702000.0,3169000.0],[702000.0,3168000.0]]]},"id":"702,3168","properties":{"bld_cover":0.2728,"bld_height":3.7305408203125,"id":"426"}},{"type":"Feature","geometry":{"geodesic":false,"crs":{"type":"name","properties":{"name":"EPSG:32643"}},"type":"Polygon","coordinates":[[[703000.0,3168000.0],[704000.0,3168000.0],[704000.0,3169000.0],[703000.0,3169000.0],[703000.0,3168000.0]]]},"id":"703,3168","properties":{"bld_cover":0.2352,"bld_height":3.9536806640625,"id":"427"}},{"type":"Feature","geometry":{"geodesic":false,"crs":{"type":"name","properties":{"name":"EPSG:32643"}},"type":"Polygon","coordinates":[[[704000.0,3168000.0],[705000.0,3168000.0],[705000.0,3169000.0],[704000.0,3169000.0],[704000.0,3168000.0]]]},"id":"704,3168","properties":{"bld_cover":0.2904,"bld_height":4.1373599609375,"id":"428"}},{"type":"Feature","geometry":{"geodesic":false,"crs":{"type":"name","properties":{"name":"EPSG:32643"}},"type":"Polygon","coordinates":[[[705000.0,3168000.0],[706000.0,3168000.0],[706000.0,3169000.0],[705000.0,3169000.0],[705000.0,3168000.0]]]},"id":"705,3168","properties":{"bld_cover":0.3711,"bld_height":4.566316796875,"id":"429"}},{"type":"Feature","geometry":{"geodesic":false,"crs":{"type":"name","properties":{"name":"EPSG:32643"}},"type":"Polygon","coordinates":[[[706000.0,3168000.0],[707000.0,3168000.0],[707000.0,3169000.0],[706000.0,3169000.0],[706000.0,3168000.0]]]},"id":"706,3168","properties":{"bld_cover":0.3243,"bld_height":3.9981310546875,"id":"430"}},{"type":"Feature","geometry":{"geodesic":false,"crs":{"type":"name","properties":{"name":"EPSG:32643"}},"type":"Polygon","coordinates":[[[707000.0,3168000.0],[708000.0,3168000.0],[708000.0,3169000.0],[707000.0,3169000.0],[707000.0,3168000.0]]]},"id":"707,3168","properties":{"bld_cover":0.3413,"bld_height":3.7993408203125,"id":"431"}},{"type":"Feature","geometry":{"geodesic":false,"crs":{"type":"name","properties":{"name":"EPSG:32643"}},"type":"Polygon","coordinates":[[[708000.0,3168000.0],[709000.0,3168000.0],[709000.0,3169000.0],[708000.0,3169000.0],[708000.0,3168000.0]]]},"id":"708,3168","properties":{"bld_cover":0.2315,"bld_height":2.76086875,"id":"432"}},{"type":"Feature","geometry":{"geodesic":false,"crs":{"type":"name","properties":{"name":"EPSG:32643"}},"type":"Polygon","coordinates":[[[709000.0,3168000.0],[710000.0,3168000.0],[710000.0,3169000.0],[709000.0,3169000.0],[709000.0,3168000.0]]]},"id":"709,3168","properties":{"bld_cover":0.2803,"bld_height":3.75964453125,"id":"433"}},{"type":"Feature","geometry":{"geodesic":false,"crs":{"type":"name","properties":{"name":"EPSG:32643"}},"type":"Polygon","coordinates":[[[710000.0,3168000.0],[711000.0,3168000.0],[711000.0,3169000.0],[710000.0,3169000.0],[710000.0,3168000.0]]]},"id":"710,3168","properties":{"bld_cover":0.1245,"bld_height":1.421150390625,"id":"434"}},{"type":"Feature","geometry":{"geodesic":false,"crs":{"type":"name","properties":{"name":"EPSG:32643"}},"type":"Polygon","coordinates":[[[711000.0,3168000.0],[712000.0,3168000.0],[712000.0,3169000.0],[711000.0,3169000.0],[711000.0,3168000.0]]]},"id":"711,3168","properties":{"bld_cover":0.0748,"bld_height":1.0325583984375,"id":"435"}},{"type":"Feature","geometry":{"geodesic":false,"crs":{"type":"name","properties":{"name":"EPSG:32643"}},"type":"Polygon","coordinates":[[[712000.0,3168000.0],[713000.0,3168000.0],[713000.0,3169000.0],[712000.0,3169000.0],[712000.0,3168000.0]]]},"id":"712,3168","properties":{"bld_cover":0.013,"bld_height":0.1400916015625,"id":"436"}},{"type":"Feature","geometry":{"geodesic":false,"crs":{"type":"name","properties":{"name":"EPSG:32643"}},"type":"Polygon","coordinates":[[[713000.0,3168000.0],[714000.0,3168000.0],[714000.0,3169000.0],[713000.0,3169000.0],[713000.0,3168000.0]]]},"id":"713,3168","properties":{"bld_cover":8.0E-4,"bld_height":0.0015908203125,"id":"437"}},{"type":"Feature","geometry":{"geodesic":false,"crs":{"type":"name","properties":{"name":"EPSG:32643"}},"type":"Polygon","coordinates":[[[714000.0,3168000.0],[715000.0,3168000.0],[715000.0,3169000.0],[714000.0,3169000.0],[714000.0,3168000.0]]]},"id":"714,3168","properties":{"bld_cover":0.0704,"bld_height":1.15358046875,"id":"438"}},{"type":"Feature","geometry":{"geodesic":false,"crs":{"type":"name","properties":{"name":"EPSG:32643"}},"type":"Polygon","coordinates":[[[715000.0,3168000.0],[716000.0,3168000.0],[716000.0,3169000.0],[715000.0,3169000.0],[715000.0,3168000.0]]]},"id":"715,3168","properties":{"bld_cover":0.1576,"bld_height":2.4761193359375,"id":"439"}},{"type":"Feature","geometry":{"geodesic":false,"crs":{"type":"name","properties":{"name":"EPSG:32643"}},"type":"Polygon","coordinates":[[[716000.0,3168000.0],[717000.0,3168000.0],[717000.0,3169000.0],[716000.0,3169000.0],[716000.0,3168000.0]]]},"id":"716,3168","properties":{"bld_cover":0.2001,"bld_height":4.1482263671875,"id":"440"}},{"type":"Feature","geometry":{"geodesic":false,"crs":{"type":"name","properties":{"name":"EPSG:32643"}},"type":"Polygon","coordinates":[[[717000.0,3168000.0],[718000.0,3168000.0],[718000.0,3169000.0],[717000.0,3169000.0],[717000.0,3168000.0]]]},"id":"717,3168","properties":{"bld_cover":0.181,"bld_height":4.1832935546875,"id":"441"}},{"type":"Feature","geometry":{"geodesic":false,"crs":{"type":"name","properties":{"name":"EPSG:32643"}},"type":"Polygon","coordinates":[[[718000.0,3168000.0],[719000.0,3168000.0],[719000.0,3169000.0],[718000.0,3169000.0],[718000.0,3168000.0]]]},"id":"718,3168","properties":{"bld_cover":0.1614,"bld_height":2.391074609375,"id":"442"}},{"type":"Feature","geometry":{"geodesic":false,"crs":{"type":"name","properties":{"name":"EPSG:32643"}},"type":"Polygon","coordinates":[[[719000.0,3168000.0],[720000.0,3168000.0],[720000.0,3169000.0],[719000.0,3169000.0],[719000.0,3168000.0]]]},"id":"719,3168","properties":{"bld_cover":0.1271,"bld_height":2.74140546875,"id":"443"}},{"type":"Feature","geometry":{"geodesic":false,"crs":{"type":"name","properties":{"name":"EPSG:32643"}},"type":"Polygon","coordinates":[[[720000.0,3168000.0],[721000.0,3168000.0],[721000.0,3169000.0],[720000.0,3169000.0],[720000.0,3168000.0]]]},"id":"720,3168","properties":{"bld_cover":0.0071,"bld_height":0.0850447265625,"id":"444"}},{"type":"Feature","geometry":{"geodesic":false,"crs":{"type":"name","properties":{"name":"EPSG:32643"}},"type":"Polygon","coordinates":[[[721000.0,3168000.0],[722000.0,3168000.0],[722000.0,3169000.0],[721000.0,3169000.0],[721000.0,3168000.0]]]},"id":"721,3168","properties":{"bld_cover":0.0447,"bld_height":0.4203869140625,"id":"445"}},{"type":"Feature","geometry":{"geodesic":false,"crs":{"type":"name","properties":{"name":"EPSG:32643"}},"type":"Polygon","coordinates":[[[722000.0,3168000.0],[723000.0,3168000.0],[723000.0,3169000.0],[722000.0,3169000.0],[722000.0,3168000.0]]]},"id":"722,3168","properties":{"bld_cover":0.1783,"bld_height":2.29573671875,"id":"446"}},{"type":"Feature","geometry":{"geodesic":false,"crs":{"type":"name","properties":{"name":"EPSG:32643"}},"type":"Polygon","coordinates":[[[723000.0,3168000.0],[724000.0,3168000.0],[724000.0,3169000.0],[723000.0,3169000.0],[723000.0,3168000.0]]]},"id":"723,3168","properties":{"bld_cover":0.3362,"bld_height":4.7809171875,"id":"447"}},{"type":"Feature","geometry":{"geodesic":false,"crs":{"type":"name","properties":{"name":"EPSG:32643"}},"type":"Polygon","coordinates":[[[724000.0,3168000.0],[725000.0,3168000.0],[725000.0,3169000.0],[724000.0,3169000.0],[724000.0,3168000.0]]]},"id":"724,3168","properties":{"bld_cover":0.3923,"bld_height":5.6756177734375,"id":"448"}},{"type":"Feature","geometry":{"geodesic":false,"crs":{"type":"name","properties":{"name":"EPSG:32643"}},"type":"Polygon","coordinates":[[[725000.0,3168000.0],[726000.0,3168000.0],[726000.0,3169000.0],[725000.0,3169000.0],[725000.0,3168000.0]]]},"id":"725,3168","properties":{"bld_cover":0.2365,"bld_height":3.664408203125,"id":"449"}},{"type":"Feature","geometry":{"geodesic":false,"crs":{"type":"name","properties":{"name":"EPSG:32643"}},"type":"Polygon","coordinates":[[[726000.0,3168000.0],[727000.0,3168000.0],[727000.0,3169000.0],[726000.0,3169000.0],[726000.0,3168000.0]]]},"id":"726,3168","properties":{"bld_cover":0.1856,"bld_height":2.4596697265625,"id":"450"}},{"type":"Feature","geometry":{"geodesic":false,"crs":{"type":"name","properties":{"name":"EPSG:32643"}},"type":"Polygon","coordinates":[[[727000.0,3168000.0],[728000.0,3168000.0],[728000.0,3169000.0],[727000.0,3169000.0],[727000.0,3168000.0]]]},"id":"727,3168","properties":{"bld_cover":0.17,"bld_height":1.8034685546875,"id":"451"}},{"type":"Feature","geometry":{"geodesic":false,"crs":{"type":"name","properties":{"name":"EPSG:32643"}},"type":"Polygon","coordinates":[[[728000.0,3168000.0],[729000.0,3168000.0],[729000.0,3169000.0],[728000.0,3169000.0],[728000.0,3168000.0]]]},"id":"728,3168","properties":{"bld_cover":0.1837,"bld_height":2.234855078125,"id":"452"}},{"type":"Feature","geometry":{"geodesic":false,"crs":{"type":"name","properties":{"name":"EPSG:32643"}},"type":"Polygon","coordinates":[[[729000.0,3168000.0],[730000.0,3168000.0],[730000.0,3169000.0],[729000.0,3169000.0],[729000.0,3168000.0]]]},"id":"729,3168","properties":{"bld_cover":0.3533,"bld_height":5.7660314453125,"id":"453"}},{"type":"Feature","geometry":{"geodesic":false,"crs":{"type":"name","properties":{"name":"EPSG:32643"}},"type":"Polygon","coordinates":[[[700000.0,3169000.0],[701000.0,3169000.0],[701000.0,3170000.0],[700000.0,3170000.0],[700000.0,3169000.0]]]},"id":"700,3169","properties":{"bld_cover":0.2032,"bld_height":3.7536814453125,"id":"454"}},{"type":"Feature","geometry":{"geodesic":false,"crs":{"type":"name","properties":{"name":"EPSG:32643"}},"type":"Polygon","coordinates":[[[701000.0,3169000.0],[702000.0,3169000.0],[702000.0,3170000.0],[701000.0,3170000.0],[701000.0,3169000.0]]]},"id":"701,3169","properties":{"bld_cover":0.1869,"bld_height":2.5261494140625,"id":"455"}},{"type":"Feature","geometry":{"geodesic":false,"crs":{"type":"name","properties":{"name":"EPSG:32643"}},"type":"Polygon","coordinates":[[[702000.0,3169000.0],[703000.0,3169000.0],[703000.0,3170000.0],[702000.0,3170000.0],[702000.0,3169000.0]]]},"id":"702,3169","properties":{"bld_cover":0.2951,"bld_height":3.95563203125,"id":"456"}},{"type":"Feature","geometry":{"geodesic":false,"crs":{"type":"name","properties":{"name":"EPSG:32643"}},"type":"Polygon","coordinates":[[[703000.0,3169000.0],[704000.0,3169000.0],[704000.0,3170000.0],[703000.0,3170000.0],[703000.0,3169000.0]]]},"id":"703,3169","properties":{"bld_cover":0.3919,"bld_height":4.86331328125,"id":"457"}},{"type":"Feature","geometry":{"geodesic":false,"crs":{"type":"name","properties":{"name":"EPSG:32643"}},"type":"Polygon","coordinates":[[[704000.0,3169000.0],[705000.0,3169000.0],[705000.0,3170000.0],[704000.0,3170000.0],[704000.0,3169000.0]]]},"id":"704,3169","properties":{"bld_cover":0.3601,"bld_height":4.69043515625,"id":"458"}},{"type":"Feature","geometry":{"geodesic":false,"crs":{"type":"name","properties":{"name":"EPSG:32643"}},"type":"Polygon","coordinates":[[[705000.0,3169000.0],[706000.0,3169000.0],[706000.0,3170000.0],[705000.0,3170000.0],[705000.0,3169000.0]]]},"id":"705,3169","properties":{"bld_cover":0.3742,"bld_height":5.1208712890625,"id":"459"}},{"type":"Feature","geometry":{"geodesic":false,"crs":{"type":"name","properties":{"name":"EPSG:32643"}},"type":"Polygon","coordinates":[[[706000.0,3169000.0],[707000.0,3169000.0],[707000.0,3170000.0],[706000.0,3170000.0],[706000.0,3169000.0]]]},"id":"706,3169","properties":{"bld_cover":0.2916,"bld_height":3.8835720703125,"id":"460"}},{"type":"Feature","geometry":{"geodesic":false,"crs":{"type":"name","properties":{"name":"EPSG:32643"}},"type":"Polygon","coordinates":[[[707000.0,3169000.0],[708000.0,3169000.0],[708000.0,3170000.0],[707000.0,3170000.0],[707000.0,3169000.0]]]},"id":"707,3169","properties":{"bld_cover":0.2813,"bld_height":3.8285970703125,"id":"461"}},{"type":"Feature","geometry":{"geodesic":false,"crs":{"type":"name","properties":{"name":"EPSG:32643"}},"type":"Polygon","coordinates":[[[708000.0,3169000.0],[709000.0,3169000.0],[709000.0,3170000.0],[708000.0,3170000.0],[708000.0,3169000.0]]]},"id":"708,3169","properties":{"bld_cover":0.3055,"bld_height":3.5816146484375,"id":"462"}},{"type":"Feature","geometry":{"geodesic":false,"crs":{"type":"name","properties":{"name":"EPSG:32643"}},"type":"Polygon","coordinates":[[[709000.0,3169000.0],[710000.0,3169000.0],[710000.0,3170000.0],[709000.0,3170000.0],[709000.0,3169000.0]]]},"id":"709,3169","properties":{"bld_cover":0.2416,"bld_height":3.40766953125,"id":"463"}},{"type":"Feature","geometry":{"geodesic":false,"crs":{"type":"name","properties":{"name":"EPSG:32643"}},"type":"Polygon","coordinates":[[[710000.0,3169000.0],[711000.0,3169000.0],[711000.0,3170000.0],[710000.0,3170000.0],[710000.0,3169000.0]]]},"id":"710,3169","properties":{"bld_cover":0.0499,"bld_height":0.43403203125,"id":"464"}},{"type":"Feature","geometry":{"geodesic":false,"crs":{"type":"name","properties":{"name":"EPSG:32643"}},"type":"Polygon","coordinates":[[[711000.0,3169000.0],[712000.0,3169000.0],[712000.0,3170000.0],[711000.0,3170000.0],[711000.0,3169000.0]]]},"id":"711,3169","properties":{"bld_cover":0.1045,"bld_height":1.066861328125,"id":"465"}},{"type":"Feature","geometry":{"geodesic":false,"crs":{"type":"name","properties":{"name":"EPSG:32643"}},"type":"Polygon","coordinates":[[[712000.0,3169000.0],[713000.0,3169000.0],[713000.0,3170000.0],[712000.0,3170000.0],[712000.0,3169000.0]]]},"id":"712,3169","properties":{"bld_cover":0.155,"bld_height":2.0729001953125,"id":"466"}},{"type":"Feature","geometry":{"geodesic":false,"crs":{"type":"name","properties":{"name":"EPSG:32643"}},"type":"Polygon","coordinates":[[[713000.0,3169000.0],[714000.0,3169000.0],[714000.0,3170000.0],[713000.0,3170000.0],[713000.0,3169000.0]]]},"id":"713,3169","properties":{"bld_cover":0.2167,"bld_height":3.13984375,"id":"467"}},{"type":"Feature","geometry":{"geodesic":false,"crs":{"type":"name","properties":{"name":"EPSG:32643"}},"type":"Polygon","coordinates":[[[714000.0,3169000.0],[715000.0,3169000.0],[715000.0,3170000.0],[714000.0,3170000.0],[714000.0,3169000.0]]]},"id":"714,3169","properties":{"bld_cover":0.0264,"bld_height":0.5030421875,"id":"468"}},{"type":"Feature","geometry":{"geodesic":false,"crs":{"type":"name","properties":{"name":"EPSG:32643"}},"type":"Polygon","coordinates":[[[715000.0,3169000.0],[716000.0,3169000.0],[716000.0,3170000.0],[715000.0,3170000.0],[715000.0,3169000.0]]]},"id":"715,3169","properties":{"bld_cover":0.1867,"bld_height":2.6139748046875,"id":"469"}},{"type":"Feature","geometry":{"geodesic":false,"crs":{"type":"name","properties":{"name":"EPSG:32643"}},"type":"Polygon","coordinates":[[[716000.0,3169000.0],[717000.0,3169000.0],[717000.0,3170000.0],[716000.0,3170000.0],[716000.0,3169000.0]]]},"id":"716,3169","properties":{"bld_cover":0.2202,"bld_height":3.3278466796875,"id":"470"}},{"type":"Feature","geometry":{"geodesic":false,"crs":{"type":"name","properties":{"name":"EPSG:32643"}},"type":"Polygon","coordinates":[[[717000.0,3169000.0],[718000.0,3169000.0],[718000.0,3170000.0],[717000.0,3170000.0],[717000.0,3169000.0]]]},"id":"717,3169","properties":{"bld_cover":0.1767,"bld_height":4.07896640625,"id":"471"}},{"type":"Feature","geometry":{"geodesic":false,"crs":{"type":"name","properties":{"name":"EPSG:32643"}},"type":"Polygon","coordinates":[[[718000.0,3169000.0],[719000.0,3169000.0],[719000.0,3170000.0],[718000.0,3170000.0],[718000.0,3169000.0]]]},"id":"718,3169","properties":{"bld_cover":0.1975,"bld_height":3.1990451171875,"id":"472"}},{"type":"Feature","geometry":{"geodesic":false,"crs":{"type":"name","properties":{"name":"EPSG:32643"}},"type":"Polygon","coordinates":[[[719000.0,3169000.0],[720000.0,3169000.0],[720000.0,3170000.0],[719000.0,3170000.0],[719000.0,3169000.0]]]},"id":"719,3169","properties":{"bld_cover":0.1132,"bld_height":1.9986203125,"id":"473"}},{"type":"Feature","geometry":{"geodesic":false,"crs":{"type":"name","properties":{"name":"EPSG:32643"}},"type":"Polygon","coordinates":[[[720000.0,3169000.0],[721000.0,3169000.0],[721000.0,3170000.0],[720000.0,3170000.0],[720000.0,3169000.0]]]},"id":"720,3169","properties":{"bld_cover":0.0623,"bld_height":1.1084015625,"id":"474"}},{"type":"Feature","geometry":{"geodesic":false,"crs":{"type":"name","properties":{"name":"EPSG:32643"}},"type":"Polygon","coordinates":[[[721000.0,3169000.0],[722000.0,3169000.0],[722000.0,3170000.0],[721000.0,3170000.0],[721000.0,3169000.0]]]},"id":"721,3169","properties":{"bld_cover":0.0199,"bld_height":0.130427734375,"id":"475"}},{"type":"Feature","geometry":{"geodesic":false,"crs":{"type":"name","properties":{"name":"EPSG:32643"}},"type":"Polygon","coordinates":[[[722000.0,3169000.0],[723000.0,3169000.0],[723000.0,3170000.0],[722000.0,3170000.0],[722000.0,3169000.0]]]},"id":"722,3169","properties":{"bld_cover":0.5261,"bld_height":7.3065537109375,"id":"476"}},{"type":"Feature","geometry":{"geodesic":false,"crs":{"type":"name","properties":{"name":"EPSG:32643"}},"type":"Polygon","coordinates":[[[723000.0,3169000.0],[724000.0,3169000.0],[724000.0,3170000.0],[723000.0,3170000.0],[723000.0,3169000.0]]]},"id":"723,3169","properties":{"bld_cover":0.4065,"bld_height":5.6685162109375,"id":"477"}},{"type":"Feature","geometry":{"geodesic":false,"crs":{"type":"name","properties":{"name":"EPSG:32643"}},"type":"Polygon","coordinates":[[[724000.0,3169000.0],[725000.0,3169000.0],[725000.0,3170000.0],[724000.0,3170000.0],[724000.0,3169000.0]]]},"id":"724,3169","properties":{"bld_cover":0.338,"bld_height":4.5336978515625,"id":"478"}},{"type":"Feature","geometry":{"geodesic":false,"crs":{"type":"name","properties":{"name":"EPSG:32643"}},"type":"Polygon","coordinates":[[[725000.0,3169000.0],[726000.0,3169000.0],[726000.0,3170000.0],[725000.0,3170000.0],[725000.0,3169000.0]]]},"id":"725,3169","properties":{"bld_cover":0.2555,"bld_height":4.4535876953125,"id":"479"}},{"type":"Feature","geometry":{"geodesic":false,"crs":{"type":"name","properties":{"name":"EPSG:32643"}},"type":"Polygon","coordinates":[[[726000.0,3169000.0],[727000.0,3169000.0],[727000.0,3170000.0],[726000.0,3170000.0],[726000.0,3169000.0]]]},"id":"726,3169","properties":{"bld_cover":0.2206,"bld_height":2.6381166015625,"id":"480"}},{"type":"Feature","geometry":{"geodesic":false,"crs":{"type":"name","properties":{"name":"EPSG:32643"}},"type":"Polygon","coordinates":[[[727000.0,3169000.0],[728000.0,3169000.0],[728000.0,3170000.0],[727000.0,3170000.0],[727000.0,3169000.0]]]},"id":"727,3169","properties":{"bld_cover":0.1692,"bld_height":2.39075078125,"id":"481"}},{"type":"Feature","geometry":{"geodesic":false,"crs":{"type":"name","properties":{"name":"EPSG:32643"}},"type":"Polygon","coordinates":[[[728000.0,3169000.0],[729000.0,3169000.0],[729000.0,3170000.0],[728000.0,3170000.0],[728000.0,3169000.0]]]},"id":"728,3169","properties":{"bld_cover":0.1981,"bld_height":3.04272890625,"id":"482"}},{"type":"Feature","geometry":{"geodesic":false,"crs":{"type":"name","properties":{"name":"EPSG:32643"}},"type":"Polygon","coordinates":[[[729000.0,3169000.0],[730000.0,3169000.0],[730000.0,3170000.0],[729000.0,3170000.0],[729000.0,3169000.0]]]},"id":"729,3169","properties":{"bld_cover":0.2038,"bld_height":4.2081451171875,"id":"483"}},{"type":"Feature","geometry":{"geodesic":false,"crs":{"type":"name","properties":{"name":"EPSG:32643"}},"type":"Polygon","coordinates":[[[700000.0,3170000.0],[701000.0,3170000.0],[701000.0,3171000.0],[700000.0,3171000.0],[700000.0,3170000.0]]]},"id":"700,3170","properties":{"bld_cover":0.1975,"bld_height":3.4944318359375,"id":"484"}},{"type":"Feature","geometry":{"geodesic":false,"crs":{"type":"name","properties":{"name":"EPSG:32643"}},"type":"Polygon","coordinates":[[[701000.0,3170000.0],[702000.0,3170000.0],[702000.0,3171000.0],[701000.0,3171000.0],[701000.0,3170000.0]]]},"id":"701,3170","properties":{"bld_cover":0.2643,"bld_height":2.53634453125,"id":"485"}},{"type":"Feature","geometry":{"geodesic":false,"crs":{"type":"name","properties":{"name":"EPSG:32643"}},"type":"Polygon","coordinates":[[[702000.0,3170000.0],[703000.0,3170000.0],[703000.0,3171000.0],[702000.0,3171000.0],[702000.0,3170000.0]]]},"id":"702,3170","properties":{"bld_cover":0.2108,"bld_height":2.979473828125,"id":"486"}},{"type":"Feature","geometry":{"geodesic":false,"crs":{"type":"name","properties":{"name":"EPSG:32643"}},"type":"Polygon","coordinates":[[[703000.0,3170000.0],[704000.0,3170000.0],[704000.0,3171000.0],[703000.0,3171000.0],[703000.0,3170000.0]]]},"id":"703,3170","properties":{"bld_cover":0.2752,"bld_height":3.361681640625,"id":"487"}},{"type":"Feature","geometry":{"geodesic":false,"crs":{"type":"name","properties":{"name":"EPSG:32643"}},"type":"Polygon","coordinates":[[[704000.0,3170000.0],[705000.0,3170000.0],[705000.0,3171000.0],[704000.0,3171000.0],[704000.0,3170000.0]]]},"id":"704,3170","properties":{"bld_cover":0.3984,"bld_height":4.9927306640625,"id":"488"}},{"type":"Feature","geometry":{"geodesic":false,"crs":{"type":"name","properties":{"name":"EPSG:32643"}},"type":"Polygon","coordinates":[[[705000.0,3170000.0],[706000.0,3170000.0],[706000.0,3171000.0],[705000.0,3171000.0],[705000.0,3170000.0]]]},"id":"705,3170","properties":{"bld_cover":0.4687,"bld_height":6.086470703125,"id":"489"}},{"type":"Feature","geometry":{"geodesic":false,"crs":{"type":"name","properties":{"name":"EPSG:32643"}},"type":"Polygon","coordinates":[[[706000.0,3170000.0],[707000.0,3170000.0],[707000.0,3171000.0],[706000.0,3171000.0],[706000.0,3170000.0]]]},"id":"706,3170","properties":{"bld_cover":0.2976,"bld_height":4.1402923828125,"id":"490"}},{"type":"Feature","geometry":{"geodesic":false,"crs":{"type":"name","properties":{"name":"EPSG:32643"}},"type":"Polygon","coordinates":[[[707000.0,3170000.0],[708000.0,3170000.0],[708000.0,3171000.0],[707000.0,3171000.0],[707000.0,3170000.0]]]},"id":"707,3170","properties":{"bld_cover":0.3711,"bld_height":4.94518515625,"id":"491"}},{"type":"Feature","geometry":{"geodesic":false,"crs":{"type":"name","properties":{"name":"EPSG:32643"}},"type":"Polygon","coordinates":[[[708000.0,3170000.0],[709000.0,3170000.0],[709000.0,3171000.0],[708000.0,3171000.0],[708000.0,3170000.0]]]},"id":"708,3170","properties":{"bld_cover":0.3633,"bld_height":5.017385546875,"id":"492"}},{"type":"Feature","geometry":{"geodesic":false,"crs":{"type":"name","properties":{"name":"EPSG:32643"}},"type":"Polygon","coordinates":[[[709000.0,3170000.0],[710000.0,3170000.0],[710000.0,3171000.0],[709000.0,3171000.0],[709000.0,3170000.0]]]},"id":"709,3170","properties":{"bld_cover":0.2413,"bld_height":3.0361224609375,"id":"493"}},{"type":"Feature","geometry":{"geodesic":false,"crs":{"type":"name","properties":{"name":"EPSG:32643"}},"type":"Polygon","coordinates":[[[710000.0,3170000.0],[711000.0,3170000.0],[711000.0,3171000.0],[710000.0,3171000.0],[710000.0,3170000.0]]]},"id":"710,3170","properties":{"bld_cover":0.0325,"bld_height":0.407896484375,"id":"494"}},{"type":"Feature","geometry":{"geodesic":false,"crs":{"type":"name","properties":{"name":"EPSG:32643"}},"type":"Polygon","coordinates":[[[711000.0,3170000.0],[712000.0,3170000.0],[712000.0,3171000.0],[711000.0,3171000.0],[711000.0,3170000.0]]]},"id":"711,3170","properties":{"bld_cover":0.2486,"bld_height":3.329324609375,"id":"495"}},{"type":"Feature","geometry":{"geodesic":false,"crs":{"type":"name","properties":{"name":"EPSG:32643"}},"type":"Polygon","coordinates":[[[712000.0,3170000.0],[713000.0,3170000.0],[713000.0,3171000.0],[712000.0,3171000.0],[712000.0,3170000.0]]]},"id":"712,3170","properties":{"bld_cover":0.2951,"bld_height":4.408105078125,"id":"496"}},{"type":"Feature","geometry":{"geodesic":false,"crs":{"type":"name","properties":{"name":"EPSG:32643"}},"type":"Polygon","coordinates":[[[713000.0,3170000.0],[714000.0,3170000.0],[714000.0,3171000.0],[713000.0,3171000.0],[713000.0,3170000.0]]]},"id":"713,3170","properties":{"bld_cover":0.3686,"bld_height":5.264116796875,"id":"497"}},{"type":"Feature","geometry":{"geodesic":false,"crs":{"type":"name","properties":{"name":"EPSG:32643"}},"type":"Polygon","coordinates":[[[714000.0,3170000.0],[715000.0,3170000.0],[715000.0,3171000.0],[714000.0,3171000.0],[714000.0,3170000.0]]]},"id":"714,3170","properties":{"bld_cover":0.1936,"bld_height":2.81565859375,"id":"498"}},{"type":"Feature","geometry":{"geodesic":false,"crs":{"type":"name","properties":{"name":"EPSG:32643"}},"type":"Polygon","coordinates":[[[715000.0,3170000.0],[716000.0,3170000.0],[716000.0,3171000.0],[715000.0,3171000.0],[715000.0,3170000.0]]]},"id":"715,3170","properties":{"bld_cover":0.2031,"bld_height":2.934647265625,"id":"499"}},{"type":"Feature","geometry":{"geodesic":false,"crs":{"type":"name","properties":{"name":"EPSG:32643"}},"type":"Polygon","coordinates":[[[716000.0,3170000.0],[717000.0,3170000.0],[717000.0,3171000.0],[716000.0,3171000.0],[716000.0,3170000.0]]]},"id":"716,3170","properties":{"bld_cover":0.308,"bld_height":5.5136189453125,"id":"500"}},{"type":"Feature","geometry":{"geodesic":false,"crs":{"type":"name","properties":{"name":"EPSG:32643"}},"type":"Polygon","coordinates":[[[717000.0,3170000.0],[718000.0,3170000.0],[718000.0,3171000.0],[717000.0,3171000.0],[717000.0,3170000.0]]]},"id":"717,3170","properties":{"bld_cover":0.2244,"bld_height":3.9357513671875,"id":"501"}},{"type":"Feature","geometry":{"geodesic":false,"crs":{"type":"name","properties":{"name":"EPSG:32643"}},"type":"Polygon","coordinates":[[[718000.0,3170000.0],[719000.0,3170000.0],[719000.0,3171000.0],[718000.0,3171000.0],[718000.0,3170000.0]]]},"id":"718,3170","properties":{"bld_cover":0.3149,"bld_height":5.9292443359375,"id":"502"}},{"type":"Feature","geometry":{"geodesic":false,"crs":{"type":"name","properties":{"name":"EPSG:32643"}},"type":"Polygon","coordinates":[[[719000.0,3170000.0],[720000.0,3170000.0],[720000.0,3171000.0],[719000.0,3171000.0],[719000.0,3170000.0]]]},"id":"719,3170","properties":{"bld_cover":0.1588,"bld_height":2.157308984375,"id":"503"}},{"type":"Feature","geometry":{"geodesic":false,"crs":{"type":"name","properties":{"name":"EPSG:32643"}},"type":"Polygon","coordinates":[[[720000.0,3170000.0],[721000.0,3170000.0],[721000.0,3171000.0],[720000.0,3171000.0],[720000.0,3170000.0]]]},"id":"720,3170","properties":{"bld_cover":0.0187,"bld_height":0.124134765625,"id":"504"}},{"type":"Feature","geometry":{"geodesic":false,"crs":{"type":"name","properties":{"name":"EPSG:32643"}},"type":"Polygon","coordinates":[[[721000.0,3170000.0],[722000.0,3170000.0],[722000.0,3171000.0],[721000.0,3171000.0],[721000.0,3170000.0]]]},"id":"721,3170","properties":{"bld_cover":0.0174,"bld_height":0.118153125,"id":"505"}},{"type":"Feature","geometry":{"geodesic":false,"crs":{"type":"name","properties":{"name":"EPSG:32643"}},"type":"Polygon","coordinates":[[[722000.0,3170000.0],[723000.0,3170000.0],[723000.0,3171000.0],[722000.0,3171000.0],[722000.0,3170000.0]]]},"id":"722,3170","properties":{"bld_cover":0.4384,"bld_height":6.394859375,"id":"506"}},{"type":"Feature","geometry":{"geodesic":false,"crs":{"type":"name","properties":{"name":"EPSG:32643"}},"type":"Polygon","coordinates":[[[723000.0,3170000.0],[724000.0,3170000.0],[724000.0,3171000.0],[723000.0,3171000.0],[723000.0,3170000.0]]]},"id":"723,3170","properties":{"bld_cover":0.3866,"bld_height":5.842466015625,"id":"507"}},{"type":"Feature","geometry":{"geodesic":false,"crs":{"type":"name","properties":{"name":"EPSG:32643"}},"type":"Polygon","coordinates":[[[724000.0,3170000.0],[725000.0,3170000.0],[725000.0,3171000.0],[724000.0,3171000.0],[724000.0,3170000.0]]]},"id":"724,3170","properties":{"bld_cover":0.2883,"bld_height":4.0911525390625,"id":"508"}},{"type":"Feature","geometry":{"geodesic":false,"crs":{"type":"name","properties":{"name":"EPSG:32643"}},"type":"Polygon","coordinates":[[[725000.0,3170000.0],[726000.0,3170000.0],[726000.0,3171000.0],[725000.0,3171000.0],[725000.0,3170000.0]]]},"id":"725,3170","properties":{"bld_cover":0.1802,"bld_height":2.2385181640625,"id":"509"}},{"type":"Feature","geometry":{"geodesic":false,"crs":{"type":"name","properties":{"name":"EPSG:32643"}},"type":"Polygon","coordinates":[[[726000.0,3170000.0],[727000.0,3170000.0],[727000.0,3171000.0],[726000.0,3171000.0],[726000.0,3170000.0]]]},"id":"726,3170","properties":{"bld_cover":0.1938,"bld_height":3.3362947265625,"id":"510"}},{"type":"Feature","geometry":{"geodesic":false,"crs":{"type":"name","properties":{"name":"EPSG:32643"}},"type":"Polygon","coordinates":[[[727000.0,3170000.0],[728000.0,3170000.0],[728000.0,3171000.0],[727000.0,3171000.0],[727000.0,3170000.0]]]},"id":"727,3170","properties":{"bld_cover":0.1664,"bld_height":2.9680888671875,"id":"511"}},{"type":"Feature","geometry":{"geodesic":false,"crs":{"type":"name","properties":{"name":"EPSG:32643"}},"type":"Polygon","coordinates":[[[728000.0,3170000.0],[729000.0,3170000.0],[729000.0,3171000.0],[728000.0,3171000.0],[728000.0,3170000.0]]]},"id":"728,3170","properties":{"bld_cover":0.2893,"bld_height":6.2276505859375,"id":"512"}},{"type":"Feature","geometry":{"geodesic":false,"crs":{"type":"name","properties":{"name":"EPSG:32643"}},"type":"Polygon","coordinates":[[[729000.0,3170000.0],[730000.0,3170000.0],[730000.0,3171000.0],[729000.0,3171000.0],[729000.0,3170000.0]]]},"id":"729,3170","properties":{"bld_cover":0.1664,"bld_height":4.1252720703125,"id":"513"}},{"type":"Feature","geometry":{"geodesic":false,"crs":{"type":"name","properties":{"name":"EPSG:32643"}},"type":"Polygon","coordinates":[[[700000.0,3171000.0],[701000.0,3171000.0],[701000.0,3172000.0],[700000.0,3172000.0],[700000.0,3171000.0]]]},"id":"700,3171","properties":{"bld_cover":0.0928,"bld_height":1.0046826171875,"id":"514"}},{"type":"Feature","geometry":{"geodesic":false,"crs":{"type":"name","properties":{"name":"EPSG:32643"}},"type":"Polygon","coordinates":[[[701000.0,3171000.0],[702000.0,3171000.0],[702000.0,3172000.0],[701000.0,3172000.0],[701000.0,3171000.0]]]},"id":"701,3171","properties":{"bld_cover":0.3898,"bld_height":3.4011064453125,"id":"515"}},{"type":"Feature","geometry":{"geodesic":false,"crs":{"type":"name","properties":{"name":"EPSG:32643"}},"type":"Polygon","coordinates":[[[702000.0,3171000.0],[703000.0,3171000.0],[703000.0,3172000.0],[702000.0,3172000.0],[702000.0,3171000.0]]]},"id":"702,3171","properties":{"bld_cover":0.1991,"bld_height":2.032955078125,"id":"516"}},{"type":"Feature","geometry":{"geodesic":false,"crs":{"type":"name","properties":{"name":"EPSG:32643"}},"type":"Polygon","coordinates":[[[703000.0,3171000.0],[704000.0,3171000.0],[704000.0,3172000.0],[703000.0,3172000.0],[703000.0,3171000.0]]]},"id":"703,3171","properties":{"bld_cover":0.0619,"bld_height":0.7202142578125,"id":"517"}},{"type":"Feature","geometry":{"geodesic":false,"crs":{"type":"name","properties":{"name":"EPSG:32643"}},"type":"Polygon","coordinates":[[[704000.0,3171000.0],[705000.0,3171000.0],[705000.0,3172000.0],[704000.0,3172000.0],[704000.0,3171000.0]]]},"id":"704,3171","properties":{"bld_cover":0.2977,"bld_height":3.7349939453125,"id":"518"}},{"type":"Feature","geometry":{"geodesic":false,"crs":{"type":"name","properties":{"name":"EPSG:32643"}},"type":"Polygon","coordinates":[[[705000.0,3171000.0],[706000.0,3171000.0],[706000.0,3172000.0],[705000.0,3172000.0],[705000.0,3171000.0]]]},"id":"705,3171","properties":{"bld_cover":0.4926,"bld_height":6.480365625,"id":"519"}},{"type":"Feature","geometry":{"geodesic":false,"crs":{"type":"name","properties":{"name":"EPSG:32643"}},"type":"Polygon","coordinates":[[[706000.0,3171000.0],[707000.0,3171000.0],[707000.0,3172000.0],[706000.0,3172000.0],[706000.0,3171000.0]]]},"id":"706,3171","properties":{"bld_cover":0.284,"bld_height":4.5809412109375,"id":"520"}},{"type":"Feature","geometry":{"geodesic":false,"crs":{"type":"name","properties":{"name":"EPSG:32643"}},"type":"Polygon","coordinates":[[[707000.0,3171000.0],[708000.0,3171000.0],[708000.0,3172000.0],[707000.0,3172000.0],[707000.0,3171000.0]]]},"id":"707,3171","properties":{"bld_cover":0.2493,"bld_height":3.4564759765625,"id":"521"}},{"type":"Feature","geometry":{"geodesic":false,"crs":{"type":"name","properties":{"name":"EPSG:32643"}},"type":"Polygon","coordinates":[[[708000.0,3171000.0],[709000.0,3171000.0],[709000.0,3172000.0],[708000.0,3172000.0],[708000.0,3171000.0]]]},"id":"708,3171","properties":{"bld_cover":0.3653,"bld_height":5.286186328125,"id":"522"}},{"type":"Feature","geometry":{"geodesic":false,"crs":{"type":"name","properties":{"name":"EPSG:32643"}},"type":"Polygon","coordinates":[[[709000.0,3171000.0],[710000.0,3171000.0],[710000.0,3172000.0],[709000.0,3172000.0],[709000.0,3171000.0]]]},"id":"709,3171","properties":{"bld_cover":0.3708,"bld_height":4.8568513671875,"id":"523"}},{"type":"Feature","geometry":{"geodesic":false,"crs":{"type":"name","properties":{"name":"EPSG:32643"}},"type":"Polygon","coordinates":[[[710000.0,3171000.0],[711000.0,3171000.0],[711000.0,3172000.0],[710000.0,3172000.0],[710000.0,3171000.0]]]},"id":"710,3171","properties":{"bld_cover":0.2153,"bld_height":3.15165625,"id":"524"}},{"type":"Feature","geometry":{"geodesic":false,"crs":{"type":"name","properties":{"name":"EPSG:32643"}},"type":"Polygon","coordinates":[[[711000.0,3171000.0],[712000.0,3171000.0],[712000.0,3172000.0],[711000.0,3172000.0],[711000.0,3171000.0]]]},"id":"711,3171","properties":{"bld_cover":0.3862,"bld_height":5.779073828125,"id":"525"}},{"type":"Feature","geometry":{"geodesic":false,"crs":{"type":"name","properties":{"name":"EPSG:32643"}},"type":"Polygon","coordinates":[[[712000.0,3171000.0],[713000.0,3171000.0],[713000.0,3172000.0],[712000.0,3172000.0],[712000.0,3171000.0]]]},"id":"712,3171","properties":{"bld_cover":0.1105,"bld_height":1.421729296875,"id":"526"}},{"type":"Feature","geometry":{"geodesic":false,"crs":{"type":"name","properties":{"name":"EPSG:32643"}},"type":"Polygon","coordinates":[[[713000.0,3171000.0],[714000.0,3171000.0],[714000.0,3172000.0],[713000.0,3172000.0],[713000.0,3171000.0]]]},"id":"713,3171","properties":{"bld_cover":0.4087,"bld_height":6.076222265625,"id":"527"}},{"type":"Feature","geometry":{"geodesic":false,"crs":{"type":"name","properties":{"name":"EPSG:32643"}},"type":"Polygon","coordinates":[[[714000.0,3171000.0],[715000.0,3171000.0],[715000.0,3172000.0],[714000.0,3172000.0],[714000.0,3171000.0]]]},"id":"714,3171","properties":{"bld_cover":0.3615,"bld_height":4.4486560546875,"id":"528"}},{"type":"Feature","geometry":{"geodesic":false,"crs":{"type":"name","properties":{"name":"EPSG:32643"}},"type":"Polygon","coordinates":[[[715000.0,3171000.0],[716000.0,3171000.0],[716000.0,3172000.0],[715000.0,3172000.0],[715000.0,3171000.0]]]},"id":"715,3171","properties":{"bld_cover":0.2933,"bld_height":4.1162205078125,"id":"529"}},{"type":"Feature","geometry":{"geodesic":false,"crs":{"type":"name","properties":{"name":"EPSG:32643"}},"type":"Polygon","coordinates":[[[716000.0,3171000.0],[717000.0,3171000.0],[717000.0,3172000.0],[716000.0,3172000.0],[716000.0,3171000.0]]]},"id":"716,3171","properties":{"bld_cover":0.3076,"bld_height":4.6297767578125,"id":"530"}},{"type":"Feature","geometry":{"geodesic":false,"crs":{"type":"name","properties":{"name":"EPSG:32643"}},"type":"Polygon","coordinates":[[[717000.0,3171000.0],[718000.0,3171000.0],[718000.0,3172000.0],[717000.0,3172000.0],[717000.0,3171000.0]]]},"id":"717,3171","properties":{"bld_cover":0.4127,"bld_height":6.056471875,"id":"531"}},{"type":"Feature","geometry":{"geodesic":false,"crs":{"type":"name","properties":{"name":"EPSG:32643"}},"type":"Polygon","coordinates":[[[718000.0,3171000.0],[719000.0,3171000.0],[719000.0,3172000.0],[718000.0,3172000.0],[718000.0,3171000.0]]]},"id":"718,3171","properties":{"bld_cover":0.2485,"bld_height":3.5384921875,"id":"532"}},{"type":"Feature","geometry":{"geodesic":false,"crs":{"type":"name","properties":{"name":"EPSG:32643"}},"type":"Polygon","coordinates":[[[719000.0,3171000.0],[720000.0,3171000.0],[720000.0,3172000.0],[719000.0,3172000.0],[719000.0,3171000.0]]]},"id":"719,3171","properties":{"bld_cover":0.0647,"bld_height":0.7153353515625,"id":"533"}},{"type":"Feature","geometry":{"geodesic":false,"crs":{"type":"name","properties":{"name":"EPSG:32643"}},"type":"Polygon","coordinates":[[[720000.0,3171000.0],[721000.0,3171000.0],[721000.0,3172000.0],[720000.0,3172000.0],[720000.0,3171000.0]]]},"id":"720,3171","properties":{"bld_cover":0.0036,"bld_height":0.0036140625,"id":"534"}},{"type":"Feature","geometry":{"geodesic":false,"crs":{"type":"name","properties":{"name":"EPSG:32643"}},"type":"Polygon","coordinates":[[[721000.0,3171000.0],[722000.0,3171000.0],[722000.0,3172000.0],[721000.0,3172000.0],[721000.0,3171000.0]]]},"id":"721,3171","properties":{"bld_cover":0.0836,"bld_height":1.23863359375,"id":"535"}},{"type":"Feature","geometry":{"geodesic":false,"crs":{"type":"name","properties":{"name":"EPSG:32643"}},"type":"Polygon","coordinates":[[[722000.0,3171000.0],[723000.0,3171000.0],[723000.0,3172000.0],[722000.0,3172000.0],[722000.0,3171000.0]]]},"id":"722,3171","properties":{"bld_cover":0.4083,"bld_height":6.0282259765625,"id":"536"}},{"type":"Feature","geometry":{"geodesic":false,"crs":{"type":"name","properties":{"name":"EPSG:32643"}},"type":"Polygon","coordinates":[[[723000.0,3171000.0],[724000.0,3171000.0],[724000.0,3172000.0],[723000.0,3172000.0],[723000.0,3171000.0]]]},"id":"723,3171","properties":{"bld_cover":0.5616,"bld_height":8.019879296875,"id":"537"}},{"type":"Feature","geometry":{"geodesic":false,"crs":{"type":"name","properties":{"name":"EPSG:32643"}},"type":"Polygon","coordinates":[[[724000.0,3171000.0],[725000.0,3171000.0],[725000.0,3172000.0],[724000.0,3172000.0],[724000.0,3171000.0]]]},"id":"724,3171","properties":{"bld_cover":0.2943,"bld_height":4.225304296875,"id":"538"}},{"type":"Feature","geometry":{"geodesic":false,"crs":{"type":"name","properties":{"name":"EPSG:32643"}},"type":"Polygon","coordinates":[[[725000.0,3171000.0],[726000.0,3171000.0],[726000.0,3172000.0],[725000.0,3172000.0],[725000.0,3171000.0]]]},"id":"725,3171","properties":{"bld_cover":0.266,"bld_height":4.032103515625,"id":"539"}},{"type":"Feature","geometry":{"geodesic":false,"crs":{"type":"name","properties":{"name":"EPSG:32643"}},"type":"Polygon","coordinates":[[[726000.0,3171000.0],[727000.0,3171000.0],[727000.0,3172000.0],[726000.0,3172000.0],[726000.0,3171000.0]]]},"id":"726,3171","properties":{"bld_cover":0.2324,"bld_height":2.520973046875,"id":"540"}},{"type":"Feature","geometry":{"geodesic":false,"crs":{"type":"name","properties":{"name":"EPSG:32643"}},"type":"Polygon","coordinates":[[[727000.0,3171000.0],[728000.0,3171000.0],[728000.0,3172000.0],[727000.0,3172000.0],[727000.0,3171000.0]]]},"id":"727,3171","properties":{"bld_cover":0.3567,"bld_height":4.866891015625,"id":"541"}},{"type":"Feature","geometry":{"geodesic":false,"crs":{"type":"name","properties":{"name":"EPSG:32643"}},"type":"Polygon","coordinates":[[[728000.0,3171000.0],[729000.0,3171000.0],[729000.0,3172000.0],[728000.0,3172000.0],[728000.0,3171000.0]]]},"id":"728,3171","properties":{"bld_cover":0.1372,"bld_height":2.5825357421875,"id":"542"}},{"type":"Feature","geometry":{"geodesic":false,"crs":{"type":"name","properties":{"name":"EPSG:32643"}},"type":"Polygon","coordinates":[[[729000.0,3171000.0],[730000.0,3171000.0],[730000.0,3172000.0],[729000.0,3172000.0],[729000.0,3171000.0]]]},"id":"729,3171","properties":{"bld_cover":0.1305,"bld_height":4.7509740234375,"id":"543"}},{"type":"Feature","geometry":{"geodesic":false,"crs":{"type":"name","properties":{"name":"EPSG:32643"}},"type":"Polygon","coordinates":[[[700000.0,3172000.0],[701000.0,3172000.0],[701000.0,3173000.0],[700000.0,3173000.0],[700000.0,3172000.0]]]},"id":"700,3172","properties":{"bld_cover":0.2559,"bld_height":3.605516796875,"id":"544"}},{"type":"Feature","geometry":{"geodesic":false,"crs":{"type":"name","properties":{"name":"EPSG:32643"}},"type":"Polygon","coordinates":[[[701000.0,3172000.0],[702000.0,3172000.0],[702000.0,3173000.0],[701000.0,3173000.0],[701000.0,3172000.0]]]},"id":"701,3172","properties":{"bld_cover":0.4812,"bld_height":4.5981708984375,"id":"545"}},{"type":"Feature","geometry":{"geodesic":false,"crs":{"type":"name","properties":{"name":"EPSG:32643"}},"type":"Polygon","coordinates":[[[702000.0,3172000.0],[703000.0,3172000.0],[703000.0,3173000.0],[702000.0,3173000.0],[702000.0,3172000.0]]]},"id":"702,3172","properties":{"bld_cover":0.2767,"bld_height":3.3753275390625,"id":"546"}},{"type":"Feature","geometry":{"geodesic":false,"crs":{"type":"name","properties":{"name":"EPSG:32643"}},"type":"Polygon","coordinates":[[[703000.0,3172000.0],[704000.0,3172000.0],[704000.0,3173000.0],[703000.0,3173000.0],[703000.0,3172000.0]]]},"id":"703,3172","properties":{"bld_cover":0.2022,"bld_height":2.922309375,"id":"547"}},{"type":"Feature","geometry":{"geodesic":false,"crs":{"type":"name","properties":{"name":"EPSG:32643"}},"type":"Polygon","coordinates":[[[704000.0,3172000.0],[705000.0,3172000.0],[705000.0,3173000.0],[704000.0,3173000.0],[704000.0,3172000.0]]]},"id":"704,3172","properties":{"bld_cover":0.2604,"bld_height":3.5968427734375,"id":"548"}},{"type":"Feature","geometry":{"geodesic":false,"crs":{"type":"name","properties":{"name":"EPSG:32643"}},"type":"Polygon","coordinates":[[[705000.0,3172000.0],[706000.0,3172000.0],[706000.0,3173000.0],[705000.0,3173000.0],[705000.0,3172000.0]]]},"id":"705,3172","properties":{"bld_cover":0.2541,"bld_height":3.1864931640625,"id":"549"}},{"type":"Feature","geometry":{"geodesic":false,"crs":{"type":"name","properties":{"name":"EPSG:32643"}},"type":"Polygon","coordinates":[[[706000.0,3172000.0],[707000.0,3172000.0],[707000.0,3173000.0],[706000.0,3173000.0],[706000.0,3172000.0]]]},"id":"706,3172","properties":{"bld_cover":0.187,"bld_height":3.0075349609375,"id":"550"}},{"type":"Feature","geometry":{"geodesic":false,"crs":{"type":"name","properties":{"name":"EPSG:32643"}},"type":"Polygon","coordinates":[[[707000.0,3172000.0],[708000.0,3172000.0],[708000.0,3173000.0],[707000.0,3173000.0],[707000.0,3172000.0]]]},"id":"707,3172","properties":{"bld_cover":0.2803,"bld_height":3.4283744140625,"id":"551"}},{"type":"Feature","geometry":{"geodesic":false,"crs":{"type":"name","properties":{"name":"EPSG:32643"}},"type":"Polygon","coordinates":[[[708000.0,3172000.0],[709000.0,3172000.0],[709000.0,3173000.0],[708000.0,3173000.0],[708000.0,3172000.0]]]},"id":"708,3172","properties":{"bld_cover":0.2416,"bld_height":3.0156447265625,"id":"552"}},{"type":"Feature","geometry":{"geodesic":false,"crs":{"type":"name","properties":{"name":"EPSG:32643"}},"type":"Polygon","coordinates":[[[709000.0,3172000.0],[710000.0,3172000.0],[710000.0,3173000.0],[709000.0,3173000.0],[709000.0,3172000.0]]]},"id":"709,3172","properties":{"bld_cover":0.2833,"bld_height":3.9637142578125,"id":"553"}},{"type":"Feature","geometry":{"geodesic":false,"crs":{"type":"name","properties":{"name":"EPSG:32643"}},"type":"Polygon","coordinates":[[[710000.0,3172000.0],[711000.0,3172000.0],[711000.0,3173000.0],[710000.0,3173000.0],[710000.0,3172000.0]]]},"id":"710,3172","properties":{"bld_cover":0.2115,"bld_height":4.952156640625,"id":"554"}},{"type":"Feature","geometry":{"geodesic":false,"crs":{"type":"name","properties":{"name":"EPSG:32643"}},"type":"Polygon","coordinates":[[[711000.0,3172000.0],[712000.0,3172000.0],[712000.0,3173000.0],[711000.0,3173000.0],[711000.0,3172000.0]]]},"id":"711,3172","properties":{"bld_cover":0.25,"bld_height":3.827442578125,"id":"555"}},{"type":"Feature","geometry":{"geodesic":false,"crs":{"type":"name","properties":{"name":"EPSG:32643"}},"type":"Polygon","coordinates":[[[712000.0,3172000.0],[713000.0,3172000.0],[713000.0,3173000.0],[712000.0,3173000.0],[712000.0,3172000.0]]]},"id":"712,3172","properties":{"bld_cover":0.454,"bld_height":4.20037734375,"id":"556"}},{"type":"Feature","geometry":{"geodesic":false,"crs":{"type":"name","properties":{"name":"EPSG:32643"}},"type":"Polygon","coordinates":[[[713000.0,3172000.0],[714000.0,3172000.0],[714000.0,3173000.0],[713000.0,3173000.0],[713000.0,3172000.0]]]},"id":"713,3172","properties":{"bld_cover":0.241,"bld_height":3.251319921875,"id":"557"}},{"type":"Feature","geometry":{"geodesic":false,"crs":{"type":"name","properties":{"name":"EPSG:32643"}},"type":"Polygon","coordinates":[[[714000.0,3172000.0],[715000.0,3172000.0],[715000.0,3173000.0],[714000.0,3173000.0],[714000.0,3172000.0]]]},"id":"714,3172","properties":{"bld_cover":0.2546,"bld_height":5.6366626953125,"id":"558"}},{"type":"Feature","geometry":{"geodesic":false,"crs":{"type":"name","properties":{"name":"EPSG:32643"}},"type":"Polygon","coordinates":[[[715000.0,3172000.0],[716000.0,3172000.0],[716000.0,3173000.0],[715000.0,3173000.0],[715000.0,3172000.0]]]},"id":"715,3172","properties":{"bld_cover":0.3333,"bld_height":4.7443361328125,"id":"559"}},{"type":"Feature","geometry":{"geodesic":false,"crs":{"type":"name","properties":{"name":"EPSG:32643"}},"type":"Polygon","coordinates":[[[716000.0,3172000.0],[717000.0,3172000.0],[717000.0,3173000.0],[716000.0,3173000.0],[716000.0,3172000.0]]]},"id":"716,3172","properties":{"bld_cover":0.3656,"bld_height":4.64786171875,"id":"560"}},{"type":"Feature","geometry":{"geodesic":false,"crs":{"type":"name","properties":{"name":"EPSG:32643"}},"type":"Polygon","coordinates":[[[717000.0,3172000.0],[718000.0,3172000.0],[718000.0,3173000.0],[717000.0,3173000.0],[717000.0,3172000.0]]]},"id":"717,3172","properties":{"bld_cover":0.2932,"bld_height":3.742467578125,"id":"561"}},{"type":"Feature","geometry":{"geodesic":false,"crs":{"type":"name","properties":{"name":"EPSG:32643"}},"type":"Polygon","coordinates":[[[718000.0,3172000.0],[719000.0,3172000.0],[719000.0,3173000.0],[718000.0,3173000.0],[718000.0,3172000.0]]]},"id":"718,3172","properties":{"bld_cover":0.1845,"bld_height":2.0542439453125,"id":"562"}},{"type":"Feature","geometry":{"geodesic":false,"crs":{"type":"name","properties":{"name":"EPSG:32643"}},"type":"Polygon","coordinates":[[[719000.0,3172000.0],[720000.0,3172000.0],[720000.0,3173000.0],[719000.0,3173000.0],[719000.0,3172000.0]]]},"id":"719,3172","properties":{"bld_cover":0.0233,"bld_height":0.2820966796875,"id":"563"}},{"type":"Feature","geometry":{"geodesic":false,"crs":{"type":"name","properties":{"name":"EPSG:32643"}},"type":"Polygon","coordinates":[[[720000.0,3172000.0],[721000.0,3172000.0],[721000.0,3173000.0],[720000.0,3173000.0],[720000.0,3172000.0]]]},"id":"720,3172","properties":{"bld_cover":0.1098,"bld_height":1.40076875,"id":"564"}},{"type":"Feature","geometry":{"geodesic":false,"crs":{"type":"name","properties":{"name":"EPSG:32643"}},"type":"Polygon","coordinates":[[[721000.0,3172000.0],[722000.0,3172000.0],[722000.0,3173000.0],[721000.0,3173000.0],[721000.0,3172000.0]]]},"id":"721,3172","properties":{"bld_cover":0.5201,"bld_height":6.8083685546875,"id":"565"}},{"type":"Feature","geometry":{"geodesic":false,"crs":{"type":"name","properties":{"name":"EPSG:32643"}},"type":"Polygon","coordinates":[[[722000.0,3172000.0],[723000.0,3172000.0],[723000.0,3173000.0],[722000.0,3173000.0],[722000.0,3172000.0]]]},"id":"722,3172","properties":{"bld_cover":0.5044,"bld_height":6.2331876953125,"id":"566"}},{"type":"Feature","geometry":{"geodesic":false,"crs":{"type":"name","properties":{"name":"EPSG:32643"}},"type":"Polygon","coordinates":[[[723000.0,3172000.0],[724000.0,3172000.0],[724000.0,3173000.0],[723000.0,3173000.0],[723000.0,3172000.0]]]},"id":"723,3172","properties":{"bld_cover":0.5128,"bld_height":6.156162109375,"id":"567"}},{"type":"Feature","geometry":{"geodesic":false,"crs":{"type":"name","properties":{"name":"EPSG:32643"}},"type":"Polygon","coordinates":[[[724000.0,3172000.0],[725000.0,3172000.0],[725000.0,3173000.0],[724000.0,3173000.0],[724000.0,3172000.0]]]},"id":"724,3172","properties":{"bld_cover":0.1841,"bld_height":3.1373970703125,"id":"568"}},{"type":"Feature","geometry":{"geodesic":false,"crs":{"type":"name","properties":{"name":"EPSG:32643"}},"type":"Polygon","coordinates":[[[725000.0,3172000.0],[726000.0,3172000.0],[726000.0,3173000.0],[725000.0,3173000.0],[725000.0,3172000.0]]]},"id":"725,3172","properties":{"bld_cover":0.2728,"bld_height":3.8485044921875,"id":"569"}},{"type":"Feature","geometry":{"geodesic":false,"crs":{"type":"name","properties":{"name":"EPSG:32643"}},"type":"Polygon","coordinates":[[[726000.0,3172000.0],[727000.0,3172000.0],[727000.0,3173000.0],[726000.0,3173000.0],[726000.0,3172000.0]]]},"id":"726,3172","properties":{"bld_cover":0.3063,"bld_height":3.82632109375,"id":"570"}},{"type":"Feature","geometry":{"geodesic":false,"crs":{"type":"name","properties":{"name":"EPSG:32643"}},"type":"Polygon","coordinates":[[[727000.0,3172000.0],[728000.0,3172000.0],[728000.0,3173000.0],[727000.0,3173000.0],[727000.0,3172000.0]]]},"id":"727,3172","properties":{"bld_cover":0.3339,"bld_height":3.465040234375,"id":"571"}},{"type":"Feature","geometry":{"geodesic":false,"crs":{"type":"name","properties":{"name":"EPSG:32643"}},"type":"Polygon","coordinates":[[[728000.0,3172000.0],[729000.0,3172000.0],[729000.0,3173000.0],[728000.0,3173000.0],[728000.0,3172000.0]]]},"id":"728,3172","properties":{"bld_cover":0.2595,"bld_height":2.6393857421875,"id":"572"}},{"type":"Feature","geometry":{"geodesic":false,"crs":{"type":"name","properties":{"name":"EPSG:32643"}},"type":"Polygon","coordinates":[[[729000.0,3172000.0],[730000.0,3172000.0],[730000.0,3173000.0],[729000.0,3173000.0],[729000.0,3172000.0]]]},"id":"729,3172","properties":{"bld_cover":0.2565,"bld_height":4.049938671875,"id":"573"}},{"type":"Feature","geometry":{"geodesic":false,"crs":{"type":"name","properties":{"name":"EPSG:32643"}},"type":"Polygon","coordinates":[[[700000.0,3173000.0],[701000.0,3173000.0],[701000.0,3174000.0],[700000.0,3174000.0],[700000.0,3173000.0]]]},"id":"700,3173","properties":{"bld_cover":0.2474,"bld_height":2.2541421875,"id":"574"}},{"type":"Feature","geometry":{"geodesic":false,"crs":{"type":"name","properties":{"name":"EPSG:32643"}},"type":"Polygon","coordinates":[[[701000.0,3173000.0],[702000.0,3173000.0],[702000.0,3174000.0],[701000.0,3174000.0],[701000.0,3173000.0]]]},"id":"701,3173","properties":{"bld_cover":0.527,"bld_height":4.701413671875,"id":"575"}},{"type":"Feature","geometry":{"geodesic":false,"crs":{"type":"name","properties":{"name":"EPSG:32643"}},"type":"Polygon","coordinates":[[[702000.0,3173000.0],[703000.0,3173000.0],[703000.0,3174000.0],[702000.0,3174000.0],[702000.0,3173000.0]]]},"id":"702,3173","properties":{"bld_cover":0.5453,"bld_height":5.81487890625,"id":"576"}},{"type":"Feature","geometry":{"geodesic":false,"crs":{"type":"name","properties":{"name":"EPSG:32643"}},"type":"Polygon","coordinates":[[[703000.0,3173000.0],[704000.0,3173000.0],[704000.0,3174000.0],[703000.0,3174000.0],[703000.0,3173000.0]]]},"id":"703,3173","properties":{"bld_cover":0.2714,"bld_height":3.5843005859375,"id":"577"}},{"type":"Feature","geometry":{"geodesic":false,"crs":{"type":"name","properties":{"name":"EPSG:32643"}},"type":"Polygon","coordinates":[[[704000.0,3173000.0],[705000.0,3173000.0],[705000.0,3174000.0],[704000.0,3174000.0],[704000.0,3173000.0]]]},"id":"704,3173","properties":{"bld_cover":0.24,"bld_height":3.1552388671875,"id":"578"}},{"type":"Feature","geometry":{"geodesic":false,"crs":{"type":"name","properties":{"name":"EPSG:32643"}},"type":"Polygon","coordinates":[[[705000.0,3173000.0],[706000.0,3173000.0],[706000.0,3174000.0],[705000.0,3174000.0],[705000.0,3173000.0]]]},"id":"705,3173","properties":{"bld_cover":0.3215,"bld_height":4.166305078125,"id":"579"}},{"type":"Feature","geometry":{"geodesic":false,"crs":{"type":"name","properties":{"name":"EPSG:32643"}},"type":"Polygon","coordinates":[[[706000.0,3173000.0],[707000.0,3173000.0],[707000.0,3174000.0],[706000.0,3174000.0],[706000.0,3173000.0]]]},"id":"706,3173","properties":{"bld_cover":0.3111,"bld_height":4.26717109375,"id":"580"}},{"type":"Feature","geometry":{"geodesic":false,"crs":{"type":"name","properties":{"name":"EPSG:32643"}},"type":"Polygon","coordinates":[[[707000.0,3173000.0],[708000.0,3173000.0],[708000.0,3174000.0],[707000.0,3174000.0],[707000.0,3173000.0]]]},"id":"707,3173","properties":{"bld_cover":0.2845,"bld_height":4.1190794921875,"id":"581"}},{"type":"Feature","geometry":{"geodesic":false,"crs":{"type":"name","properties":{"name":"EPSG:32643"}},"type":"Polygon","coordinates":[[[708000.0,3173000.0],[709000.0,3173000.0],[709000.0,3174000.0],[708000.0,3174000.0],[708000.0,3173000.0]]]},"id":"708,3173","properties":{"bld_cover":0.2675,"bld_height":3.2918939453125,"id":"582"}},{"type":"Feature","geometry":{"geodesic":false,"crs":{"type":"name","properties":{"name":"EPSG:32643"}},"type":"Polygon","coordinates":[[[709000.0,3173000.0],[710000.0,3173000.0],[710000.0,3174000.0],[709000.0,3174000.0],[709000.0,3173000.0]]]},"id":"709,3173","properties":{"bld_cover":0.2561,"bld_height":3.2045673828125,"id":"583"}},{"type":"Feature","geometry":{"geodesic":false,"crs":{"type":"name","properties":{"name":"EPSG:32643"}},"type":"Polygon","coordinates":[[[710000.0,3173000.0],[711000.0,3173000.0],[711000.0,3174000.0],[710000.0,3174000.0],[710000.0,3173000.0]]]},"id":"710,3173","properties":{"bld_cover":0.1995,"bld_height":2.776728125,"id":"584"}},{"type":"Feature","geometry":{"geodesic":false,"crs":{"type":"name","properties":{"name":"EPSG:32643"}},"type":"Polygon","coordinates":[[[711000.0,3173000.0],[712000.0,3173000.0],[712000.0,3174000.0],[711000.0,3174000.0],[711000.0,3173000.0]]]},"id":"711,3173","properties":{"bld_cover":0.2536,"bld_height":3.445558984375,"id":"585"}},{"type":"Feature","geometry":{"geodesic":false,"crs":{"type":"name","properties":{"name":"EPSG:32643"}},"type":"Polygon","coordinates":[[[712000.0,3173000.0],[713000.0,3173000.0],[713000.0,3174000.0],[712000.0,3174000.0],[712000.0,3173000.0]]]},"id":"712,3173","properties":{"bld_cover":0.3491,"bld_height":4.645715234375,"id":"586"}},{"type":"Feature","geometry":{"geodesic":false,"crs":{"type":"name","properties":{"name":"EPSG:32643"}},"type":"Polygon","coordinates":[[[713000.0,3173000.0],[714000.0,3173000.0],[714000.0,3174000.0],[713000.0,3174000.0],[713000.0,3173000.0]]]},"id":"713,3173","properties":{"bld_cover":0.2871,"bld_height":3.90998984375,"id":"587"}},{"type":"Feature","geometry":{"geodesic":false,"crs":{"type":"name","properties":{"name":"EPSG:32643"}},"type":"Polygon","coordinates":[[[714000.0,3173000.0],[715000.0,3173000.0],[715000.0,3174000.0],[714000.0,3174000.0],[714000.0,3173000.0]]]},"id":"714,3173","properties":{"bld_cover":0.1666,"bld_height":2.4430244140625,"id":"588"}},{"type":"Feature","geometry":{"geodesic":false,"crs":{"type":"name","properties":{"name":"EPSG:32643"}},"type":"Polygon","coordinates":[[[715000.0,3173000.0],[716000.0,3173000.0],[716000.0,3174000.0],[715000.0,3174000.0],[715000.0,3173000.0]]]},"id":"715,3173","properties":{"bld_cover":0.2807,"bld_height":3.6465146484375,"id":"589"}},{"type":"Feature","geometry":{"geodesic":false,"crs":{"type":"name","properties":{"name":"EPSG:32643"}},"type":"Polygon","coordinates":[[[716000.0,3173000.0],[717000.0,3173000.0],[717000.0,3174000.0],[716000.0,3174000.0],[716000.0,3173000.0]]]},"id":"716,3173","properties":{"bld_cover":0.1543,"bld_height":1.735726171875,"id":"590"}},{"type":"Feature","geometry":{"geodesic":false,"crs":{"type":"name","properties":{"name":"EPSG:32643"}},"type":"Polygon","coordinates":[[[717000.0,3173000.0],[718000.0,3173000.0],[718000.0,3174000.0],[717000.0,3174000.0],[717000.0,3173000.0]]]},"id":"717,3173","properties":{"bld_cover":0.1514,"bld_height":1.63797265625,"id":"591"}},{"type":"Feature","geometry":{"geodesic":false,"crs":{"type":"name","properties":{"name":"EPSG:32643"}},"type":"Polygon","coordinates":[[[718000.0,3173000.0],[719000.0,3173000.0],[719000.0,3174000.0],[718000.0,3174000.0],[718000.0,3173000.0]]]},"id":"718,3173","properties":{"bld_cover":0.0331,"bld_height":0.26268359375,"id":"592"}},{"type":"Feature","geometry":{"geodesic":false,"crs":{"type":"name","properties":{"name":"EPSG:32643"}},"type":"Polygon","coordinates":[[[719000.0,3173000.0],[720000.0,3173000.0],[720000.0,3174000.0],[719000.0,3174000.0],[719000.0,3173000.0]]]},"id":"719,3173","properties":{"bld_cover":0.062,"bld_height":1.0039220703125,"id":"593"}},{"type":"Feature","geometry":{"geodesic":false,"crs":{"type":"name","properties":{"name":"EPSG:32643"}},"type":"Polygon","coordinates":[[[720000.0,3173000.0],[721000.0,3173000.0],[721000.0,3174000.0],[720000.0,3174000.0],[720000.0,3173000.0]]]},"id":"720,3173","properties":{"bld_cover":0.205,"bld_height":2.8918501953125,"id":"594"}},{"type":"Feature","geometry":{"geodesic":false,"crs":{"type":"name","properties":{"name":"EPSG:32643"}},"type":"Polygon","coordinates":[[[721000.0,3173000.0],[722000.0,3173000.0],[722000.0,3174000.0],[721000.0,3174000.0],[721000.0,3173000.0]]]},"id":"721,3173","properties":{"bld_cover":0.3767,"bld_height":4.9159216796875,"id":"595"}},{"type":"Feature","geometry":{"geodesic":false,"crs":{"type":"name","properties":{"name":"EPSG:32643"}},"type":"Polygon","coordinates":[[[722000.0,3173000.0],[723000.0,3173000.0],[723000.0,3174000.0],[722000.0,3174000.0],[722000.0,3173000.0]]]},"id":"722,3173","properties":{"bld_cover":0.3121,"bld_height":4.576120703125,"id":"596"}},{"type":"Feature","geometry":{"geodesic":false,"crs":{"type":"name","properties":{"name":"EPSG:32643"}},"type":"Polygon","coordinates":[[[723000.0,3173000.0],[724000.0,3173000.0],[724000.0,3174000.0],[723000.0,3174000.0],[723000.0,3173000.0]]]},"id":"723,3173","properties":{"bld_cover":0.4154,"bld_height":5.7866841796875,"id":"597"}},{"type":"Feature","geometry":{"geodesic":false,"crs":{"type":"name","properties":{"name":"EPSG:32643"}},"type":"Polygon","coordinates":[[[724000.0,3173000.0],[725000.0,3173000.0],[725000.0,3174000.0],[724000.0,3174000.0],[724000.0,3173000.0]]]},"id":"724,3173","properties":{"bld_cover":0.4322,"bld_height":5.8282328125,"id":"598"}},{"type":"Feature","geometry":{"geodesic":false,"crs":{"type":"name","properties":{"name":"EPSG:32643"}},"type":"Polygon","coordinates":[[[725000.0,3173000.0],[726000.0,3173000.0],[726000.0,3174000.0],[725000.0,3174000.0],[725000.0,3173000.0]]]},"id":"725,3173","properties":{"bld_cover":0.2826,"bld_height":3.5838765625,"id":"599"}},{"type":"Feature","geometry":{"geodesic":false,"crs":{"type":"name","properties":{"name":"EPSG:32643"}},"type":"Polygon","coordinates":[[[726000.0,3173000.0],[727000.0,3173000.0],[727000.0,3174000.0],[726000.0,3174000.0],[726000.0,3173000.0]]]},"id":"726,3173","properties":{"bld_cover":0.2705,"bld_height":3.4894177734375,"id":"600"}},{"type":"Feature","geometry":{"geodesic":false,"crs":{"type":"name","properties":{"name":"EPSG:32643"}},"type":"Polygon","coordinates":[[[727000.0,3173000.0],[728000.0,3173000.0],[728000.0,3174000.0],[727000.0,3174000.0],[727000.0,3173000.0]]]},"id":"727,3173","properties":{"bld_cover":0.342,"bld_height":3.5772806640625,"id":"601"}},{"type":"Feature","geometry":{"geodesic":false,"crs":{"type":"name","properties":{"name":"EPSG:32643"}},"type":"Polygon","coordinates":[[[728000.0,3173000.0],[729000.0,3173000.0],[729000.0,3174000.0],[728000.0,3174000.0],[728000.0,3173000.0]]]},"id":"728,3173","properties":{"bld_cover":0.2474,"bld_height":2.4172322265625,"id":"602"}},{"type":"Feature","geometry":{"geodesic":false,"crs":{"type":"name","properties":{"name":"EPSG:32643"}},"type":"Polygon","coordinates":[[[729000.0,3173000.0],[730000.0,3173000.0],[730000.0,3174000.0],[729000.0,3174000.0],[729000.0,3173000.0]]]},"id":"729,3173","properties":{"bld_cover":0.255,"bld_height":3.2291943359375,"id":"603"}},{"type":"Feature","geometry":{"geodesic":false,"crs":{"type":"name","properties":{"name":"EPSG:32643"}},"type":"Polygon","coordinates":[[[700000.0,3174000.0],[701000.0,3174000.0],[701000.0,3175000.0],[700000.0,3175000.0],[700000.0,3174000.0]]]},"id":"700,3174","properties":{"bld_cover":0.3552,"bld_height":4.765728125,"id":"604"}},{"type":"Feature","geometry":{"geodesic":false,"crs":{"type":"name","properties":{"name":"EPSG:32643"}},"type":"Polygon","coordinates":[[[701000.0,3174000.0],[702000.0,3174000.0],[702000.0,3175000.0],[701000.0,3175000.0],[701000.0,3174000.0]]]},"id":"701,3174","properties":{"bld_cover":0.4218,"bld_height":4.3847517578125,"id":"605"}},{"type":"Feature","geometry":{"geodesic":false,"crs":{"type":"name","properties":{"name":"EPSG:32643"}},"type":"Polygon","coordinates":[[[702000.0,3174000.0],[703000.0,3174000.0],[703000.0,3175000.0],[702000.0,3175000.0],[702000.0,3174000.0]]]},"id":"702,3174","properties":{"bld_cover":0.251,"bld_height":2.9341234375,"id":"606"}},{"type":"Feature","geometry":{"geodesic":false,"crs":{"type":"name","properties":{"name":"EPSG:32643"}},"type":"Polygon","coordinates":[[[703000.0,3174000.0],[704000.0,3174000.0],[704000.0,3175000.0],[703000.0,3175000.0],[703000.0,3174000.0]]]},"id":"703,3174","properties":{"bld_cover":0.3115,"bld_height":3.9800421875,"id":"607"}},{"type":"Feature","geometry":{"geodesic":false,"crs":{"type":"name","properties":{"name":"EPSG:32643"}},"type":"Polygon","coordinates":[[[704000.0,3174000.0],[705000.0,3174000.0],[705000.0,3175000.0],[704000.0,3175000.0],[704000.0,3174000.0]]]},"id":"704,3174","properties":{"bld_cover":0.2695,"bld_height":3.3529076171875,"id":"608"}},{"type":"Feature","geometry":{"geodesic":false,"crs":{"type":"name","properties":{"name":"EPSG:32643"}},"type":"Polygon","coordinates":[[[705000.0,3174000.0],[706000.0,3174000.0],[706000.0,3175000.0],[705000.0,3175000.0],[705000.0,3174000.0]]]},"id":"705,3174","properties":{"bld_cover":0.1812,"bld_height":2.134187109375,"id":"609"}},{"type":"Feature","geometry":{"geodesic":false,"crs":{"type":"name","properties":{"name":"EPSG:32643"}},"type":"Polygon","coordinates":[[[706000.0,3174000.0],[707000.0,3174000.0],[707000.0,3175000.0],[706000.0,3175000.0],[706000.0,3174000.0]]]},"id":"706,3174","properties":{"bld_cover":0.1325,"bld_height":1.35521875,"id":"610"}},{"type":"Feature","geometry":{"geodesic":false,"crs":{"type":"name","properties":{"name":"EPSG:32643"}},"type":"Polygon","coordinates":[[[707000.0,3174000.0],[708000.0,3174000.0],[708000.0,3175000.0],[707000.0,3175000.0],[707000.0,3174000.0]]]},"id":"707,3174","properties":{"bld_cover":0.1293,"bld_height":1.300322265625,"id":"611"}},{"type":"Feature","geometry":{"geodesic":false,"crs":{"type":"name","properties":{"name":"EPSG:32643"}},"type":"Polygon","coordinates":[[[708000.0,3174000.0],[709000.0,3174000.0],[709000.0,3175000.0],[708000.0,3175000.0],[708000.0,3174000.0]]]},"id":"708,3174","properties":{"bld_cover":0.3155,"bld_height":3.6862671875,"id":"612"}},{"type":"Feature","geometry":{"geodesic":false,"crs":{"type":"name","properties":{"name":"EPSG:32643"}},"type":"Polygon","coordinates":[[[709000.0,3174000.0],[710000.0,3174000.0],[710000.0,3175000.0],[709000.0,3175000.0],[709000.0,3174000.0]]]},"id":"709,3174","properties":{"bld_cover":0.2571,"bld_height":3.308253125,"id":"613"}},{"type":"Feature","geometry":{"geodesic":false,"crs":{"type":"name","properties":{"name":"EPSG:32643"}},"type":"Polygon","coordinates":[[[710000.0,3174000.0],[711000.0,3174000.0],[711000.0,3175000.0],[710000.0,3175000.0],[710000.0,3174000.0]]]},"id":"710,3174","properties":{"bld_cover":0.3333,"bld_height":4.0199388671875,"id":"614"}},{"type":"Feature","geometry":{"geodesic":false,"crs":{"type":"name","properties":{"name":"EPSG:32643"}},"type":"Polygon","coordinates":[[[711000.0,3174000.0],[712000.0,3174000.0],[712000.0,3175000.0],[711000.0,3175000.0],[711000.0,3174000.0]]]},"id":"711,3174","properties":{"bld_cover":0.3132,"bld_height":4.0063732421875,"id":"615"}},{"type":"Feature","geometry":{"geodesic":false,"crs":{"type":"name","properties":{"name":"EPSG:32643"}},"type":"Polygon","coordinates":[[[712000.0,3174000.0],[713000.0,3174000.0],[713000.0,3175000.0],[712000.0,3175000.0],[712000.0,3174000.0]]]},"id":"712,3174","properties":{"bld_cover":0.1888,"bld_height":2.9143095703125,"id":"616"}},{"type":"Feature","geometry":{"geodesic":false,"crs":{"type":"name","properties":{"name":"EPSG:32643"}},"type":"Polygon","coordinates":[[[713000.0,3174000.0],[714000.0,3174000.0],[714000.0,3175000.0],[713000.0,3175000.0],[713000.0,3174000.0]]]},"id":"713,3174","properties":{"bld_cover":0.1732,"bld_height":2.4090125,"id":"617"}},{"type":"Feature","geometry":{"geodesic":false,"crs":{"type":"name","properties":{"name":"EPSG:32643"}},"type":"Polygon","coordinates":[[[714000.0,3174000.0],[715000.0,3174000.0],[715000.0,3175000.0],[714000.0,3175000.0],[714000.0,3174000.0]]]},"id":"714,3174","properties":{"bld_cover":0.3054,"bld_height":3.7916353515625,"id":"618"}},{"type":"Feature","geometry":{"geodesic":false,"crs":{"type":"name","properties":{"name":"EPSG:32643"}},"type":"Polygon","coordinates":[[[715000.0,3174000.0],[716000.0,3174000.0],[716000.0,3175000.0],[715000.0,3175000.0],[715000.0,3174000.0]]]},"id":"715,3174","properties":{"bld_cover":0.3803,"bld_height":4.7508416015625,"id":"619"}},{"type":"Feature","geometry":{"geodesic":false,"crs":{"type":"name","properties":{"name":"EPSG:32643"}},"type":"Polygon","coordinates":[[[716000.0,3174000.0],[717000.0,3174000.0],[717000.0,3175000.0],[716000.0,3175000.0],[716000.0,3174000.0]]]},"id":"716,3174","properties":{"bld_cover":0.1079,"bld_height":1.288625390625,"id":"620"}},{"type":"Feature","geometry":{"geodesic":false,"crs":{"type":"name","properties":{"name":"EPSG:32643"}},"type":"Polygon","coordinates":[[[717000.0,3174000.0],[718000.0,3174000.0],[718000.0,3175000.0],[717000.0,3175000.0],[717000.0,3174000.0]]]},"id":"717,3174","properties":{"bld_cover":0.1813,"bld_height":2.2386595703125,"id":"621"}},{"type":"Feature","geometry":{"geodesic":false,"crs":{"type":"name","properties":{"name":"EPSG:32643"}},"type":"Polygon","coordinates":[[[718000.0,3174000.0],[719000.0,3174000.0],[719000.0,3175000.0],[718000.0,3175000.0],[718000.0,3174000.0]]]},"id":"718,3174","properties":{"bld_cover":0.0024,"bld_height":0.011846484375,"id":"622"}},{"type":"Feature","geometry":{"geodesic":false,"crs":{"type":"name","properties":{"name":"EPSG:32643"}},"type":"Polygon","coordinates":[[[719000.0,3174000.0],[720000.0,3174000.0],[720000.0,3175000.0],[719000.0,3175000.0],[719000.0,3174000.0]]]},"id":"719,3174","properties":{"bld_cover":1.0E-4,"bld_height":0.005404296875,"id":"623"}},{"type":"Feature","geometry":{"geodesic":false,"crs":{"type":"name","properties":{"name":"EPSG:32643"}},"type":"Polygon","coordinates":[[[720000.0,3174000.0],[721000.0,3174000.0],[721000.0,3175000.0],[720000.0,3175000.0],[720000.0,3174000.0]]]},"id":"720,3174","properties":{"bld_cover":0.1604,"bld_height":2.2648365234375,"id":"624"}},{"type":"Feature","geometry":{"geodesic":false,"crs":{"type":"name","properties":{"name":"EPSG:32643"}},"type":"Polygon","coordinates":[[[721000.0,3174000.0],[722000.0,3174000.0],[722000.0,3175000.0],[721000.0,3175000.0],[721000.0,3174000.0]]]},"id":"721,3174","properties":{"bld_cover":0.479,"bld_height":5.70992890625,"id":"625"}},{"type":"Feature","geometry":{"geodesic":false,"crs":{"type":"name","properties":{"name":"EPSG:32643"}},"type":"Polygon","coordinates":[[[722000.0,3174000.0],[723000.0,3174000.0],[723000.0,3175000.0],[722000.0,3175000.0],[722000.0,3174000.0]]]},"id":"722,3174","properties":{"bld_cover":0.3596,"bld_height":4.94540546875,"id":"626"}},{"type":"Feature","geometry":{"geodesic":false,"crs":{"type":"name","properties":{"name":"EPSG:32643"}},"type":"Polygon","coordinates":[[[723000.0,3174000.0],[724000.0,3174000.0],[724000.0,3175000.0],[723000.0,3175000.0],[723000.0,3174000.0]]]},"id":"723,3174","properties":{"bld_cover":0.4624,"bld_height":5.5781626953125,"id":"627"}},{"type":"Feature","geometry":{"geodesic":false,"crs":{"type":"name","properties":{"name":"EPSG:32643"}},"type":"Polygon","coordinates":[[[724000.0,3174000.0],[725000.0,3174000.0],[725000.0,3175000.0],[724000.0,3175000.0],[724000.0,3174000.0]]]},"id":"724,3174","properties":{"bld_cover":0.4135,"bld_height":4.9478521484375,"id":"628"}},{"type":"Feature","geometry":{"geodesic":false,"crs":{"type":"name","properties":{"name":"EPSG:32643"}},"type":"Polygon","coordinates":[[[725000.0,3174000.0],[726000.0,3174000.0],[726000.0,3175000.0],[725000.0,3175000.0],[725000.0,3174000.0]]]},"id":"725,3174","properties":{"bld_cover":0.3004,"bld_height":3.58275234375,"id":"629"}},{"type":"Feature","geometry":{"geodesic":false,"crs":{"type":"name","properties":{"name":"EPSG:32643"}},"type":"Polygon","coordinates":[[[726000.0,3174000.0],[727000.0,3174000.0],[727000.0,3175000.0],[726000.0,3175000.0],[726000.0,3174000.0]]]},"id":"726,3174","properties":{"bld_cover":0.2953,"bld_height":3.7996498046875,"id":"630"}},{"type":"Feature","geometry":{"geodesic":false,"crs":{"type":"name","properties":{"name":"EPSG:32643"}},"type":"Polygon","coordinates":[[[727000.0,3174000.0],[728000.0,3174000.0],[728000.0,3175000.0],[727000.0,3175000.0],[727000.0,3174000.0]]]},"id":"727,3174","properties":{"bld_cover":0.3443,"bld_height":3.1690369140625,"id":"631"}},{"type":"Feature","geometry":{"geodesic":false,"crs":{"type":"name","properties":{"name":"EPSG:32643"}},"type":"Polygon","coordinates":[[[728000.0,3174000.0],[729000.0,3174000.0],[729000.0,3175000.0],[728000.0,3175000.0],[728000.0,3174000.0]]]},"id":"728,3174","properties":{"bld_cover":0.4335,"bld_height":3.99986953125,"id":"632"}},{"type":"Feature","geometry":{"geodesic":false,"crs":{"type":"name","properties":{"name":"EPSG:32643"}},"type":"Polygon","coordinates":[[[729000.0,3174000.0],[730000.0,3174000.0],[730000.0,3175000.0],[729000.0,3175000.0],[729000.0,3174000.0]]]},"id":"729,3174","properties":{"bld_cover":0.2487,"bld_height":4.1758046875,"id":"633"}},{"type":"Feature","geometry":{"geodesic":false,"crs":{"type":"name","properties":{"name":"EPSG:32643"}},"type":"Polygon","coordinates":[[[700000.0,3175000.0],[701000.0,3175000.0],[701000.0,3176000.0],[700000.0,3176000.0],[700000.0,3175000.0]]]},"id":"700,3175","properties":{"bld_cover":0.3027,"bld_height":4.6837107421875,"id":"634"}},{"type":"Feature","geometry":{"geodesic":false,"crs":{"type":"name","properties":{"name":"EPSG:32643"}},"type":"Polygon","coordinates":[[[701000.0,3175000.0],[702000.0,3175000.0],[702000.0,3176000.0],[701000.0,3176000.0],[701000.0,3175000.0]]]},"id":"701,3175","properties":{"bld_cover":0.4058,"bld_height":3.6237494140625,"id":"635"}},{"type":"Feature","geometry":{"geodesic":false,"crs":{"type":"name","properties":{"name":"EPSG:32643"}},"type":"Polygon","coordinates":[[[702000.0,3175000.0],[703000.0,3175000.0],[703000.0,3176000.0],[702000.0,3176000.0],[702000.0,3175000.0]]]},"id":"702,3175","properties":{"bld_cover":0.3043,"bld_height":3.885183203125,"id":"636"}},{"type":"Feature","geometry":{"geodesic":false,"crs":{"type":"name","properties":{"name":"EPSG:32643"}},"type":"Polygon","coordinates":[[[703000.0,3175000.0],[704000.0,3175000.0],[704000.0,3176000.0],[703000.0,3176000.0],[703000.0,3175000.0]]]},"id":"703,3175","properties":{"bld_cover":0.2639,"bld_height":3.74851796875,"id":"637"}},{"type":"Feature","geometry":{"geodesic":false,"crs":{"type":"name","properties":{"name":"EPSG:32643"}},"type":"Polygon","coordinates":[[[704000.0,3175000.0],[705000.0,3175000.0],[705000.0,3176000.0],[704000.0,3176000.0],[704000.0,3175000.0]]]},"id":"704,3175","properties":{"bld_cover":0.293,"bld_height":4.385191796875,"id":"638"}},{"type":"Feature","geometry":{"geodesic":false,"crs":{"type":"name","properties":{"name":"EPSG:32643"}},"type":"Polygon","coordinates":[[[705000.0,3175000.0],[706000.0,3175000.0],[706000.0,3176000.0],[705000.0,3176000.0],[705000.0,3175000.0]]]},"id":"705,3175","properties":{"bld_cover":0.2074,"bld_height":2.711170703125,"id":"639"}},{"type":"Feature","geometry":{"geodesic":false,"crs":{"type":"name","properties":{"name":"EPSG:32643"}},"type":"Polygon","coordinates":[[[706000.0,3175000.0],[707000.0,3175000.0],[707000.0,3176000.0],[706000.0,3176000.0],[706000.0,3175000.0]]]},"id":"706,3175","properties":{"bld_cover":0.2278,"bld_height":3.241444140625,"id":"640"}},{"type":"Feature","geometry":{"geodesic":false,"crs":{"type":"name","properties":{"name":"EPSG:32643"}},"type":"Polygon","coordinates":[[[707000.0,3175000.0],[708000.0,3175000.0],[708000.0,3176000.0],[707000.0,3176000.0],[707000.0,3175000.0]]]},"id":"707,3175","properties":{"bld_cover":0.2429,"bld_height":3.5609224609375,"id":"641"}},{"type":"Feature","geometry":{"geodesic":false,"crs":{"type":"name","properties":{"name":"EPSG:32643"}},"type":"Polygon","coordinates":[[[708000.0,3175000.0],[709000.0,3175000.0],[709000.0,3176000.0],[708000.0,3176000.0],[708000.0,3175000.0]]]},"id":"708,3175","properties":{"bld_cover":0.3258,"bld_height":4.6311861328125,"id":"642"}},{"type":"Feature","geometry":{"geodesic":false,"crs":{"type":"name","properties":{"name":"EPSG:32643"}},"type":"Polygon","coordinates":[[[709000.0,3175000.0],[710000.0,3175000.0],[710000.0,3176000.0],[709000.0,3176000.0],[709000.0,3175000.0]]]},"id":"709,3175","properties":{"bld_cover":0.2677,"bld_height":5.115763671875,"id":"643"}},{"type":"Feature","geometry":{"geodesic":false,"crs":{"type":"name","properties":{"name":"EPSG:32643"}},"type":"Polygon","coordinates":[[[710000.0,3175000.0],[711000.0,3175000.0],[711000.0,3176000.0],[710000.0,3176000.0],[710000.0,3175000.0]]]},"id":"710,3175","properties":{"bld_cover":0.1584,"bld_height":3.4450583984375,"id":"644"}},{"type":"Feature","geometry":{"geodesic":false,"crs":{"type":"name","properties":{"name":"EPSG:32643"}},"type":"Polygon","coordinates":[[[711000.0,3175000.0],[712000.0,3175000.0],[712000.0,3176000.0],[711000.0,3176000.0],[711000.0,3175000.0]]]},"id":"711,3175","properties":{"bld_cover":0.2852,"bld_height":3.7279298828125,"id":"645"}},{"type":"Feature","geometry":{"geodesic":false,"crs":{"type":"name","properties":{"name":"EPSG:32643"}},"type":"Polygon","coordinates":[[[712000.0,3175000.0],[713000.0,3175000.0],[713000.0,3176000.0],[712000.0,3176000.0],[712000.0,3175000.0]]]},"id":"712,3175","properties":{"bld_cover":0.2034,"bld_height":2.8490150390625,"id":"646"}},{"type":"Feature","geometry":{"geodesic":false,"crs":{"type":"name","properties":{"name":"EPSG:32643"}},"type":"Polygon","coordinates":[[[713000.0,3175000.0],[714000.0,3175000.0],[714000.0,3176000.0],[713000.0,3176000.0],[713000.0,3175000.0]]]},"id":"713,3175","properties":{"bld_cover":0.2286,"bld_height":2.76237578125,"id":"647"}},{"type":"Feature","geometry":{"geodesic":false,"crs":{"type":"name","properties":{"name":"EPSG:32643"}},"type":"Polygon","coordinates":[[[714000.0,3175000.0],[715000.0,3175000.0],[715000.0,3176000.0],[714000.0,3176000.0],[714000.0,3175000.0]]]},"id":"714,3175","properties":{"bld_cover":0.3855,"bld_height":4.7766837890625,"id":"648"}},{"type":"Feature","geometry":{"geodesic":false,"crs":{"type":"name","properties":{"name":"EPSG:32643"}},"type":"Polygon","coordinates":[[[715000.0,3175000.0],[716000.0,3175000.0],[716000.0,3176000.0],[715000.0,3176000.0],[715000.0,3175000.0]]]},"id":"715,3175","properties":{"bld_cover":0.2071,"bld_height":2.7762646484375,"id":"649"}},{"type":"Feature","geometry":{"geodesic":false,"crs":{"type":"name","properties":{"name":"EPSG:32643"}},"type":"Polygon","coordinates":[[[716000.0,3175000.0],[717000.0,3175000.0],[717000.0,3176000.0],[716000.0,3176000.0],[716000.0,3175000.0]]]},"id":"716,3175","properties":{"bld_cover":0.109,"bld_height":1.336519921875,"id":"650"}},{"type":"Feature","geometry":{"geodesic":false,"crs":{"type":"name","properties":{"name":"EPSG:32643"}},"type":"Polygon","coordinates":[[[717000.0,3175000.0],[718000.0,3175000.0],[718000.0,3176000.0],[717000.0,3176000.0],[717000.0,3175000.0]]]},"id":"717,3175","properties":{"bld_cover":0.1041,"bld_height":0.930540625,"id":"651"}},{"type":"Feature","geometry":{"geodesic":false,"crs":{"type":"name","properties":{"name":"EPSG:32643"}},"type":"Polygon","coordinates":[[[718000.0,3175000.0],[719000.0,3175000.0],[719000.0,3176000.0],[718000.0,3176000.0],[718000.0,3175000.0]]]},"id":"718,3175","properties":{"bld_cover":0.0063,"bld_height":0.0237033203125,"id":"652"}},{"type":"Feature","geometry":{"geodesic":false,"crs":{"type":"name","properties":{"name":"EPSG:32643"}},"type":"Polygon","coordinates":[[[719000.0,3175000.0],[720000.0,3175000.0],[720000.0,3176000.0],[719000.0,3176000.0],[719000.0,3175000.0]]]},"id":"719,3175","properties":{"bld_cover":0.013,"bld_height":0.1042845703125,"id":"653"}},{"type":"Feature","geometry":{"geodesic":false,"crs":{"type":"name","properties":{"name":"EPSG:32643"}},"type":"Polygon","coordinates":[[[720000.0,3175000.0],[721000.0,3175000.0],[721000.0,3176000.0],[720000.0,3176000.0],[720000.0,3175000.0]]]},"id":"720,3175","properties":{"bld_cover":0.4115,"bld_height":5.0404962890625,"id":"654"}},{"type":"Feature","geometry":{"geodesic":false,"crs":{"type":"name","properties":{"name":"EPSG:32643"}},"type":"Polygon","coordinates":[[[721000.0,3175000.0],[722000.0,3175000.0],[722000.0,3176000.0],[721000.0,3176000.0],[721000.0,3175000.0]]]},"id":"721,3175","properties":{"bld_cover":0.5642,"bld_height":6.4007189453125,"id":"655"}},{"type":"Feature","geometry":{"geodesic":false,"crs":{"type":"name","properties":{"name":"EPSG:32643"}},"type":"Polygon","coordinates":[[[722000.0,3175000.0],[723000.0,3175000.0],[723000.0,3176000.0],[722000.0,3176000.0],[722000.0,3175000.0]]]},"id":"722,3175","properties":{"bld_cover":0.4696,"bld_height":5.769695703125,"id":"656"}},{"type":"Feature","geometry":{"geodesic":false,"crs":{"type":"name","properties":{"name":"EPSG:32643"}},"type":"Polygon","coordinates":[[[723000.0,3175000.0],[724000.0,3175000.0],[724000.0,3176000.0],[723000.0,3176000.0],[723000.0,3175000.0]]]},"id":"723,3175","properties":{"bld_cover":0.5,"bld_height":6.7078314453125,"id":"657"}},{"type":"Feature","geometry":{"geodesic":false,"crs":{"type":"name","properties":{"name":"EPSG:32643"}},"type":"Polygon","coordinates":[[[724000.0,3175000.0],[725000.0,3175000.0],[725000.0,3176000.0],[724000.0,3176000.0],[724000.0,3175000.0]]]},"id":"724,3175","properties":{"bld_cover":0.5748,"bld_height":6.481015234375,"id":"658"}},{"type":"Feature","geometry":{"geodesic":false,"crs":{"type":"name","properties":{"name":"EPSG:32643"}},"type":"Polygon","coordinates":[[[725000.0,3175000.0],[726000.0,3175000.0],[726000.0,3176000.0],[725000.0,3176000.0],[725000.0,3175000.0]]]},"id":"725,3175","properties":{"bld_cover":0.2423,"bld_height":3.1641046875,"id":"659"}},{"type":"Feature","geometry":{"geodesic":false,"crs":{"type":"name","properties":{"name":"EPSG:32643"}},"type":"Polygon","coordinates":[[[726000.0,3175000.0],[727000.0,3175000.0],[727000.0,3176000.0],[726000.0,3176000.0],[726000.0,3175000.0]]]},"id":"726,3175","properties":{"bld_cover":0.1754,"bld_height":2.45521484375,"id":"660"}},{"type":"Feature","geometry":{"geodesic":false,"crs":{"type":"name","properties":{"name":"EPSG:32643"}},"type":"Polygon","coordinates":[[[727000.0,3175000.0],[728000.0,3175000.0],[728000.0,3176000.0],[727000.0,3176000.0],[727000.0,3175000.0]]]},"id":"727,3175","properties":{"bld_cover":0.3742,"bld_height":4.275039453125,"id":"661"}},{"type":"Feature","geometry":{"geodesic":false,"crs":{"type":"name","properties":{"name":"EPSG:32643"}},"type":"Polygon","coordinates":[[[728000.0,3175000.0],[729000.0,3175000.0],[729000.0,3176000.0],[728000.0,3176000.0],[728000.0,3175000.0]]]},"id":"728,3175","properties":{"bld_cover":0.4708,"bld_height":5.1949853515625,"id":"662"}},{"type":"Feature","geometry":{"geodesic":false,"crs":{"type":"name","properties":{"name":"EPSG:32643"}},"type":"Polygon","coordinates":[[[729000.0,3175000.0],[730000.0,3175000.0],[730000.0,3176000.0],[729000.0,3176000.0],[729000.0,3175000.0]]]},"id":"729,3175","properties":{"bld_cover":0.1873,"bld_height":3.2174845703125,"id":"663"}},{"type":"Feature","geometry":{"geodesic":false,"crs":{"type":"name","properties":{"name":"EPSG:32643"}},"type":"Polygon","coordinates":[[[700000.0,3176000.0],[701000.0,3176000.0],[701000.0,3177000.0],[700000.0,3177000.0],[700000.0,3176000.0]]]},"id":"700,3176","properties":{"bld_cover":0.3488,"bld_height":4.9518673828125,"id":"664"}},{"type":"Feature","geometry":{"geodesic":false,"crs":{"type":"name","properties":{"name":"EPSG:32643"}},"type":"Polygon","coordinates":[[[701000.0,3176000.0],[702000.0,3176000.0],[702000.0,3177000.0],[701000.0,3177000.0],[701000.0,3176000.0]]]},"id":"701,3176","properties":{"bld_cover":0.4561,"bld_height":4.746087890625,"id":"665"}},{"type":"Feature","geometry":{"geodesic":false,"crs":{"type":"name","properties":{"name":"EPSG:32643"}},"type":"Polygon","coordinates":[[[702000.0,3176000.0],[703000.0,3176000.0],[703000.0,3177000.0],[702000.0,3177000.0],[702000.0,3176000.0]]]},"id":"702,3176","properties":{"bld_cover":0.3477,"bld_height":4.7560732421875,"id":"666"}},{"type":"Feature","geometry":{"geodesic":false,"crs":{"type":"name","properties":{"name":"EPSG:32643"}},"type":"Polygon","coordinates":[[[703000.0,3176000.0],[704000.0,3176000.0],[704000.0,3177000.0],[703000.0,3177000.0],[703000.0,3176000.0]]]},"id":"703,3176","properties":{"bld_cover":0.2715,"bld_height":3.8554875,"id":"667"}},{"type":"Feature","geometry":{"geodesic":false,"crs":{"type":"name","properties":{"name":"EPSG:32643"}},"type":"Polygon","coordinates":[[[704000.0,3176000.0],[705000.0,3176000.0],[705000.0,3177000.0],[704000.0,3177000.0],[704000.0,3176000.0]]]},"id":"704,3176","properties":{"bld_cover":0.2626,"bld_height":3.8731662109375,"id":"668"}},{"type":"Feature","geometry":{"geodesic":false,"crs":{"type":"name","properties":{"name":"EPSG:32643"}},"type":"Polygon","coordinates":[[[705000.0,3176000.0],[706000.0,3176000.0],[706000.0,3177000.0],[705000.0,3177000.0],[705000.0,3176000.0]]]},"id":"705,3176","properties":{"bld_cover":0.3192,"bld_height":4.636650390625,"id":"669"}},{"type":"Feature","geometry":{"geodesic":false,"crs":{"type":"name","properties":{"name":"EPSG:32643"}},"type":"Polygon","coordinates":[[[706000.0,3176000.0],[707000.0,3176000.0],[707000.0,3177000.0],[706000.0,3177000.0],[706000.0,3176000.0]]]},"id":"706,3176","properties":{"bld_cover":0.1909,"bld_height":3.3611478515625,"id":"670"}},{"type":"Feature","geometry":{"geodesic":false,"crs":{"type":"name","properties":{"name":"EPSG:32643"}},"type":"Polygon","coordinates":[[[707000.0,3176000.0],[708000.0,3176000.0],[708000.0,3177000.0],[707000.0,3177000.0],[707000.0,3176000.0]]]},"id":"707,3176","properties":{"bld_cover":0.2779,"bld_height":4.3777439453125,"id":"671"}},{"type":"Feature","geometry":{"geodesic":false,"crs":{"type":"name","properties":{"name":"EPSG:32643"}},"type":"Polygon","coordinates":[[[708000.0,3176000.0],[709000.0,3176000.0],[709000.0,3177000.0],[708000.0,3177000.0],[708000.0,3176000.0]]]},"id":"708,3176","properties":{"bld_cover":0.2975,"bld_height":4.720925,"id":"672"}},{"type":"Feature","geometry":{"geodesic":false,"crs":{"type":"name","properties":{"name":"EPSG:32643"}},"type":"Polygon","coordinates":[[[709000.0,3176000.0],[710000.0,3176000.0],[710000.0,3177000.0],[709000.0,3177000.0],[709000.0,3176000.0]]]},"id":"709,3176","properties":{"bld_cover":0.2584,"bld_height":4.1889724609375,"id":"673"}},{"type":"Feature","geometry":{"geodesic":false,"crs":{"type":"name","properties":{"name":"EPSG:32643"}},"type":"Polygon","coordinates":[[[710000.0,3176000.0],[711000.0,3176000.0],[711000.0,3177000.0],[710000.0,3177000.0],[710000.0,3176000.0]]]},"id":"710,3176","properties":{"bld_cover":0.1373,"bld_height":2.053181640625,"id":"674"}},{"type":"Feature","geometry":{"geodesic":false,"crs":{"type":"name","properties":{"name":"EPSG:32643"}},"type":"Polygon","coordinates":[[[711000.0,3176000.0],[712000.0,3176000.0],[712000.0,3177000.0],[711000.0,3177000.0],[711000.0,3176000.0]]]},"id":"711,3176","properties":{"bld_cover":0.3107,"bld_height":3.6786255859375,"id":"675"}},{"type":"Feature","geometry":{"geodesic":false,"crs":{"type":"name","properties":{"name":"EPSG:32643"}},"type":"Polygon","coordinates":[[[712000.0,3176000.0],[713000.0,3176000.0],[713000.0,3177000.0],[712000.0,3177000.0],[712000.0,3176000.0]]]},"id":"712,3176","properties":{"bld_cover":0.2884,"bld_height":3.5552533203125,"id":"676"}},{"type":"Feature","geometry":{"geodesic":false,"crs":{"type":"name","properties":{"name":"EPSG:32643"}},"type":"Polygon","coordinates":[[[713000.0,3176000.0],[714000.0,3176000.0],[714000.0,3177000.0],[713000.0,3177000.0],[713000.0,3176000.0]]]},"id":"713,3176","properties":{"bld_cover":0.3087,"bld_height":3.656340234375,"id":"677"}},{"type":"Feature","geometry":{"geodesic":false,"crs":{"type":"name","properties":{"name":"EPSG:32643"}},"type":"Polygon","coordinates":[[[714000.0,3176000.0],[715000.0,3176000.0],[715000.0,3177000.0],[714000.0,3177000.0],[714000.0,3176000.0]]]},"id":"714,3176","properties":{"bld_cover":0.1912,"bld_height":2.1436935546875,"id":"678"}},{"type":"Feature","geometry":{"geodesic":false,"crs":{"type":"name","properties":{"name":"EPSG:32643"}},"type":"Polygon","coordinates":[[[715000.0,3176000.0],[716000.0,3176000.0],[716000.0,3177000.0],[715000.0,3177000.0],[715000.0,3176000.0]]]},"id":"715,3176","properties":{"bld_cover":0.2277,"bld_height":2.6730556640625,"id":"679"}},{"type":"Feature","geometry":{"geodesic":false,"crs":{"type":"name","properties":{"name":"EPSG:32643"}},"type":"Polygon","coordinates":[[[716000.0,3176000.0],[717000.0,3176000.0],[717000.0,3177000.0],[716000.0,3177000.0],[716000.0,3176000.0]]]},"id":"716,3176","properties":{"bld_cover":0.1436,"bld_height":1.831940625,"id":"680"}},{"type":"Feature","geometry":{"geodesic":false,"crs":{"type":"name","properties":{"name":"EPSG:32643"}},"type":"Polygon","coordinates":[[[717000.0,3176000.0],[718000.0,3176000.0],[718000.0,3177000.0],[717000.0,3177000.0],[717000.0,3176000.0]]]},"id":"717,3176","properties":{"bld_cover":0.1639,"bld_height":2.47473515625,"id":"681"}},{"type":"Feature","geometry":{"geodesic":false,"crs":{"type":"name","properties":{"name":"EPSG:32643"}},"type":"Polygon","coordinates":[[[718000.0,3176000.0],[719000.0,3176000.0],[719000.0,3177000.0],[718000.0,3177000.0],[718000.0,3176000.0]]]},"id":"718,3176","properties":{"bld_cover":2.0E-4,"bld_height":0.00762109375,"id":"682"}},{"type":"Feature","geometry":{"geodesic":false,"crs":{"type":"name","properties":{"name":"EPSG:32643"}},"type":"Polygon","coordinates":[[[719000.0,3176000.0],[720000.0,3176000.0],[720000.0,3177000.0],[719000.0,3177000.0],[719000.0,3176000.0]]]},"id":"719,3176","properties":{"bld_cover":1.0E-4,"bld_height":3.763671875E-4,"id":"683"}},{"type":"Feature","geometry":{"geodesic":false,"crs":{"type":"name","properties":{"name":"EPSG:32643"}},"type":"Polygon","coordinates":[[[720000.0,3176000.0],[721000.0,3176000.0],[721000.0,3177000.0],[720000.0,3177000.0],[720000.0,3176000.0]]]},"id":"720,3176","properties":{"bld_cover":0.3788,"bld_height":4.0907625,"id":"684"}},{"type":"Feature","geometry":{"geodesic":false,"crs":{"type":"name","properties":{"name":"EPSG:32643"}},"type":"Polygon","coordinates":[[[721000.0,3176000.0],[722000.0,3176000.0],[722000.0,3177000.0],[721000.0,3177000.0],[721000.0,3176000.0]]]},"id":"721,3176","properties":{"bld_cover":0.5106,"bld_height":5.5239162109375,"id":"685"}},{"type":"Feature","geometry":{"geodesic":false,"crs":{"type":"name","properties":{"name":"EPSG:32643"}},"type":"Polygon","coordinates":[[[722000.0,3176000.0],[723000.0,3176000.0],[723000.0,3177000.0],[722000.0,3177000.0],[722000.0,3176000.0]]]},"id":"722,3176","properties":{"bld_cover":0.4764,"bld_height":5.7754197265625,"id":"686"}},{"type":"Feature","geometry":{"geodesic":false,"crs":{"type":"name","properties":{"name":"EPSG:32643"}},"type":"Polygon","coordinates":[[[723000.0,3176000.0],[724000.0,3176000.0],[724000.0,3177000.0],[723000.0,3177000.0],[723000.0,3176000.0]]]},"id":"723,3176","properties":{"bld_cover":0.2469,"bld_height":3.0481037109375,"id":"687"}},{"type":"Feature","geometry":{"geodesic":false,"crs":{"type":"name","properties":{"name":"EPSG:32643"}},"type":"Polygon","coordinates":[[[724000.0,3176000.0],[725000.0,3176000.0],[725000.0,3177000.0],[724000.0,3177000.0],[724000.0,3176000.0]]]},"id":"724,3176","properties":{"bld_cover":0.4808,"bld_height":5.0203072265625,"id":"688"}},{"type":"Feature","geometry":{"geodesic":false,"crs":{"type":"name","properties":{"name":"EPSG:32643"}},"type":"Polygon","coordinates":[[[725000.0,3176000.0],[726000.0,3176000.0],[726000.0,3177000.0],[725000.0,3177000.0],[725000.0,3176000.0]]]},"id":"725,3176","properties":{"bld_cover":0.2948,"bld_height":3.2557376953125,"id":"689"}},{"type":"Feature","geometry":{"geodesic":false,"crs":{"type":"name","properties":{"name":"EPSG:32643"}},"type":"Polygon","coordinates":[[[726000.0,3176000.0],[727000.0,3176000.0],[727000.0,3177000.0],[726000.0,3177000.0],[726000.0,3176000.0]]]},"id":"726,3176","properties":{"bld_cover":0.2497,"bld_height":2.7979052734375,"id":"690"}},{"type":"Feature","geometry":{"geodesic":false,"crs":{"type":"name","properties":{"name":"EPSG:32643"}},"type":"Polygon","coordinates":[[[727000.0,3176000.0],[728000.0,3176000.0],[728000.0,3177000.0],[727000.0,3177000.0],[727000.0,3176000.0]]]},"id":"727,3176","properties":{"bld_cover":0.3784,"bld_height":3.80569453125,"id":"691"}},{"type":"Feature","geometry":{"geodesic":false,"crs":{"type":"name","properties":{"name":"EPSG:32643"}},"type":"Polygon","coordinates":[[[728000.0,3176000.0],[729000.0,3176000.0],[729000.0,3177000.0],[728000.0,3177000.0],[728000.0,3176000.0]]]},"id":"728,3176","properties":{"bld_cover":0.3219,"bld_height":3.785057421875,"id":"692"}},{"type":"Feature","geometry":{"geodesic":false,"crs":{"type":"name","properties":{"name":"EPSG:32643"}},"type":"Polygon","coordinates":[[[729000.0,3176000.0],[730000.0,3176000.0],[730000.0,3177000.0],[729000.0,3177000.0],[729000.0,3176000.0]]]},"id":"729,3176","properties":{"bld_cover":0.2358,"bld_height":3.8926208984375,"id":"693"}},{"type":"Feature","geometry":{"geodesic":false,"crs":{"type":"name","properties":{"name":"EPSG:32643"}},"type":"Polygon","coordinates":[[[700000.0,3177000.0],[701000.0,3177000.0],[701000.0,3178000.0],[700000.0,3178000.0],[700000.0,3177000.0]]]},"id":"700,3177","properties":{"bld_cover":0.1611,"bld_height":1.9812986328125,"id":"694"}},{"type":"Feature","geometry":{"geodesic":false,"crs":{"type":"name","properties":{"name":"EPSG:32643"}},"type":"Polygon","coordinates":[[[701000.0,3177000.0],[702000.0,3177000.0],[702000.0,3178000.0],[701000.0,3178000.0],[701000.0,3177000.0]]]},"id":"701,3177","properties":{"bld_cover":0.3419,"bld_height":3.60428828125,"id":"695"}},{"type":"Feature","geometry":{"geodesic":false,"crs":{"type":"name","properties":{"name":"EPSG:32643"}},"type":"Polygon","coordinates":[[[702000.0,3177000.0],[703000.0,3177000.0],[703000.0,3178000.0],[702000.0,3178000.0],[702000.0,3177000.0]]]},"id":"702,3177","properties":{"bld_cover":0.3417,"bld_height":3.69876015625,"id":"696"}},{"type":"Feature","geometry":{"geodesic":false,"crs":{"type":"name","properties":{"name":"EPSG:32643"}},"type":"Polygon","coordinates":[[[703000.0,3177000.0],[704000.0,3177000.0],[704000.0,3178000.0],[703000.0,3178000.0],[703000.0,3177000.0]]]},"id":"703,3177","properties":{"bld_cover":0.55,"bld_height":5.43951015625,"id":"697"}},{"type":"Feature","geometry":{"geodesic":false,"crs":{"type":"name","properties":{"name":"EPSG:32643"}},"type":"Polygon","coordinates":[[[704000.0,3177000.0],[705000.0,3177000.0],[705000.0,3178000.0],[704000.0,3178000.0],[704000.0,3177000.0]]]},"id":"704,3177","properties":{"bld_cover":0.4136,"bld_height":5.0433953125,"id":"698"}},{"type":"Feature","geometry":{"geodesic":false,"crs":{"type":"name","properties":{"name":"EPSG:32643"}},"type":"Polygon","coordinates":[[[705000.0,3177000.0],[706000.0,3177000.0],[706000.0,3178000.0],[705000.0,3178000.0],[705000.0,3177000.0]]]},"id":"705,3177","properties":{"bld_cover":0.3239,"bld_height":4.8216017578125,"id":"699"}},{"type":"Feature","geometry":{"geodesic":false,"crs":{"type":"name","properties":{"name":"EPSG:32643"}},"type":"Polygon","coordinates":[[[706000.0,3177000.0],[707000.0,3177000.0],[707000.0,3178000.0],[706000.0,3178000.0],[706000.0,3177000.0]]]},"id":"706,3177","properties":{"bld_cover":0.299,"bld_height":4.8197986328125,"id":"700"}},{"type":"Feature","geometry":{"geodesic":false,"crs":{"type":"name","properties":{"name":"EPSG:32643"}},"type":"Polygon","coordinates":[[[707000.0,3177000.0],[708000.0,3177000.0],[708000.0,3178000.0],[707000.0,3178000.0],[707000.0,3177000.0]]]},"id":"707,3177","properties":{"bld_cover":0.2454,"bld_height":4.22572265625,"id":"701"}},{"type":"Feature","geometry":{"geodesic":false,"crs":{"type":"name","properties":{"name":"EPSG:32643"}},"type":"Polygon","coordinates":[[[708000.0,3177000.0],[709000.0,3177000.0],[709000.0,3178000.0],[708000.0,3178000.0],[708000.0,3177000.0]]]},"id":"708,3177","properties":{"bld_cover":0.2205,"bld_height":3.5794140625,"id":"702"}},{"type":"Feature","geometry":{"geodesic":false,"crs":{"type":"name","properties":{"name":"EPSG:32643"}},"type":"Polygon","coordinates":[[[709000.0,3177000.0],[710000.0,3177000.0],[710000.0,3178000.0],[709000.0,3178000.0],[709000.0,3177000.0]]]},"id":"709,3177","properties":{"bld_cover":0.2092,"bld_height":3.121426953125,"id":"703"}},{"type":"Feature","geometry":{"geodesic":false,"crs":{"type":"name","properties":{"name":"EPSG:32643"}},"type":"Polygon","coordinates":[[[710000.0,3177000.0],[711000.0,3177000.0],[711000.0,3178000.0],[710000.0,3178000.0],[710000.0,3177000.0]]]},"id":"710,3177","properties":{"bld_cover":0.23,"bld_height":3.513473046875,"id":"704"}},{"type":"Feature","geometry":{"geodesic":false,"crs":{"type":"name","properties":{"name":"EPSG:32643"}},"type":"Polygon","coordinates":[[[711000.0,3177000.0],[712000.0,3177000.0],[712000.0,3178000.0],[711000.0,3178000.0],[711000.0,3177000.0]]]},"id":"711,3177","properties":{"bld_cover":0.2693,"bld_height":3.6509849609375,"id":"705"}},{"type":"Feature","geometry":{"geodesic":false,"crs":{"type":"name","properties":{"name":"EPSG:32643"}},"type":"Polygon","coordinates":[[[712000.0,3177000.0],[713000.0,3177000.0],[713000.0,3178000.0],[712000.0,3178000.0],[712000.0,3177000.0]]]},"id":"712,3177","properties":{"bld_cover":0.2346,"bld_height":3.4753732421875,"id":"706"}},{"type":"Feature","geometry":{"geodesic":false,"crs":{"type":"name","properties":{"name":"EPSG:32643"}},"type":"Polygon","coordinates":[[[713000.0,3177000.0],[714000.0,3177000.0],[714000.0,3178000.0],[713000.0,3178000.0],[713000.0,3177000.0]]]},"id":"713,3177","properties":{"bld_cover":0.3454,"bld_height":4.4893041015625,"id":"707"}},{"type":"Feature","geometry":{"geodesic":false,"crs":{"type":"name","properties":{"name":"EPSG:32643"}},"type":"Polygon","coordinates":[[[714000.0,3177000.0],[715000.0,3177000.0],[715000.0,3178000.0],[714000.0,3178000.0],[714000.0,3177000.0]]]},"id":"714,3177","properties":{"bld_cover":0.2344,"bld_height":3.32280546875,"id":"708"}},{"type":"Feature","geometry":{"geodesic":false,"crs":{"type":"name","properties":{"name":"EPSG:32643"}},"type":"Polygon","coordinates":[[[715000.0,3177000.0],[716000.0,3177000.0],[716000.0,3178000.0],[715000.0,3178000.0],[715000.0,3177000.0]]]},"id":"715,3177","properties":{"bld_cover":0.2362,"bld_height":3.1383494140625,"id":"709"}},{"type":"Feature","geometry":{"geodesic":false,"crs":{"type":"name","properties":{"name":"EPSG:32643"}},"type":"Polygon","coordinates":[[[716000.0,3177000.0],[717000.0,3177000.0],[717000.0,3178000.0],[716000.0,3178000.0],[716000.0,3177000.0]]]},"id":"716,3177","properties":{"bld_cover":0.212,"bld_height":2.6419357421875,"id":"710"}},{"type":"Feature","geometry":{"geodesic":false,"crs":{"type":"name","properties":{"name":"EPSG:32643"}},"type":"Polygon","coordinates":[[[717000.0,3177000.0],[718000.0,3177000.0],[718000.0,3178000.0],[717000.0,3178000.0],[717000.0,3177000.0]]]},"id":"717,3177","properties":{"bld_cover":0.099,"bld_height":1.19149296875,"id":"711"}},{"type":"Feature","geometry":{"geodesic":false,"crs":{"type":"name","properties":{"name":"EPSG:32643"}},"type":"Polygon","coordinates":[[[718000.0,3177000.0],[719000.0,3177000.0],[719000.0,3178000.0],[718000.0,3178000.0],[718000.0,3177000.0]]]},"id":"718,3177","properties":{"bld_cover":0.0137,"bld_height":0.132494921875,"id":"712"}},{"type":"Feature","geometry":{"geodesic":false,"crs":{"type":"name","properties":{"name":"EPSG:32643"}},"type":"Polygon","coordinates":[[[719000.0,3177000.0],[720000.0,3177000.0],[720000.0,3178000.0],[719000.0,3178000.0],[719000.0,3177000.0]]]},"id":"719,3177","properties":{"bld_cover":0.0685,"bld_height":0.925532421875,"id":"713"}},{"type":"Feature","geometry":{"geodesic":false,"crs":{"type":"name","properties":{"name":"EPSG:32643"}},"type":"Polygon","coordinates":[[[720000.0,3177000.0],[721000.0,3177000.0],[721000.0,3178000.0],[720000.0,3178000.0],[720000.0,3177000.0]]]},"id":"720,3177","properties":{"bld_cover":0.3967,"bld_height":4.3735810546875,"id":"714"}},{"type":"Feature","geometry":{"geodesic":false,"crs":{"type":"name","properties":{"name":"EPSG:32643"}},"type":"Polygon","coordinates":[[[721000.0,3177000.0],[722000.0,3177000.0],[722000.0,3178000.0],[721000.0,3178000.0],[721000.0,3177000.0]]]},"id":"721,3177","properties":{"bld_cover":0.5138,"bld_height":5.7063328125,"id":"715"}},{"type":"Feature","geometry":{"geodesic":false,"crs":{"type":"name","properties":{"name":"EPSG:32643"}},"type":"Polygon","coordinates":[[[722000.0,3177000.0],[723000.0,3177000.0],[723000.0,3178000.0],[722000.0,3178000.0],[722000.0,3177000.0]]]},"id":"722,3177","properties":{"bld_cover":0.3362,"bld_height":4.0006513671875,"id":"716"}},{"type":"Feature","geometry":{"geodesic":false,"crs":{"type":"name","properties":{"name":"EPSG:32643"}},"type":"Polygon","coordinates":[[[723000.0,3177000.0],[724000.0,3177000.0],[724000.0,3178000.0],[723000.0,3178000.0],[723000.0,3177000.0]]]},"id":"723,3177","properties":{"bld_cover":0.3678,"bld_height":3.5887220703125,"id":"717"}},{"type":"Feature","geometry":{"geodesic":false,"crs":{"type":"name","properties":{"name":"EPSG:32643"}},"type":"Polygon","coordinates":[[[724000.0,3177000.0],[725000.0,3177000.0],[725000.0,3178000.0],[724000.0,3178000.0],[724000.0,3177000.0]]]},"id":"724,3177","properties":{"bld_cover":0.5406,"bld_height":5.4245638671875,"id":"718"}},{"type":"Feature","geometry":{"geodesic":false,"crs":{"type":"name","properties":{"name":"EPSG:32643"}},"type":"Polygon","coordinates":[[[725000.0,3177000.0],[726000.0,3177000.0],[726000.0,3178000.0],[725000.0,3178000.0],[725000.0,3177000.0]]]},"id":"725,3177","properties":{"bld_cover":0.4962,"bld_height":4.710217578125,"id":"719"}},{"type":"Feature","geometry":{"geodesic":false,"crs":{"type":"name","properties":{"name":"EPSG:32643"}},"type":"Polygon","coordinates":[[[726000.0,3177000.0],[727000.0,3177000.0],[727000.0,3178000.0],[726000.0,3178000.0],[726000.0,3177000.0]]]},"id":"726,3177","properties":{"bld_cover":0.4455,"bld_height":4.445465625,"id":"720"}},{"type":"Feature","geometry":{"geodesic":false,"crs":{"type":"name","properties":{"name":"EPSG:32643"}},"type":"Polygon","coordinates":[[[727000.0,3177000.0],[728000.0,3177000.0],[728000.0,3178000.0],[727000.0,3178000.0],[727000.0,3177000.0]]]},"id":"727,3177","properties":{"bld_cover":0.3782,"bld_height":3.7068421875,"id":"721"}},{"type":"Feature","geometry":{"geodesic":false,"crs":{"type":"name","properties":{"name":"EPSG:32643"}},"type":"Polygon","coordinates":[[[728000.0,3177000.0],[729000.0,3177000.0],[729000.0,3178000.0],[728000.0,3178000.0],[728000.0,3177000.0]]]},"id":"728,3177","properties":{"bld_cover":0.1475,"bld_height":1.219982421875,"id":"722"}},{"type":"Feature","geometry":{"geodesic":false,"crs":{"type":"name","properties":{"name":"EPSG:32643"}},"type":"Polygon","coordinates":[[[729000.0,3177000.0],[730000.0,3177000.0],[730000.0,3178000.0],[729000.0,3178000.0],[729000.0,3177000.0]]]},"id":"729,3177","properties":{"bld_cover":0.0587,"bld_height":0.5420998046875,"id":"723"}},{"type":"Feature","geometry":{"geodesic":false,"crs":{"type":"name","properties":{"name":"EPSG:32643"}},"type":"Polygon","coordinates":[[[700000.0,3178000.0],[701000.0,3178000.0],[701000.0,3179000.0],[700000.0,3179000.0],[700000.0,3178000.0]]]},"id":"700,3178","properties":{"bld_cover":0.0683,"bld_height":0.753971875,"id":"724"}},{"type":"Feature","geometry":{"geodesic":false,"crs":{"type":"name","properties":{"name":"EPSG:32643"}},"type":"Polygon","coordinates":[[[701000.0,3178000.0],[702000.0,3178000.0],[702000.0,3179000.0],[701000.0,3179000.0],[701000.0,3178000.0]]]},"id":"701,3178","properties":{"bld_cover":0.1705,"bld_height":2.318305078125,"id":"725"}},{"type":"Feature","geometry":{"geodesic":false,"crs":{"type":"name","properties":{"name":"EPSG:32643"}},"type":"Polygon","coordinates":[[[702000.0,3178000.0],[703000.0,3178000.0],[703000.0,3179000.0],[702000.0,3179000.0],[702000.0,3178000.0]]]},"id":"702,3178","properties":{"bld_cover":0.2087,"bld_height":2.190105859375,"id":"726"}},{"type":"Feature","geometry":{"geodesic":false,"crs":{"type":"name","properties":{"name":"EPSG:32643"}},"type":"Polygon","coordinates":[[[703000.0,3178000.0],[704000.0,3178000.0],[704000.0,3179000.0],[703000.0,3179000.0],[703000.0,3178000.0]]]},"id":"703,3178","properties":{"bld_cover":0.3372,"bld_height":3.5863220703125,"id":"727"}},{"type":"Feature","geometry":{"geodesic":false,"crs":{"type":"name","properties":{"name":"EPSG:32643"}},"type":"Polygon","coordinates":[[[704000.0,3178000.0],[705000.0,3178000.0],[705000.0,3179000.0],[704000.0,3179000.0],[704000.0,3178000.0]]]},"id":"704,3178","properties":{"bld_cover":0.4162,"bld_height":4.475240625,"id":"728"}},{"type":"Feature","geometry":{"geodesic":false,"crs":{"type":"name","properties":{"name":"EPSG:32643"}},"type":"Polygon","coordinates":[[[705000.0,3178000.0],[706000.0,3178000.0],[706000.0,3179000.0],[705000.0,3179000.0],[705000.0,3178000.0]]]},"id":"705,3178","properties":{"bld_cover":0.3662,"bld_height":4.6277744140625,"id":"729"}},{"type":"Feature","geometry":{"geodesic":false,"crs":{"type":"name","properties":{"name":"EPSG:32643"}},"type":"Polygon","coordinates":[[[706000.0,3178000.0],[707000.0,3178000.0],[707000.0,3179000.0],[706000.0,3179000.0],[706000.0,3178000.0]]]},"id":"706,3178","properties":{"bld_cover":0.1273,"bld_height":2.6296703125,"id":"730"}},{"type":"Feature","geometry":{"geodesic":false,"crs":{"type":"name","properties":{"name":"EPSG:32643"}},"type":"Polygon","coordinates":[[[707000.0,3178000.0],[708000.0,3178000.0],[708000.0,3179000.0],[707000.0,3179000.0],[707000.0,3178000.0]]]},"id":"707,3178","properties":{"bld_cover":0.2484,"bld_height":4.3476109375,"id":"731"}},{"type":"Feature","geometry":{"geodesic":false,"crs":{"type":"name","properties":{"name":"EPSG:32643"}},"type":"Polygon","coordinates":[[[708000.0,3178000.0],[709000.0,3178000.0],[709000.0,3179000.0],[708000.0,3179000.0],[708000.0,3178000.0]]]},"id":"708,3178","properties":{"bld_cover":0.2385,"bld_height":4.3375287109375,"id":"732"}},{"type":"Feature","geometry":{"geodesic":false,"crs":{"type":"name","properties":{"name":"EPSG:32643"}},"type":"Polygon","coordinates":[[[709000.0,3178000.0],[710000.0,3178000.0],[710000.0,3179000.0],[709000.0,3179000.0],[709000.0,3178000.0]]]},"id":"709,3178","properties":{"bld_cover":0.1445,"bld_height":2.245014453125,"id":"733"}},{"type":"Feature","geometry":{"geodesic":false,"crs":{"type":"name","properties":{"name":"EPSG:32643"}},"type":"Polygon","coordinates":[[[710000.0,3178000.0],[711000.0,3178000.0],[711000.0,3179000.0],[710000.0,3179000.0],[710000.0,3178000.0]]]},"id":"710,3178","properties":{"bld_cover":0.206,"bld_height":3.219974609375,"id":"734"}},{"type":"Feature","geometry":{"geodesic":false,"crs":{"type":"name","properties":{"name":"EPSG:32643"}},"type":"Polygon","coordinates":[[[711000.0,3178000.0],[712000.0,3178000.0],[712000.0,3179000.0],[711000.0,3179000.0],[711000.0,3178000.0]]]},"id":"711,3178","properties":{"bld_cover":0.2379,"bld_height":2.5301623046875,"id":"735"}},{"type":"Feature","geometry":{"geodesic":false,"crs":{"type":"name","properties":{"name":"EPSG:32643"}},"type":"Polygon","coordinates":[[[712000.0,3178000.0],[713000.0,3178000.0],[713000.0,3179000.0],[712000.0,3179000.0],[712000.0,3178000.0]]]},"id":"712,3178","properties":{"bld_cover":0.4525,"bld_height":5.2678677734375,"id":"736"}},{"type":"Feature","geometry":{"geodesic":false,"crs":{"type":"name","properties":{"name":"EPSG:32643"}},"type":"Polygon","coordinates":[[[713000.0,3178000.0],[714000.0,3178000.0],[714000.0,3179000.0],[713000.0,3179000.0],[713000.0,3178000.0]]]},"id":"713,3178","properties":{"bld_cover":0.1138,"bld_height":1.6359994140625,"id":"737"}},{"type":"Feature","geometry":{"geodesic":false,"crs":{"type":"name","properties":{"name":"EPSG:32643"}},"type":"Polygon","coordinates":[[[714000.0,3178000.0],[715000.0,3178000.0],[715000.0,3179000.0],[714000.0,3179000.0],[714000.0,3178000.0]]]},"id":"714,3178","properties":{"bld_cover":0.0093,"bld_height":0.1745232421875,"id":"738"}},{"type":"Feature","geometry":{"geodesic":false,"crs":{"type":"name","properties":{"name":"EPSG:32643"}},"type":"Polygon","coordinates":[[[715000.0,3178000.0],[716000.0,3178000.0],[716000.0,3179000.0],[715000.0,3179000.0],[715000.0,3178000.0]]]},"id":"715,3178","properties":{"bld_cover":0.2295,"bld_height":2.8677953125,"id":"739"}},{"type":"Feature","geometry":{"geodesic":false,"crs":{"type":"name","properties":{"name":"EPSG:32643"}},"type":"Polygon","coordinates":[[[716000.0,3178000.0],[717000.0,3178000.0],[717000.0,3179000.0],[716000.0,3179000.0],[716000.0,3178000.0]]]},"id":"716,3178","properties":{"bld_cover":0.184,"bld_height":2.3783072265625,"id":"740"}},{"type":"Feature","geometry":{"geodesic":false,"crs":{"type":"name","properties":{"name":"EPSG:32643"}},"type":"Polygon","coordinates":[[[717000.0,3178000.0],[718000.0,3178000.0],[718000.0,3179000.0],[717000.0,3179000.0],[717000.0,3178000.0]]]},"id":"717,3178","properties":{"bld_cover":0.1125,"bld_height":1.1855271484375,"id":"741"}},{"type":"Feature","geometry":{"geodesic":false,"crs":{"type":"name","properties":{"name":"EPSG:32643"}},"type":"Polygon","coordinates":[[[718000.0,3178000.0],[719000.0,3178000.0],[719000.0,3179000.0],[718000.0,3179000.0],[718000.0,3178000.0]]]},"id":"718,3178","properties":{"bld_cover":0.0122,"bld_height":0.064283984375,"id":"742"}},{"type":"Feature","geometry":{"geodesic":false,"crs":{"type":"name","properties":{"name":"EPSG:32643"}},"type":"Polygon","coordinates":[[[719000.0,3178000.0],[720000.0,3178000.0],[720000.0,3179000.0],[719000.0,3179000.0],[719000.0,3178000.0]]]},"id":"719,3178","properties":{"bld_cover":0.257,"bld_height":3.1643470703125,"id":"743"}},{"type":"Feature","geometry":{"geodesic":false,"crs":{"type":"name","properties":{"name":"EPSG:32643"}},"type":"Polygon","coordinates":[[[720000.0,3178000.0],[721000.0,3178000.0],[721000.0,3179000.0],[720000.0,3179000.0],[720000.0,3178000.0]]]},"id":"720,3178","properties":{"bld_cover":0.2894,"bld_height":3.0678486328125,"id":"744"}},{"type":"Feature","geometry":{"geodesic":false,"crs":{"type":"name","properties":{"name":"EPSG:32643"}},"type":"Polygon","coordinates":[[[721000.0,3178000.0],[722000.0,3178000.0],[722000.0,3179000.0],[721000.0,3179000.0],[721000.0,3178000.0]]]},"id":"721,3178","properties":{"bld_cover":0.5637,"bld_height":5.4760328125,"id":"745"}},{"type":"Feature","geometry":{"geodesic":false,"crs":{"type":"name","properties":{"name":"EPSG:32643"}},"type":"Polygon","coordinates":[[[722000.0,3178000.0],[723000.0,3178000.0],[723000.0,3179000.0],[722000.0,3179000.0],[722000.0,3178000.0]]]},"id":"722,3178","properties":{"bld_cover":0.5122,"bld_height":6.0699541015625,"id":"746"}},{"type":"Feature","geometry":{"geodesic":false,"crs":{"type":"name","properties":{"name":"EPSG:32643"}},"type":"Polygon","coordinates":[[[723000.0,3178000.0],[724000.0,3178000.0],[724000.0,3179000.0],[723000.0,3179000.0],[723000.0,3178000.0]]]},"id":"723,3178","properties":{"bld_cover":0.433,"bld_height":4.5307484375,"id":"747"}},{"type":"Feature","geometry":{"geodesic":false,"crs":{"type":"name","properties":{"name":"EPSG:32643"}},"type":"Polygon","coordinates":[[[724000.0,3178000.0],[725000.0,3178000.0],[725000.0,3179000.0],[724000.0,3179000.0],[724000.0,3178000.0]]]},"id":"724,3178","properties":{"bld_cover":0.4178,"bld_height":3.6694078125,"id":"748"}},{"type":"Feature","geometry":{"geodesic":false,"crs":{"type":"name","properties":{"name":"EPSG:32643"}},"type":"Polygon","coordinates":[[[725000.0,3178000.0],[726000.0,3178000.0],[726000.0,3179000.0],[725000.0,3179000.0],[725000.0,3178000.0]]]},"id":"725,3178","properties":{"bld_cover":0.4761,"bld_height":4.19473203125,"id":"749"}},{"type":"Feature","geometry":{"geodesic":false,"crs":{"type":"name","properties":{"name":"EPSG:32643"}},"type":"Polygon","coordinates":[[[726000.0,3178000.0],[727000.0,3178000.0],[727000.0,3179000.0],[726000.0,3179000.0],[726000.0,3178000.0]]]},"id":"726,3178","properties":{"bld_cover":0.3166,"bld_height":2.3969912109375,"id":"750"}},{"type":"Feature","geometry":{"geodesic":false,"crs":{"type":"name","properties":{"name":"EPSG:32643"}},"type":"Polygon","coordinates":[[[727000.0,3178000.0],[728000.0,3178000.0],[728000.0,3179000.0],[727000.0,3179000.0],[727000.0,3178000.0]]]},"id":"727,3178","properties":{"bld_cover":0.1424,"bld_height":2.3389720703125,"id":"751"}},{"type":"Feature","geometry":{"geodesic":false,"crs":{"type":"name","properties":{"name":"EPSG:32643"}},"type":"Polygon","coordinates":[[[728000.0,3178000.0],[729000.0,3178000.0],[729000.0,3179000.0],[728000.0,3179000.0],[728000.0,3178000.0]]]},"id":"728,3178","properties":{"bld_cover":0.0387,"bld_height":0.3145126953125,"id":"752"}},{"type":"Feature","geometry":{"geodesic":false,"crs":{"type":"name","properties":{"name":"EPSG:32643"}},"type":"Polygon","coordinates":[[[729000.0,3178000.0],[730000.0,3178000.0],[730000.0,3179000.0],[729000.0,3179000.0],[729000.0,3178000.0]]]},"id":"729,3178","properties":{"bld_cover":9.0E-4,"bld_height":0.1778021484375,"id":"753"}},{"type":"Feature","geometry":{"geodesic":false,"crs":{"type":"name","properties":{"name":"EPSG:32643"}},"type":"Polygon","coordinates":[[[700000.0,3179000.0],[701000.0,3179000.0],[701000.0,3180000.0],[700000.0,3180000.0],[700000.0,3179000.0]]]},"id":"700,3179","properties":{"bld_cover":0.2503,"bld_height":2.43551640625,"id":"754"}},{"type":"Feature","geometry":{"geodesic":false,"crs":{"type":"name","properties":{"name":"EPSG:32643"}},"type":"Polygon","coordinates":[[[701000.0,3179000.0],[702000.0,3179000.0],[702000.0,3180000.0],[701000.0,3180000.0],[701000.0,3179000.0]]]},"id":"701,3179","properties":{"bld_cover":0.3813,"bld_height":3.13341328125,"id":"755"}},{"type":"Feature","geometry":{"geodesic":false,"crs":{"type":"name","properties":{"name":"EPSG:32643"}},"type":"Polygon","coordinates":[[[702000.0,3179000.0],[703000.0,3179000.0],[703000.0,3180000.0],[702000.0,3180000.0],[702000.0,3179000.0]]]},"id":"702,3179","properties":{"bld_cover":0.1368,"bld_height":1.2473404296875,"id":"756"}},{"type":"Feature","geometry":{"geodesic":false,"crs":{"type":"name","properties":{"name":"EPSG:32643"}},"type":"Polygon","coordinates":[[[703000.0,3179000.0],[704000.0,3179000.0],[704000.0,3180000.0],[703000.0,3180000.0],[703000.0,3179000.0]]]},"id":"703,3179","properties":{"bld_cover":0.1667,"bld_height":2.5010015625,"id":"757"}},{"type":"Feature","geometry":{"geodesic":false,"crs":{"type":"name","properties":{"name":"EPSG:32643"}},"type":"Polygon","coordinates":[[[704000.0,3179000.0],[705000.0,3179000.0],[705000.0,3180000.0],[704000.0,3180000.0],[704000.0,3179000.0]]]},"id":"704,3179","properties":{"bld_cover":0.1812,"bld_height":2.9442572265625,"id":"758"}},{"type":"Feature","geometry":{"geodesic":false,"crs":{"type":"name","properties":{"name":"EPSG:32643"}},"type":"Polygon","coordinates":[[[705000.0,3179000.0],[706000.0,3179000.0],[706000.0,3180000.0],[705000.0,3180000.0],[705000.0,3179000.0]]]},"id":"705,3179","properties":{"bld_cover":0.0863,"bld_height":0.6789033203125,"id":"759"}},{"type":"Feature","geometry":{"geodesic":false,"crs":{"type":"name","properties":{"name":"EPSG:32643"}},"type":"Polygon","coordinates":[[[706000.0,3179000.0],[707000.0,3179000.0],[707000.0,3180000.0],[706000.0,3180000.0],[706000.0,3179000.0]]]},"id":"706,3179","properties":{"bld_cover":0.0864,"bld_height":1.170571484375,"id":"760"}},{"type":"Feature","geometry":{"geodesic":false,"crs":{"type":"name","properties":{"name":"EPSG:32643"}},"type":"Polygon","coordinates":[[[707000.0,3179000.0],[708000.0,3179000.0],[708000.0,3180000.0],[707000.0,3180000.0],[707000.0,3179000.0]]]},"id":"707,3179","properties":{"bld_cover":0.0933,"bld_height":1.5439220703125,"id":"761"}},{"type":"Feature","geometry":{"geodesic":false,"crs":{"type":"name","properties":{"name":"EPSG:32643"}},"type":"Polygon","coordinates":[[[708000.0,3179000.0],[709000.0,3179000.0],[709000.0,3180000.0],[708000.0,3180000.0],[708000.0,3179000.0]]]},"id":"708,3179","properties":{"bld_cover":0.1227,"bld_height":1.9368521484375,"id":"762"}},{"type":"Feature","geometry":{"geodesic":false,"crs":{"type":"name","properties":{"name":"EPSG:32643"}},"type":"Polygon","coordinates":[[[709000.0,3179000.0],[710000.0,3179000.0],[710000.0,3180000.0],[709000.0,3180000.0],[709000.0,3179000.0]]]},"id":"709,3179","properties":{"bld_cover":0.1892,"bld_height":2.3929951171875,"id":"763"}},{"type":"Feature","geometry":{"geodesic":false,"crs":{"type":"name","properties":{"name":"EPSG:32643"}},"type":"Polygon","coordinates":[[[710000.0,3179000.0],[711000.0,3179000.0],[711000.0,3180000.0],[710000.0,3180000.0],[710000.0,3179000.0]]]},"id":"710,3179","properties":{"bld_cover":0.2875,"bld_height":3.655034765625,"id":"764"}},{"type":"Feature","geometry":{"geodesic":false,"crs":{"type":"name","properties":{"name":"EPSG:32643"}},"type":"Polygon","coordinates":[[[711000.0,3179000.0],[712000.0,3179000.0],[712000.0,3180000.0],[711000.0,3180000.0],[711000.0,3179000.0]]]},"id":"711,3179","properties":{"bld_cover":0.3773,"bld_height":4.5190107421875,"id":"765"}},{"type":"Feature","geometry":{"geodesic":false,"crs":{"type":"name","properties":{"name":"EPSG:32643"}},"type":"Polygon","coordinates":[[[712000.0,3179000.0],[713000.0,3179000.0],[713000.0,3180000.0],[712000.0,3180000.0],[712000.0,3179000.0]]]},"id":"712,3179","properties":{"bld_cover":0.2016,"bld_height":2.4311611328125,"id":"766"}},{"type":"Feature","geometry":{"geodesic":false,"crs":{"type":"name","properties":{"name":"EPSG:32643"}},"type":"Polygon","coordinates":[[[713000.0,3179000.0],[714000.0,3179000.0],[714000.0,3180000.0],[713000.0,3180000.0],[713000.0,3179000.0]]]},"id":"713,3179","properties":{"bld_cover":0.0741,"bld_height":1.18295390625,"id":"767"}},{"type":"Feature","geometry":{"geodesic":false,"crs":{"type":"name","properties":{"name":"EPSG:32643"}},"type":"Polygon","coordinates":[[[714000.0,3179000.0],[715000.0,3179000.0],[715000.0,3180000.0],[714000.0,3180000.0],[714000.0,3179000.0]]]},"id":"714,3179","properties":{"bld_cover":0.0344,"bld_height":0.2363892578125,"id":"768"}},{"type":"Feature","geometry":{"geodesic":false,"crs":{"type":"name","properties":{"name":"EPSG:32643"}},"type":"Polygon","coordinates":[[[715000.0,3179000.0],[716000.0,3179000.0],[716000.0,3180000.0],[715000.0,3180000.0],[715000.0,3179000.0]]]},"id":"715,3179","properties":{"bld_cover":0.0989,"bld_height":1.28862890625,"id":"769"}},{"type":"Feature","geometry":{"geodesic":false,"crs":{"type":"name","properties":{"name":"EPSG:32643"}},"type":"Polygon","coordinates":[[[716000.0,3179000.0],[717000.0,3179000.0],[717000.0,3180000.0],[716000.0,3180000.0],[716000.0,3179000.0]]]},"id":"716,3179","properties":{"bld_cover":0.2478,"bld_height":3.5380857421875,"id":"770"}},{"type":"Feature","geometry":{"geodesic":false,"crs":{"type":"name","properties":{"name":"EPSG:32643"}},"type":"Polygon","coordinates":[[[717000.0,3179000.0],[718000.0,3179000.0],[718000.0,3180000.0],[717000.0,3180000.0],[717000.0,3179000.0]]]},"id":"717,3179","properties":{"bld_cover":0.2427,"bld_height":3.269355078125,"id":"771"}},{"type":"Feature","geometry":{"geodesic":false,"crs":{"type":"name","properties":{"name":"EPSG:32643"}},"type":"Polygon","coordinates":[[[718000.0,3179000.0],[719000.0,3179000.0],[719000.0,3180000.0],[718000.0,3180000.0],[718000.0,3179000.0]]]},"id":"718,3179","properties":{"bld_cover":0.001,"bld_height":0.0022693359375,"id":"772"}},{"type":"Feature","geometry":{"geodesic":false,"crs":{"type":"name","properties":{"name":"EPSG:32643"}},"type":"Polygon","coordinates":[[[719000.0,3179000.0],[720000.0,3179000.0],[720000.0,3180000.0],[719000.0,3180000.0],[719000.0,3179000.0]]]},"id":"719,3179","properties":{"bld_cover":0.2539,"bld_height":2.8865603515625,"id":"773"}},{"type":"Feature","geometry":{"geodesic":false,"crs":{"type":"name","properties":{"name":"EPSG:32643"}},"type":"Polygon","coordinates":[[[720000.0,3179000.0],[721000.0,3179000.0],[721000.0,3180000.0],[720000.0,3180000.0],[720000.0,3179000.0]]]},"id":"720,3179","properties":{"bld_cover":0.2613,"bld_height":2.3352849609375,"id":"774"}},{"type":"Feature","geometry":{"geodesic":false,"crs":{"type":"name","properties":{"name":"EPSG:32643"}},"type":"Polygon","coordinates":[[[721000.0,3179000.0],[722000.0,3179000.0],[722000.0,3180000.0],[721000.0,3180000.0],[721000.0,3179000.0]]]},"id":"721,3179","properties":{"bld_cover":0.5095,"bld_height":5.2546087890625,"id":"775"}},{"type":"Feature","geometry":{"geodesic":false,"crs":{"type":"name","properties":{"name":"EPSG:32643"}},"type":"Polygon","coordinates":[[[722000.0,3179000.0],[723000.0,3179000.0],[723000.0,3180000.0],[722000.0,3180000.0],[722000.0,3179000.0]]]},"id":"722,3179","properties":{"bld_cover":0.4921,"bld_height":5.44375,"id":"776"}},{"type":"Feature","geometry":{"geodesic":false,"crs":{"type":"name","properties":{"name":"EPSG:32643"}},"type":"Polygon","coordinates":[[[723000.0,3179000.0],[724000.0,3179000.0],[724000.0,3180000.0],[723000.0,3180000.0],[723000.0,3179000.0]]]},"id":"723,3179","properties":{"bld_cover":0.4756,"bld_height":4.5996958984375,"id":"777"}},{"type":"Feature","geometry":{"geodesic":false,"crs":{"type":"name","properties":{"name":"EPSG:32643"}},"type":"Polygon","coordinates":[[[724000.0,3179000.0],[725000.0,3179000.0],[725000.0,3180000.0],[724000.0,3180000.0],[724000.0,3179000.0]]]},"id":"724,3179","properties":{"bld_cover":0.4024,"bld_height":3.4948544921875,"id":"778"}},{"type":"Feature","geometry":{"geodesic":false,"crs":{"type":"name","properties":{"name":"EPSG:32643"}},"type":"Polygon","coordinates":[[[725000.0,3179000.0],[726000.0,3179000.0],[726000.0,3180000.0],[725000.0,3180000.0],[725000.0,3179000.0]]]},"id":"725,3179","properties":{"bld_cover":0.1709,"bld_height":1.3548748046875,"id":"779"}},{"type":"Feature","geometry":{"geodesic":false,"crs":{"type":"name","properties":{"name":"EPSG:32643"}},"type":"Polygon","coordinates":[[[726000.0,3179000.0],[727000.0,3179000.0],[727000.0,3180000.0],[726000.0,3180000.0],[726000.0,3179000.0]]]},"id":"726,3179","properties":{"bld_cover":0.2065,"bld_height":1.4467822265625,"id":"780"}},{"type":"Feature","geometry":{"geodesic":false,"crs":{"type":"name","properties":{"name":"EPSG:32643"}},"type":"Polygon","coordinates":[[[727000.0,3179000.0],[728000.0,3179000.0],[728000.0,3180000.0],[727000.0,3180000.0],[727000.0,3179000.0]]]},"id":"727,3179","properties":{"bld_cover":0.1393,"bld_height":1.0626353515625,"id":"781"}},{"type":"Feature","geometry":{"geodesic":false,"crs":{"type":"name","properties":{"name":"EPSG:32643"}},"type":"Polygon","coordinates":[[[728000.0,3179000.0],[729000.0,3179000.0],[729000.0,3180000.0],[728000.0,3180000.0],[728000.0,3179000.0]]]},"id":"728,3179","properties":{"bld_cover":0.0642,"bld_height":0.5487205078125,"id":"782"}},{"type":"Feature","geometry":{"geodesic":false,"crs":{"type":"name","properties":{"name":"EPSG:32643"}},"type":"Polygon","coordinates":[[[729000.0,3179000.0],[730000.0,3179000.0],[730000.0,3180000.0],[729000.0,3180000.0],[729000.0,3179000.0]]]},"id":"729,3179","properties":{"bld_cover":0.0991,"bld_height":0.716720703125,"id":"783"}},{"type":"Feature","geometry":{"geodesic":false,"crs":{"type":"name","properties":{"name":"EPSG:32643"}},"type":"Polygon","coordinates":[[[700000.0,3180000.0],[701000.0,3180000.0],[701000.0,3181000.0],[700000.0,3181000.0],[700000.0,3180000.0]]]},"id":"700,3180","properties":{"bld_cover":0.1618,"bld_height":1.2612904296875,"id":"784"}},{"type":"Feature","geometry":{"geodesic":false,"crs":{"type":"name","properties":{"name":"EPSG:32643"}},"type":"Polygon","coordinates":[[[701000.0,3180000.0],[702000.0,3180000.0],[702000.0,3181000.0],[701000.0,3181000.0],[701000.0,3180000.0]]]},"id":"701,3180","properties":{"bld_cover":0.3426,"bld_height":2.8573732421875,"id":"785"}},{"type":"Feature","geometry":{"geodesic":false,"crs":{"type":"name","properties":{"name":"EPSG:32643"}},"type":"Polygon","coordinates":[[[702000.0,3180000.0],[703000.0,3180000.0],[703000.0,3181000.0],[702000.0,3181000.0],[702000.0,3180000.0]]]},"id":"702,3180","properties":{"bld_cover":0.0906,"bld_height":0.6915494140625,"id":"786"}},{"type":"Feature","geometry":{"geodesic":false,"crs":{"type":"name","properties":{"name":"EPSG:32643"}},"type":"Polygon","coordinates":[[[703000.0,3180000.0],[704000.0,3180000.0],[704000.0,3181000.0],[703000.0,3181000.0],[703000.0,3180000.0]]]},"id":"703,3180","properties":{"bld_cover":0.1413,"bld_height":1.48396796875,"id":"787"}},{"type":"Feature","geometry":{"geodesic":false,"crs":{"type":"name","properties":{"name":"EPSG:32643"}},"type":"Polygon","coordinates":[[[704000.0,3180000.0],[705000.0,3180000.0],[705000.0,3181000.0],[704000.0,3181000.0],[704000.0,3180000.0]]]},"id":"704,3180","properties":{"bld_cover":0.1246,"bld_height":1.500491796875,"id":"788"}},{"type":"Feature","geometry":{"geodesic":false,"crs":{"type":"name","properties":{"name":"EPSG:32643"}},"type":"Polygon","coordinates":[[[705000.0,3180000.0],[706000.0,3180000.0],[706000.0,3181000.0],[705000.0,3181000.0],[705000.0,3180000.0]]]},"id":"705,3180","properties":{"bld_cover":0.0814,"bld_height":1.16565,"id":"789"}},{"type":"Feature","geometry":{"geodesic":false,"crs":{"type":"name","properties":{"name":"EPSG:32643"}},"type":"Polygon","coordinates":[[[706000.0,3180000.0],[707000.0,3180000.0],[707000.0,3181000.0],[706000.0,3181000.0],[706000.0,3180000.0]]]},"id":"706,3180","properties":{"bld_cover":0.2173,"bld_height":3.4234578125,"id":"790"}},{"type":"Feature","geometry":{"geodesic":false,"crs":{"type":"name","properties":{"name":"EPSG:32643"}},"type":"Polygon","coordinates":[[[707000.0,3180000.0],[708000.0,3180000.0],[708000.0,3181000.0],[707000.0,3181000.0],[707000.0,3180000.0]]]},"id":"707,3180","properties":{"bld_cover":0.2428,"bld_height":3.5822775390625,"id":"791"}},{"type":"Feature","geometry":{"geodesic":false,"crs":{"type":"name","properties":{"name":"EPSG:32643"}},"type":"Polygon","coordinates":[[[708000.0,3180000.0],[709000.0,3180000.0],[709000.0,3181000.0],[708000.0,3181000.0],[708000.0,3180000.0]]]},"id":"708,3180","properties":{"bld_cover":0.1979,"bld_height":3.1588072265625,"id":"792"}},{"type":"Feature","geometry":{"geodesic":false,"crs":{"type":"name","properties":{"name":"EPSG:32643"}},"type":"Polygon","coordinates":[[[709000.0,3180000.0],[710000.0,3180000.0],[710000.0,3181000.0],[709000.0,3181000.0],[709000.0,3180000.0]]]},"id":"709,3180","properties":{"bld_cover":0.2537,"bld_height":3.1490701171875,"id":"793"}},{"type":"Feature","geometry":{"geodesic":false,"crs":{"type":"name","properties":{"name":"EPSG:32643"}},"type":"Polygon","coordinates":[[[710000.0,3180000.0],[711000.0,3180000.0],[711000.0,3181000.0],[710000.0,3181000.0],[710000.0,3180000.0]]]},"id":"710,3180","properties":{"bld_cover":0.1039,"bld_height":1.003018359375,"id":"794"}},{"type":"Feature","geometry":{"geodesic":false,"crs":{"type":"name","properties":{"name":"EPSG:32643"}},"type":"Polygon","coordinates":[[[711000.0,3180000.0],[712000.0,3180000.0],[712000.0,3181000.0],[711000.0,3181000.0],[711000.0,3180000.0]]]},"id":"711,3180","properties":{"bld_cover":0.2435,"bld_height":3.1298845703125,"id":"795"}},{"type":"Feature","geometry":{"geodesic":false,"crs":{"type":"name","properties":{"name":"EPSG:32643"}},"type":"Polygon","coordinates":[[[712000.0,3180000.0],[713000.0,3180000.0],[713000.0,3181000.0],[712000.0,3181000.0],[712000.0,3180000.0]]]},"id":"712,3180","properties":{"bld_cover":0.1395,"bld_height":1.7604140625,"id":"796"}},{"type":"Feature","geometry":{"geodesic":false,"crs":{"type":"name","properties":{"name":"EPSG:32643"}},"type":"Polygon","coordinates":[[[713000.0,3180000.0],[714000.0,3180000.0],[714000.0,3181000.0],[713000.0,3181000.0],[713000.0,3180000.0]]]},"id":"713,3180","properties":{"bld_cover":0.2486,"bld_height":2.90950078125,"id":"797"}},{"type":"Feature","geometry":{"geodesic":false,"crs":{"type":"name","properties":{"name":"EPSG:32643"}},"type":"Polygon","coordinates":[[[714000.0,3180000.0],[715000.0,3180000.0],[715000.0,3181000.0],[714000.0,3181000.0],[714000.0,3180000.0]]]},"id":"714,3180","properties":{"bld_cover":0.2098,"bld_height":2.2995072265625,"id":"798"}},{"type":"Feature","geometry":{"geodesic":false,"crs":{"type":"name","properties":{"name":"EPSG:32643"}},"type":"Polygon","coordinates":[[[715000.0,3180000.0],[716000.0,3180000.0],[716000.0,3181000.0],[715000.0,3181000.0],[715000.0,3180000.0]]]},"id":"715,3180","properties":{"bld_cover":0.2752,"bld_height":3.4142359375,"id":"799"}},{"type":"Feature","geometry":{"geodesic":false,"crs":{"type":"name","properties":{"name":"EPSG:32643"}},"type":"Polygon","coordinates":[[[716000.0,3180000.0],[717000.0,3180000.0],[717000.0,3181000.0],[716000.0,3181000.0],[716000.0,3180000.0]]]},"id":"716,3180","properties":{"bld_cover":0.1569,"bld_height":1.381860546875,"id":"800"}},{"type":"Feature","geometry":{"geodesic":false,"crs":{"type":"name","properties":{"name":"EPSG:32643"}},"type":"Polygon","coordinates":[[[717000.0,3180000.0],[718000.0,3180000.0],[718000.0,3181000.0],[717000.0,3181000.0],[717000.0,3180000.0]]]},"id":"717,3180","properties":{"bld_cover":0.0851,"bld_height":0.87822734375,"id":"801"}},{"type":"Feature","geometry":{"geodesic":false,"crs":{"type":"name","properties":{"name":"EPSG:32643"}},"type":"Polygon","coordinates":[[[718000.0,3180000.0],[719000.0,3180000.0],[719000.0,3181000.0],[718000.0,3181000.0],[718000.0,3180000.0]]]},"id":"718,3180","properties":{"bld_cover":2.0E-4,"bld_height":7.970703125E-4,"id":"802"}},{"type":"Feature","geometry":{"geodesic":false,"crs":{"type":"name","properties":{"name":"EPSG:32643"}},"type":"Polygon","coordinates":[[[719000.0,3180000.0],[720000.0,3180000.0],[720000.0,3181000.0],[719000.0,3181000.0],[719000.0,3180000.0]]]},"id":"719,3180","properties":{"bld_cover":0.2306,"bld_height":2.296398046875,"id":"803"}},{"type":"Feature","geometry":{"geodesic":false,"crs":{"type":"name","properties":{"name":"EPSG:32643"}},"type":"Polygon","coordinates":[[[720000.0,3180000.0],[721000.0,3180000.0],[721000.0,3181000.0],[720000.0,3181000.0],[720000.0,3180000.0]]]},"id":"720,3180","properties":{"bld_cover":0.242,"bld_height":2.5361916015625,"id":"804"}},{"type":"Feature","geometry":{"geodesic":false,"crs":{"type":"name","properties":{"name":"EPSG:32643"}},"type":"Polygon","coordinates":[[[721000.0,3180000.0],[722000.0,3180000.0],[722000.0,3181000.0],[721000.0,3181000.0],[721000.0,3180000.0]]]},"id":"721,3180","properties":{"bld_cover":0.4652,"bld_height":4.9426841796875,"id":"805"}},{"type":"Feature","geometry":{"geodesic":false,"crs":{"type":"name","properties":{"name":"EPSG:32643"}},"type":"Polygon","coordinates":[[[722000.0,3180000.0],[723000.0,3180000.0],[723000.0,3181000.0],[722000.0,3181000.0],[722000.0,3180000.0]]]},"id":"722,3180","properties":{"bld_cover":0.31,"bld_height":3.2797681640625,"id":"806"}},{"type":"Feature","geometry":{"geodesic":false,"crs":{"type":"name","properties":{"name":"EPSG:32643"}},"type":"Polygon","coordinates":[[[723000.0,3180000.0],[724000.0,3180000.0],[724000.0,3181000.0],[723000.0,3181000.0],[723000.0,3180000.0]]]},"id":"723,3180","properties":{"bld_cover":0.3925,"bld_height":3.848615234375,"id":"807"}},{"type":"Feature","geometry":{"geodesic":false,"crs":{"type":"name","properties":{"name":"EPSG:32643"}},"type":"Polygon","coordinates":[[[724000.0,3180000.0],[725000.0,3180000.0],[725000.0,3181000.0],[724000.0,3181000.0],[724000.0,3180000.0]]]},"id":"724,3180","properties":{"bld_cover":0.4307,"bld_height":3.9339625,"id":"808"}},{"type":"Feature","geometry":{"geodesic":false,"crs":{"type":"name","properties":{"name":"EPSG:32643"}},"type":"Polygon","coordinates":[[[725000.0,3180000.0],[726000.0,3180000.0],[726000.0,3181000.0],[725000.0,3181000.0],[725000.0,3180000.0]]]},"id":"725,3180","properties":{"bld_cover":0.1061,"bld_height":0.8467822265625,"id":"809"}},{"type":"Feature","geometry":{"geodesic":false,"crs":{"type":"name","properties":{"name":"EPSG:32643"}},"type":"Polygon","coordinates":[[[726000.0,3180000.0],[727000.0,3180000.0],[727000.0,3181000.0],[726000.0,3181000.0],[726000.0,3180000.0]]]},"id":"726,3180","properties":{"bld_cover":0.081,"bld_height":0.55784296875,"id":"810"}},{"type":"Feature","geometry":{"geodesic":false,"crs":{"type":"name","properties":{"name":"EPSG:32643"}},"type":"Polygon","coordinates":[[[727000.0,3180000.0],[728000.0,3180000.0],[728000.0,3181000.0],[727000.0,3181000.0],[727000.0,3180000.0]]]},"id":"727,3180","properties":{"bld_cover":0.1467,"bld_height":1.6258767578125,"id":"811"}},{"type":"Feature","geometry":{"geodesic":false,"crs":{"type":"name","properties":{"name":"EPSG:32643"}},"type":"Polygon","coordinates":[[[728000.0,3180000.0],[729000.0,3180000.0],[729000.0,3181000.0],[728000.0,3181000.0],[728000.0,3180000.0]]]},"id":"728,3180","properties":{"bld_cover":0.0478,"bld_height":1.3355365234375,"id":"812"}},{"type":"Feature","geometry":{"geodesic":false,"crs":{"type":"name","properties":{"name":"EPSG:32643"}},"type":"Polygon","coordinates":[[[729000.0,3180000.0],[730000.0,3180000.0],[730000.0,3181000.0],[729000.0,3181000.0],[729000.0,3180000.0]]]},"id":"729,3180","properties":{"bld_cover":0.0083,"bld_height":0.2216890625,"id":"813"}},{"type":"Feature","geometry":{"geodesic":false,"crs":{"type":"name","properties":{"name":"EPSG:32643"}},"type":"Polygon","coordinates":[[[700000.0,3181000.0],[701000.0,3181000.0],[701000.0,3182000.0],[700000.0,3182000.0],[700000.0,3181000.0]]]},"id":"700,3181","properties":{"bld_cover":0.0145,"bld_height":0.09026796875,"id":"814"}},{"type":"Feature","geometry":{"geodesic":false,"crs":{"type":"name","properties":{"name":"EPSG:32643"}},"type":"Polygon","coordinates":[[[701000.0,3181000.0],[702000.0,3181000.0],[702000.0,3182000.0],[701000.0,3182000.0],[701000.0,3181000.0]]]},"id":"701,3181","properties":{"bld_cover":0.0178,"bld_height":0.11819140625,"id":"815"}},{"type":"Feature","geometry":{"geodesic":false,"crs":{"type":"name","properties":{"name":"EPSG:32643"}},"type":"Polygon","coordinates":[[[702000.0,3181000.0],[703000.0,3181000.0],[703000.0,3182000.0],[702000.0,3182000.0],[702000.0,3181000.0]]]},"id":"702,3181","properties":{"bld_cover":0.086,"bld_height":0.605290625,"id":"816"}},{"type":"Feature","geometry":{"geodesic":false,"crs":{"type":"name","properties":{"name":"EPSG:32643"}},"type":"Polygon","coordinates":[[[703000.0,3181000.0],[704000.0,3181000.0],[704000.0,3182000.0],[703000.0,3182000.0],[703000.0,3181000.0]]]},"id":"703,3181","properties":{"bld_cover":0.2407,"bld_height":1.970171484375,"id":"817"}},{"type":"Feature","geometry":{"geodesic":false,"crs":{"type":"name","properties":{"name":"EPSG:32643"}},"type":"Polygon","coordinates":[[[704000.0,3181000.0],[705000.0,3181000.0],[705000.0,3182000.0],[704000.0,3182000.0],[704000.0,3181000.0]]]},"id":"704,3181","properties":{"bld_cover":0.2354,"bld_height":2.50027734375,"id":"818"}},{"type":"Feature","geometry":{"geodesic":false,"crs":{"type":"name","properties":{"name":"EPSG:32643"}},"type":"Polygon","coordinates":[[[705000.0,3181000.0],[706000.0,3181000.0],[706000.0,3182000.0],[705000.0,3182000.0],[705000.0,3181000.0]]]},"id":"705,3181","properties":{"bld_cover":0.1934,"bld_height":1.5760384765625,"id":"819"}},{"type":"Feature","geometry":{"geodesic":false,"crs":{"type":"name","properties":{"name":"EPSG:32643"}},"type":"Polygon","coordinates":[[[706000.0,3181000.0],[707000.0,3181000.0],[707000.0,3182000.0],[706000.0,3182000.0],[706000.0,3181000.0]]]},"id":"706,3181","properties":{"bld_cover":0.309,"bld_height":3.668412890625,"id":"820"}},{"type":"Feature","geometry":{"geodesic":false,"crs":{"type":"name","properties":{"name":"EPSG:32643"}},"type":"Polygon","coordinates":[[[707000.0,3181000.0],[708000.0,3181000.0],[708000.0,3182000.0],[707000.0,3182000.0],[707000.0,3181000.0]]]},"id":"707,3181","properties":{"bld_cover":0.1707,"bld_height":2.21336875,"id":"821"}},{"type":"Feature","geometry":{"geodesic":false,"crs":{"type":"name","properties":{"name":"EPSG:32643"}},"type":"Polygon","coordinates":[[[708000.0,3181000.0],[709000.0,3181000.0],[709000.0,3182000.0],[708000.0,3182000.0],[708000.0,3181000.0]]]},"id":"708,3181","properties":{"bld_cover":0.2722,"bld_height":3.1462453125,"id":"822"}},{"type":"Feature","geometry":{"geodesic":false,"crs":{"type":"name","properties":{"name":"EPSG:32643"}},"type":"Polygon","coordinates":[[[709000.0,3181000.0],[710000.0,3181000.0],[710000.0,3182000.0],[709000.0,3182000.0],[709000.0,3181000.0]]]},"id":"709,3181","properties":{"bld_cover":0.377,"bld_height":3.6829095703125,"id":"823"}},{"type":"Feature","geometry":{"geodesic":false,"crs":{"type":"name","properties":{"name":"EPSG:32643"}},"type":"Polygon","coordinates":[[[710000.0,3181000.0],[711000.0,3181000.0],[711000.0,3182000.0],[710000.0,3182000.0],[710000.0,3181000.0]]]},"id":"710,3181","properties":{"bld_cover":0.1709,"bld_height":1.5515578125,"id":"824"}},{"type":"Feature","geometry":{"geodesic":false,"crs":{"type":"name","properties":{"name":"EPSG:32643"}},"type":"Polygon","coordinates":[[[711000.0,3181000.0],[712000.0,3181000.0],[712000.0,3182000.0],[711000.0,3182000.0],[711000.0,3181000.0]]]},"id":"711,3181","properties":{"bld_cover":0.2685,"bld_height":2.5188576171875,"id":"825"}},{"type":"Feature","geometry":{"geodesic":false,"crs":{"type":"name","properties":{"name":"EPSG:32643"}},"type":"Polygon","coordinates":[[[712000.0,3181000.0],[713000.0,3181000.0],[713000.0,3182000.0],[712000.0,3182000.0],[712000.0,3181000.0]]]},"id":"712,3181","properties":{"bld_cover":0.1435,"bld_height":1.94781875,"id":"826"}},{"type":"Feature","geometry":{"geodesic":false,"crs":{"type":"name","properties":{"name":"EPSG:32643"}},"type":"Polygon","coordinates":[[[713000.0,3181000.0],[714000.0,3181000.0],[714000.0,3182000.0],[713000.0,3182000.0],[713000.0,3181000.0]]]},"id":"713,3181","properties":{"bld_cover":0.3102,"bld_height":3.7061291015625,"id":"827"}},{"type":"Feature","geometry":{"geodesic":false,"crs":{"type":"name","properties":{"name":"EPSG:32643"}},"type":"Polygon","coordinates":[[[714000.0,3181000.0],[715000.0,3181000.0],[715000.0,3182000.0],[714000.0,3182000.0],[714000.0,3181000.0]]]},"id":"714,3181","properties":{"bld_cover":0.5237,"bld_height":6.09750546875,"id":"828"}},{"type":"Feature","geometry":{"geodesic":false,"crs":{"type":"name","properties":{"name":"EPSG:32643"}},"type":"Polygon","coordinates":[[[715000.0,3181000.0],[716000.0,3181000.0],[716000.0,3182000.0],[715000.0,3182000.0],[715000.0,3181000.0]]]},"id":"715,3181","properties":{"bld_cover":0.2864,"bld_height":3.19489375,"id":"829"}},{"type":"Feature","geometry":{"geodesic":false,"crs":{"type":"name","properties":{"name":"EPSG:32643"}},"type":"Polygon","coordinates":[[[716000.0,3181000.0],[717000.0,3181000.0],[717000.0,3182000.0],[716000.0,3182000.0],[716000.0,3181000.0]]]},"id":"716,3181","properties":{"bld_cover":0.1438,"bld_height":1.1150048828125,"id":"830"}},{"type":"Feature","geometry":{"geodesic":false,"crs":{"type":"name","properties":{"name":"EPSG:32643"}},"type":"Polygon","coordinates":[[[717000.0,3181000.0],[718000.0,3181000.0],[718000.0,3182000.0],[717000.0,3182000.0],[717000.0,3181000.0]]]},"id":"717,3181","properties":{"bld_cover":0.0036,"bld_height":0.0259138671875,"id":"831"}},{"type":"Feature","geometry":{"geodesic":false,"crs":{"type":"name","properties":{"name":"EPSG:32643"}},"type":"Polygon","coordinates":[[[718000.0,3181000.0],[719000.0,3181000.0],[719000.0,3182000.0],[718000.0,3182000.0],[718000.0,3181000.0]]]},"id":"718,3181","properties":{"bld_cover":3.0E-4,"bld_height":0.00158203125,"id":"832"}},{"type":"Feature","geometry":{"geodesic":false,"crs":{"type":"name","properties":{"name":"EPSG:32643"}},"type":"Polygon","coordinates":[[[719000.0,3181000.0],[720000.0,3181000.0],[720000.0,3182000.0],[719000.0,3182000.0],[719000.0,3181000.0]]]},"id":"719,3181","properties":{"bld_cover":0.0779,"bld_height":0.6184662109375,"id":"833"}},{"type":"Feature","geometry":{"geodesic":false,"crs":{"type":"name","properties":{"name":"EPSG:32643"}},"type":"Polygon","coordinates":[[[720000.0,3181000.0],[721000.0,3181000.0],[721000.0,3182000.0],[720000.0,3182000.0],[720000.0,3181000.0]]]},"id":"720,3181","properties":{"bld_cover":0.2984,"bld_height":2.7514630859375,"id":"834"}},{"type":"Feature","geometry":{"geodesic":false,"crs":{"type":"name","properties":{"name":"EPSG:32643"}},"type":"Polygon","coordinates":[[[721000.0,3181000.0],[722000.0,3181000.0],[722000.0,3182000.0],[721000.0,3182000.0],[721000.0,3181000.0]]]},"id":"721,3181","properties":{"bld_cover":0.2938,"bld_height":3.131473046875,"id":"835"}},{"type":"Feature","geometry":{"geodesic":false,"crs":{"type":"name","properties":{"name":"EPSG:32643"}},"type":"Polygon","coordinates":[[[722000.0,3181000.0],[723000.0,3181000.0],[723000.0,3182000.0],[722000.0,3182000.0],[722000.0,3181000.0]]]},"id":"722,3181","properties":{"bld_cover":0.2773,"bld_height":2.690357421875,"id":"836"}},{"type":"Feature","geometry":{"geodesic":false,"crs":{"type":"name","properties":{"name":"EPSG:32643"}},"type":"Polygon","coordinates":[[[723000.0,3181000.0],[724000.0,3181000.0],[724000.0,3182000.0],[723000.0,3182000.0],[723000.0,3181000.0]]]},"id":"723,3181","properties":{"bld_cover":0.3989,"bld_height":3.644996875,"id":"837"}},{"type":"Feature","geometry":{"geodesic":false,"crs":{"type":"name","properties":{"name":"EPSG:32643"}},"type":"Polygon","coordinates":[[[724000.0,3181000.0],[725000.0,3181000.0],[725000.0,3182000.0],[724000.0,3182000.0],[724000.0,3181000.0]]]},"id":"724,3181","properties":{"bld_cover":0.3824,"bld_height":3.5571794921875,"id":"838"}},{"type":"Feature","geometry":{"geodesic":false,"crs":{"type":"name","properties":{"name":"EPSG:32643"}},"type":"Polygon","coordinates":[[[725000.0,3181000.0],[726000.0,3181000.0],[726000.0,3182000.0],[725000.0,3182000.0],[725000.0,3181000.0]]]},"id":"725,3181","properties":{"bld_cover":0.2632,"bld_height":2.2624400390625,"id":"839"}},{"type":"Feature","geometry":{"geodesic":false,"crs":{"type":"name","properties":{"name":"EPSG:32643"}},"type":"Polygon","coordinates":[[[726000.0,3181000.0],[727000.0,3181000.0],[727000.0,3182000.0],[726000.0,3182000.0],[726000.0,3181000.0]]]},"id":"726,3181","properties":{"bld_cover":0.1243,"bld_height":0.8237771484375,"id":"840"}},{"type":"Feature","geometry":{"geodesic":false,"crs":{"type":"name","properties":{"name":"EPSG:32643"}},"type":"Polygon","coordinates":[[[727000.0,3181000.0],[728000.0,3181000.0],[728000.0,3182000.0],[727000.0,3182000.0],[727000.0,3181000.0]]]},"id":"727,3181","properties":{"bld_cover":0.0208,"bld_height":0.119494140625,"id":"841"}},{"type":"Feature","geometry":{"geodesic":false,"crs":{"type":"name","properties":{"name":"EPSG:32643"}},"type":"Polygon","coordinates":[[[728000.0,3181000.0],[729000.0,3181000.0],[729000.0,3182000.0],[728000.0,3182000.0],[728000.0,3181000.0]]]},"id":"728,3181","properties":{"bld_cover":0.103,"bld_height":0.7819181640625,"id":"842"}},{"type":"Feature","geometry":{"geodesic":false,"crs":{"type":"name","properties":{"name":"EPSG:32643"}},"type":"Polygon","coordinates":[[[729000.0,3181000.0],[730000.0,3181000.0],[730000.0,3182000.0],[729000.0,3182000.0],[729000.0,3181000.0]]]},"id":"729,3181","properties":{"bld_cover":0.015,"bld_height":0.1537349609375,"id":"843"}},{"type":"Feature","geometry":{"geodesic":false,"crs":{"type":"name","properties":{"name":"EPSG:32643"}},"type":"Polygon","coordinates":[[[700000.0,3182000.0],[701000.0,3182000.0],[701000.0,3183000.0],[700000.0,3183000.0],[700000.0,3182000.0]]]},"id":"700,3182","properties":{"bld_cover":1.0E-4,"bld_height":0.8230576171875,"id":"844"}},{"type":"Feature","geometry":{"geodesic":false,"crs":{"type":"name","properties":{"name":"EPSG:32643"}},"type":"Polygon","coordinates":[[[701000.0,3182000.0],[702000.0,3182000.0],[702000.0,3183000.0],[701000.0,3183000.0],[701000.0,3182000.0]]]},"id":"701,3182","properties":{"bld_cover":6.0E-4,"bld_height":0.1960025390625,"id":"845"}},{"type":"Feature","geometry":{"geodesic":false,"crs":{"type":"name","properties":{"name":"EPSG:32643"}},"type":"Polygon","coordinates":[[[702000.0,3182000.0],[703000.0,3182000.0],[703000.0,3183000.0],[702000.0,3183000.0],[702000.0,3182000.0]]]},"id":"702,3182","properties":{"bld_cover":0.0092,"bld_height":1.2296669921875,"id":"846"}},{"type":"Feature","geometry":{"geodesic":false,"crs":{"type":"name","properties":{"name":"EPSG:32643"}},"type":"Polygon","coordinates":[[[703000.0,3182000.0],[704000.0,3182000.0],[704000.0,3183000.0],[703000.0,3183000.0],[703000.0,3182000.0]]]},"id":"703,3182","properties":{"bld_cover":0.0336,"bld_height":1.2131859375,"id":"847"}},{"type":"Feature","geometry":{"geodesic":false,"crs":{"type":"name","properties":{"name":"EPSG:32643"}},"type":"Polygon","coordinates":[[[704000.0,3182000.0],[705000.0,3182000.0],[705000.0,3183000.0],[704000.0,3183000.0],[704000.0,3182000.0]]]},"id":"704,3182","properties":{"bld_cover":0.0044,"bld_height":0.7249328125,"id":"848"}},{"type":"Feature","geometry":{"geodesic":false,"crs":{"type":"name","properties":{"name":"EPSG:32643"}},"type":"Polygon","coordinates":[[[705000.0,3182000.0],[706000.0,3182000.0],[706000.0,3183000.0],[705000.0,3183000.0],[705000.0,3182000.0]]]},"id":"705,3182","properties":{"bld_cover":0.0359,"bld_height":1.394028515625,"id":"849"}},{"type":"Feature","geometry":{"geodesic":false,"crs":{"type":"name","properties":{"name":"EPSG:32643"}},"type":"Polygon","coordinates":[[[706000.0,3182000.0],[707000.0,3182000.0],[707000.0,3183000.0],[706000.0,3183000.0],[706000.0,3182000.0]]]},"id":"706,3182","properties":{"bld_cover":0.0359,"bld_height":1.6000603515625,"id":"850"}},{"type":"Feature","geometry":{"geodesic":false,"crs":{"type":"name","properties":{"name":"EPSG:32643"}},"type":"Polygon","coordinates":[[[707000.0,3182000.0],[708000.0,3182000.0],[708000.0,3183000.0],[707000.0,3183000.0],[707000.0,3182000.0]]]},"id":"707,3182","properties":{"bld_cover":0.0213,"bld_height":0.943993359375,"id":"851"}},{"type":"Feature","geometry":{"geodesic":false,"crs":{"type":"name","properties":{"name":"EPSG:32643"}},"type":"Polygon","coordinates":[[[708000.0,3182000.0],[709000.0,3182000.0],[709000.0,3183000.0],[708000.0,3183000.0],[708000.0,3182000.0]]]},"id":"708,3182","properties":{"bld_cover":0.0903,"bld_height":4.3472064453125,"id":"852"}},{"type":"Feature","geometry":{"geodesic":false,"crs":{"type":"name","properties":{"name":"EPSG:32643"}},"type":"Polygon","coordinates":[[[709000.0,3182000.0],[710000.0,3182000.0],[710000.0,3183000.0],[709000.0,3183000.0],[709000.0,3182000.0]]]},"id":"709,3182","properties":{"bld_cover":0.0868,"bld_height":4.6645732421875,"id":"853"}},{"type":"Feature","geometry":{"geodesic":false,"crs":{"type":"name","properties":{"name":"EPSG:32643"}},"type":"Polygon","coordinates":[[[710000.0,3182000.0],[711000.0,3182000.0],[711000.0,3183000.0],[710000.0,3183000.0],[710000.0,3182000.0]]]},"id":"710,3182","properties":{"bld_cover":0.084,"bld_height":3.223171875,"id":"854"}},{"type":"Feature","geometry":{"geodesic":false,"crs":{"type":"name","properties":{"name":"EPSG:32643"}},"type":"Polygon","coordinates":[[[711000.0,3182000.0],[712000.0,3182000.0],[712000.0,3183000.0],[711000.0,3183000.0],[711000.0,3182000.0]]]},"id":"711,3182","properties":{"bld_cover":0.0362,"bld_height":2.5173609375,"id":"855"}},{"type":"Feature","geometry":{"geodesic":false,"crs":{"type":"name","properties":{"name":"EPSG:32643"}},"type":"Polygon","coordinates":[[[712000.0,3182000.0],[713000.0,3182000.0],[713000.0,3183000.0],[712000.0,3183000.0],[712000.0,3182000.0]]]},"id":"712,3182","properties":{"bld_cover":0.0218,"bld_height":1.2927634765625,"id":"856"}},{"type":"Feature","geometry":{"geodesic":false,"crs":{"type":"name","properties":{"name":"EPSG:32643"}},"type":"Polygon","coordinates":[[[713000.0,3182000.0],[714000.0,3182000.0],[714000.0,3183000.0],[713000.0,3183000.0],[713000.0,3182000.0]]]},"id":"713,3182","properties":{"bld_cover":0.0765,"bld_height":2.4694017578125,"id":"857"}},{"type":"Feature","geometry":{"geodesic":false,"crs":{"type":"name","properties":{"name":"EPSG:32643"}},"type":"Polygon","coordinates":[[[714000.0,3182000.0],[715000.0,3182000.0],[715000.0,3183000.0],[714000.0,3183000.0],[714000.0,3182000.0]]]},"id":"714,3182","properties":{"bld_cover":0.1354,"bld_height":4.855777734375,"id":"858"}},{"type":"Feature","geometry":{"geodesic":false,"crs":{"type":"name","properties":{"name":"EPSG:32643"}},"type":"Polygon","coordinates":[[[715000.0,3182000.0],[716000.0,3182000.0],[716000.0,3183000.0],[715000.0,3183000.0],[715000.0,3182000.0]]]},"id":"715,3182","properties":{"bld_cover":0.0724,"bld_height":2.0183001953125,"id":"859"}},{"type":"Feature","geometry":{"geodesic":false,"crs":{"type":"name","properties":{"name":"EPSG:32643"}},"type":"Polygon","coordinates":[[[716000.0,3182000.0],[717000.0,3182000.0],[717000.0,3183000.0],[716000.0,3183000.0],[716000.0,3182000.0]]]},"id":"716,3182","properties":{"bld_cover":0,"bld_height":6.115234375E-4,"id":"860"}},{"type":"Feature","geometry":{"geodesic":false,"crs":{"type":"name","properties":{"name":"EPSG:32643"}},"type":"Polygon","coordinates":[[[717000.0,3182000.0],[718000.0,3182000.0],[718000.0,3183000.0],[717000.0,3183000.0],[717000.0,3182000.0]]]},"id":"717,3182","properties":{"bld_cover":8.0E-4,"bld_height":0.0012462890625,"id":"861"}},{"type":"Feature","geometry":{"geodesic":false,"crs":{"type":"name","properties":{"name":"EPSG:32643"}},"type":"Polygon","coordinates":[[[718000.0,3182000.0],[719000.0,3182000.0],[719000.0,3183000.0],[718000.0,3183000.0],[718000.0,3182000.0]]]},"id":"718,3182","properties":{"bld_cover":6.0E-4,"bld_height":0.0058796875,"id":"862"}},{"type":"Feature","geometry":{"geodesic":false,"crs":{"type":"name","properties":{"name":"EPSG:32643"}},"type":"Polygon","coordinates":[[[719000.0,3182000.0],[720000.0,3182000.0],[720000.0,3183000.0],[719000.0,3183000.0],[719000.0,3182000.0]]]},"id":"719,3182","properties":{"bld_cover":0.0398,"bld_height":1.4520064453125,"id":"863"}},{"type":"Feature","geometry":{"geodesic":false,"crs":{"type":"name","properties":{"name":"EPSG:32643"}},"type":"Polygon","coordinates":[[[720000.0,3182000.0],[721000.0,3182000.0],[721000.0,3183000.0],[720000.0,3183000.0],[720000.0,3182000.0]]]},"id":"720,3182","properties":{"bld_cover":0.0946,"bld_height":1.0573396484375,"id":"864"}},{"type":"Feature","geometry":{"geodesic":false,"crs":{"type":"name","properties":{"name":"EPSG:32643"}},"type":"Polygon","coordinates":[[[721000.0,3182000.0],[722000.0,3182000.0],[722000.0,3183000.0],[721000.0,3183000.0],[721000.0,3182000.0]]]},"id":"721,3182","properties":{"bld_cover":0.067,"bld_height":1.7876439453125,"id":"865"}},{"type":"Feature","geometry":{"geodesic":false,"crs":{"type":"name","properties":{"name":"EPSG:32643"}},"type":"Polygon","coordinates":[[[722000.0,3182000.0],[723000.0,3182000.0],[723000.0,3183000.0],[722000.0,3183000.0],[722000.0,3182000.0]]]},"id":"722,3182","properties":{"bld_cover":0.1417,"bld_height":2.5343484375,"id":"866"}},{"type":"Feature","geometry":{"geodesic":false,"crs":{"type":"name","properties":{"name":"EPSG:32643"}},"type":"Polygon","coordinates":[[[723000.0,3182000.0],[724000.0,3182000.0],[724000.0,3183000.0],[723000.0,3183000.0],[723000.0,3182000.0]]]},"id":"723,3182","properties":{"bld_cover":0.1762,"bld_height":3.0462892578125,"id":"867"}},{"type":"Feature","geometry":{"geodesic":false,"crs":{"type":"name","properties":{"name":"EPSG:32643"}},"type":"Polygon","coordinates":[[[724000.0,3182000.0],[725000.0,3182000.0],[725000.0,3183000.0],[724000.0,3183000.0],[724000.0,3182000.0]]]},"id":"724,3182","properties":{"bld_cover":0.2044,"bld_height":3.3238578125,"id":"868"}},{"type":"Feature","geometry":{"geodesic":false,"crs":{"type":"name","properties":{"name":"EPSG:32643"}},"type":"Polygon","coordinates":[[[725000.0,3182000.0],[726000.0,3182000.0],[726000.0,3183000.0],[725000.0,3183000.0],[725000.0,3182000.0]]]},"id":"725,3182","properties":{"bld_cover":0.1472,"bld_height":1.5116181640625,"id":"869"}},{"type":"Feature","geometry":{"geodesic":false,"crs":{"type":"name","properties":{"name":"EPSG:32643"}},"type":"Polygon","coordinates":[[[726000.0,3182000.0],[727000.0,3182000.0],[727000.0,3183000.0],[726000.0,3183000.0],[726000.0,3182000.0]]]},"id":"726,3182","properties":{"bld_cover":0.1103,"bld_height":0.906714453125,"id":"870"}},{"type":"Feature","geometry":{"geodesic":false,"crs":{"type":"name","properties":{"name":"EPSG:32643"}},"type":"Polygon","coordinates":[[[727000.0,3182000.0],[728000.0,3182000.0],[728000.0,3183000.0],[727000.0,3183000.0],[727000.0,3182000.0]]]},"id":"727,3182","properties":{"bld_cover":0.004,"bld_height":0.246140234375,"id":"871"}},{"type":"Feature","geometry":{"geodesic":false,"crs":{"type":"name","properties":{"name":"EPSG:32643"}},"type":"Polygon","coordinates":[[[728000.0,3182000.0],[729000.0,3182000.0],[729000.0,3183000.0],[728000.0,3183000.0],[728000.0,3182000.0]]]},"id":"728,3182","properties":{"bld_cover":0.0653,"bld_height":0.49103125,"id":"872"}},{"type":"Feature","geometry":{"geodesic":false,"crs":{"type":"name","properties":{"name":"EPSG:32643"}},"type":"Polygon","coordinates":[[[729000.0,3182000.0],[730000.0,3182000.0],[730000.0,3183000.0],[729000.0,3183000.0],[729000.0,3182000.0]]]},"id":"729,3182","properties":{"bld_cover":0.0221,"bld_height":0.1836052734375,"id":"873"}}]}