{"type":"FeatureCollection","features":[{"type":"Feature","geometry":{"geodesic":false,"crs":{"type":"name","properties":{"name":"EPSG:32643"}},"type":"Polygon","coordinates":[[[850000.0,1915000.0],[851000.0,1915000.0],[851000.0,1916000.0],[850000.0,1916000.0],[850000.0,1915000.0]]]},"id":"850,1915","properties":{"bld_cover":8.0E-4,"bld_height":0.0450927734375,"id":"1"}},{"type":"Feature","geometry":{"geodesic":false,"crs":{"type":"name","properties":{"name":"EPSG:32643"}},"type":"Polygon","coordinates":[[[851000.0,1915000.0],[852000.0,1915000.0],[852000.0,1916000.0],[851000.0,1916000.0],[851000.0,1915000.0]]]},"id":"851,1915","properties":{"bld_cover":0.0037,"bld_height":0.0547861328125,"id":"2"}},{"type":"Feature","geometry":{"geodesic":false,"crs":{"type":"name","properties":{"name":"EPSG:32643"}},"type":"Polygon","coordinates":[[[852000.0,1915000.0],[853000.0,1915000.0],[853000.0,1916000.0],[852000.0,1916000.0],[852000.0,1915000.0]]]},"id":"852,1915","properties":{"bld_cover":7.0E-4,"bld_height":0.0586853515625,"id":"3"}},{"type":"Feature","geometry":{"geodesic":false,"crs":{"type":"name","properties":{"name":"EPSG:32643"}},"type":"Polygon","coordinates":[[[853000.0,1915000.0],[854000.0,1915000.0],[854000.0,1916000.0],[853000.0,1916000.0],[853000.0,1915000.0]]]},"id":"853,1915","properties":{"bld_cover":0,"bld_height":0.0044373046875,"id":"4"}},{"type":"Feature","geometry":{"geodesic":false,"crs":{"type":"name","properties":{"name":"EPSG:32643"}},"type":"Polygon","coordinates":[[[854000.0,1915000.0],[855000.0,1915000.0],[855000.0,1916000.0],[854000.0,1916000.0],[854000.0,1915000.0]]]},"id":"854,1915","properties":{"bld_cover":0.0222,"bld_height":0.2220439453125,"id":"5"}},{"type":"Feature","geometry":{"geodesic":false,"crs":{"type":"name","properties":{"name":"EPSG:32643"}},"type":"Polygon","coordinates":[[[855000.0,1915000.0],[856000.0,1915000.0],[856000.0,1916000.0],[855000.0,1916000.0],[855000.0,1915000.0]]]},"id":"855,1915","properties":{"bld_cover":0,"bld_height":0.007078125,"id":"6"}},{"type":"Feature","geometry":{"geodesic":false,"crs":{"type":"name","properties":{"name":"EPSG:32643"}},"type":"Polygon","coordinates":[[[856000.0,1915000.0],[857000.0,1915000.0],[857000.0,1916000.0],[856000.0,1916000.0],[856000.0,1915000.0]]]},"id":"856,1915","properties":{"bld_cover":0,"bld_height":0.0010111328125,"id":"7"}},{"type":"Feature","geometry":{"geodesic":false,"crs":{"type":"name","properties":{"name":"EPSG:32643"}},"type":"Polygon","coordinates":[[[857000.0,1915000.0],[858000.0,1915000.0],[858000.0,1916000.0],[857000.0,1916000.0],[857000.0,1915000.0]]]},"id":"857,1915","properties":{"bld_cover":0.0015,"bld_height":0.0723595703125,"id":"8"}},{"type":"Feature","geometry":{"geodesic":false,"crs":{"type":"name","properties":{"name":"EPSG:32643"}},"type":"Polygon","coordinates":[[[858000.0,1915000.0],[859000.0,1915000.0],[859000.0,1916000.0],[858000.0,1916000.0],[858000.0,1915000.0]]]},"id":"858,1915","properties":{"bld_cover":0.0011,"bld_height":0.028345703125,"id":"9"}},{"type":"Feature","geometry":{"geodesic":false,"crs":{"type":"name","properties":{"name":"EPSG:32643"}},"type":"Polygon","coordinates":[[[859000.0,1915000.0],[860000.0,1915000.0],[860000.0,1916000.0],[859000.0,1916000.0],[859000.0,1915000.0]]]},"id":"859,1915","properties":{"bld_cover":7.0E-4,"bld_height":0.1071322265625,"id":"10"}},{"type":"Feature","geometry":{"geodesic":false,"crs":{"type":"name","properties":{"name":"EPSG:32643"}},"type":"Polygon","coordinates":[[[860000.0,1915000.0],[861000.0,1915000.0],[861000.0,1916000.0],[860000.0,1916000.0],[860000.0,1915000.0]]]},"id":"860,1915","properties":{"bld_cover":0,"bld_height":0.023154296875,"id":"11"}},{"type":"Feature","geometry":{"geodesic":false,"crs":{"type":"name","properties":{"name":"EPSG:32643"}},"type":"Polygon","coordinates":[[[861000.0,1915000.0],[862000.0,1915000.0],[862000.0,1916000.0],[861000.0,1916000.0],[861000.0,1915000.0]]]},"id":"861,1915","properties":{"bld_cover":0,"bld_height":0.003495703125,"id":"12"}},{"type":"Feature","geometry":{"geodesic":false,"crs":{"type":"name","properties":{"name":"EPSG:32643"}},"type":"Polygon","coordinates":[[[862000.0,1915000.0],[863000.0,1915000.0],[863000.0,1916000.0],[862000.0,1916000.0],[862000.0,1915000.0]]]},"id":"862,1915","properties":{"bld_cover":8.0E-4,"bld_height":0.990028125,"id":"13"}},{"type":"Feature","geometry":{"geodesic":false,"crs":{"type":"name","properties":{"name":"EPSG:32643"}},"type":"Polygon","coordinates":[[[863000.0,1915000.0],[864000.0,1915000.0],[864000.0,1916000.0],[863000.0,1916000.0],[863000.0,1915000.0]]]},"id":"863,1915","properties":{"bld_cover":0.011,"bld_height":1.478021875,"id":"14"}},{"type":"Feature","geometry":{"geodesic":false,"crs":{"type":"name","properties":{"name":"EPSG:32643"}},"type":"Polygon","coordinates":[[[864000.0,1915000.0],[865000.0,1915000.0],[865000.0,1916000.0],[864000.0,1916000.0],[864000.0,1915000.0]]]},"id":"864,1915","properties":{"bld_cover":0.0056,"bld_height":0.65059609375,"id":"15"}},{"type":"Feature","geometry":{"geodesic":false,"crs":{"type":"name","properties":{"name":"EPSG:32643"}},"type":"Polygon","coordinates":[[[865000.0,1915000.0],[866000.0,1915000.0],[866000.0,1916000.0],[865000.0,1916000.0],[865000.0,1915000.0]]]},"id":"865,1915","properties":{"bld_cover":0,"bld_height":1.8867705078125,"id":"16"}},{"type":"Feature","geometry":{"geodesic":false,"crs":{"type":"name","properties":{"name":"EPSG:32643"}},"type":"Polygon","coordinates":[[[850000.0,1916000.0],[851000.0,1916000.0],[851000.0,1917000.0],[850000.0,1917000.0],[850000.0,1916000.0]]]},"id":"850,1916","properties":{"bld_cover":2.0E-4,"bld_height":0.0145830078125,"id":"17"}},{"type":"Feature","geometry":{"geodesic":false,"crs":{"type":"name","properties":{"name":"EPSG:32643"}},"type":"Polygon","coordinates":[[[851000.0,1916000.0],[852000.0,1916000.0],[852000.0,1917000.0],[851000.0,1917000.0],[851000.0,1916000.0]]]},"id":"851,1916","properties":{"bld_cover":0.0335,"bld_height":0.2107009765625,"id":"18"}},{"type":"Feature","geometry":{"geodesic":false,"crs":{"type":"name","properties":{"name":"EPSG:32643"}},"type":"Polygon","coordinates":[[[852000.0,1916000.0],[853000.0,1916000.0],[853000.0,1917000.0],[852000.0,1917000.0],[852000.0,1916000.0]]]},"id":"852,1916","properties":{"bld_cover":0.0099,"bld_height":0.0535173828125,"id":"19"}},{"type":"Feature","geometry":{"geodesic":false,"crs":{"type":"name","properties":{"name":"EPSG:32643"}},"type":"Polygon","coordinates":[[[853000.0,1916000.0],[854000.0,1916000.0],[854000.0,1917000.0],[853000.0,1917000.0],[853000.0,1916000.0]]]},"id":"853,1916","properties":{"bld_cover":0.0076,"bld_height":0.043669140625,"id":"20"}},{"type":"Feature","geometry":{"geodesic":false,"crs":{"type":"name","properties":{"name":"EPSG:32643"}},"type":"Polygon","coordinates":[[[854000.0,1916000.0],[855000.0,1916000.0],[855000.0,1917000.0],[854000.0,1917000.0],[854000.0,1916000.0]]]},"id":"854,1916","properties":{"bld_cover":0.0328,"bld_height":0.192241015625,"id":"21"}},{"type":"Feature","geometry":{"geodesic":false,"crs":{"type":"name","properties":{"name":"EPSG:32643"}},"type":"Polygon","coordinates":[[[855000.0,1916000.0],[856000.0,1916000.0],[856000.0,1917000.0],[855000.0,1917000.0],[855000.0,1916000.0]]]},"id":"855,1916","properties":{"bld_cover":4.0E-4,"bld_height":0.0013310546875,"id":"22"}},{"type":"Feature","geometry":{"geodesic":false,"crs":{"type":"name","properties":{"name":"EPSG:32643"}},"type":"Polygon","coordinates":[[[856000.0,1916000.0],[857000.0,1916000.0],[857000.0,1917000.0],[856000.0,1917000.0],[856000.0,1916000.0]]]},"id":"856,1916","properties":{"bld_cover":0,"bld_height":2.9296875E-6,"id":"23"}},{"type":"Feature","geometry":{"geodesic":false,"crs":{"type":"name","properties":{"name":"EPSG:32643"}},"type":"Polygon","coordinates":[[[857000.0,1916000.0],[858000.0,1916000.0],[858000.0,1917000.0],[857000.0,1917000.0],[857000.0,1916000.0]]]},"id":"857,1916","properties":{"bld_cover":0.0014,"bld_height":0.0151021484375,"id":"24"}},{"type":"Feature","geometry":{"geodesic":false,"crs":{"type":"name","properties":{"name":"EPSG:32643"}},"type":"Polygon","coordinates":[[[858000.0,1916000.0],[859000.0,1916000.0],[859000.0,1917000.0],[858000.0,1917000.0],[858000.0,1916000.0]]]},"id":"858,1916","properties":{"bld_cover":0.004,"bld_height":0.0208798828125,"id":"25"}},{"type":"Feature","geometry":{"geodesic":false,"crs":{"type":"name","properties":{"name":"EPSG:32643"}},"type":"Polygon","coordinates":[[[859000.0,1916000.0],[860000.0,1916000.0],[860000.0,1917000.0],[859000.0,1917000.0],[859000.0,1916000.0]]]},"id":"859,1916","properties":{"bld_cover":0.0068,"bld_height":0.05564296875,"id":"26"}},{"type":"Feature","geometry":{"geodesic":false,"crs":{"type":"name","properties":{"name":"EPSG:32643"}},"type":"Polygon","coordinates":[[[860000.0,1916000.0],[861000.0,1916000.0],[861000.0,1917000.0],[860000.0,1917000.0],[860000.0,1916000.0]]]},"id":"860,1916","properties":{"bld_cover":0.0333,"bld_height":0.2908251953125,"id":"27"}},{"type":"Feature","geometry":{"geodesic":false,"crs":{"type":"name","properties":{"name":"EPSG:32643"}},"type":"Polygon","coordinates":[[[861000.0,1916000.0],[862000.0,1916000.0],[862000.0,1917000.0],[861000.0,1917000.0],[861000.0,1916000.0]]]},"id":"861,1916","properties":{"bld_cover":0.0096,"bld_height":0.08851015625,"id":"28"}},{"type":"Feature","geometry":{"geodesic":false,"crs":{"type":"name","properties":{"name":"EPSG:32643"}},"type":"Polygon","coordinates":[[[862000.0,1916000.0],[863000.0,1916000.0],[863000.0,1917000.0],[862000.0,1917000.0],[862000.0,1916000.0]]]},"id":"862,1916","properties":{"bld_cover":0.015,"bld_height":0.114566796875,"id":"29"}},{"type":"Feature","geometry":{"geodesic":false,"crs":{"type":"name","properties":{"name":"EPSG:32643"}},"type":"Polygon","coordinates":[[[863000.0,1916000.0],[864000.0,1916000.0],[864000.0,1917000.0],[863000.0,1917000.0],[863000.0,1916000.0]]]},"id":"863,1916","properties":{"bld_cover":0.0758,"bld_height":0.538199609375,"id":"30"}},{"type":"Feature","geometry":{"geodesic":false,"crs":{"type":"name","properties":{"name":"EPSG:32643"}},"type":"Polygon","coordinates":[[[864000.0,1916000.0],[865000.0,1916000.0],[865000.0,1917000.0],[864000.0,1917000.0],[864000.0,1916000.0]]]},"id":"864,1916","properties":{"bld_cover":0.4051,"bld_height":3.4044728515625,"id":"31"}},{"type":"Feature","geometry":{"geodesic":false,"crs":{"type":"name","properties":{"name":"EPSG:32643"}},"type":"Polygon","coordinates":[[[865000.0,1916000.0],[866000.0,1916000.0],[866000.0,1917000.0],[865000.0,1917000.0],[865000.0,1916000.0]]]},"id":"865,1916","properties":{"bld_cover":0.3367,"bld_height":2.7206662109375,"id":"32"}},{"type":"Feature","geometry":{"geodesic":false,"crs":{"type":"name","properties":{"name":"EPSG:32643"}},"type":"Polygon","coordinates":[[[866000.0,1916000.0],[867000.0,1916000.0],[867000.0,1917000.0],[866000.0,1917000.0],[866000.0,1916000.0]]]},"id":"866,1916","properties":{"bld_cover":0.1998,"bld_height":1.5018291015625,"id":"33"}},{"type":"Feature","geometry":{"geodesic":false,"crs":{"type":"name","properties":{"name":"EPSG:32643"}},"type":"Polygon","coordinates":[[[867000.0,1916000.0],[868000.0,1916000.0],[868000.0,1917000.0],[867000.0,1917000.0],[867000.0,1916000.0]]]},"id":"867,1916","properties":{"bld_cover":0.1126,"bld_height":1.1114689453125,"id":"34"}},{"type":"Feature","geometry":{"geodesic":false,"crs":{"type":"name","properties":{"name":"EPSG:32643"}},"type":"Polygon","coordinates":[[[868000.0,1916000.0],[869000.0,1916000.0],[869000.0,1917000.0],[868000.0,1917000.0],[868000.0,1916000.0]]]},"id":"868,1916","properties":{"bld_cover":0.4918,"bld_height":3.28137265625,"id":"35"}},{"type":"Feature","geometry":{"geodesic":false,"crs":{"type":"name","properties":{"name":"EPSG:32643"}},"type":"Polygon","coordinates":[[[869000.0,1916000.0],[870000.0,1916000.0],[870000.0,1917000.0],[869000.0,1917000.0],[869000.0,1916000.0]]]},"id":"869,1916","properties":{"bld_cover":0.3348,"bld_height":2.454909375,"id":"36"}},{"type":"Feature","geometry":{"geodesic":false,"crs":{"type":"name","properties":{"name":"EPSG:32643"}},"type":"Polygon","coordinates":[[[870000.0,1916000.0],[871000.0,1916000.0],[871000.0,1917000.0],[870000.0,1917000.0],[870000.0,1916000.0]]]},"id":"870,1916","properties":{"bld_cover":0.2644,"bld_height":1.770964453125,"id":"37"}},{"type":"Feature","geometry":{"geodesic":false,"crs":{"type":"name","properties":{"name":"EPSG:32643"}},"type":"Polygon","coordinates":[[[871000.0,1916000.0],[872000.0,1916000.0],[872000.0,1917000.0],[871000.0,1917000.0],[871000.0,1916000.0]]]},"id":"871,1916","properties":{"bld_cover":0.1087,"bld_height":0.75546328125,"id":"38"}},{"type":"Feature","geometry":{"geodesic":false,"crs":{"type":"name","properties":{"name":"EPSG:32643"}},"type":"Polygon","coordinates":[[[872000.0,1916000.0],[873000.0,1916000.0],[873000.0,1917000.0],[872000.0,1917000.0],[872000.0,1916000.0]]]},"id":"872,1916","properties":{"bld_cover":0.1027,"bld_height":0.7447236328125,"id":"39"}},{"type":"Feature","geometry":{"geodesic":false,"crs":{"type":"name","properties":{"name":"EPSG:32643"}},"type":"Polygon","coordinates":[[[873000.0,1916000.0],[874000.0,1916000.0],[874000.0,1917000.0],[873000.0,1917000.0],[873000.0,1916000.0]]]},"id":"873,1916","properties":{"bld_cover":0.1071,"bld_height":0.82403046875,"id":"40"}},{"type":"Feature","geometry":{"geodesic":false,"crs":{"type":"name","properties":{"name":"EPSG:32643"}},"type":"Polygon","coordinates":[[[874000.0,1916000.0],[875000.0,1916000.0],[875000.0,1917000.0],[874000.0,1917000.0],[874000.0,1916000.0]]]},"id":"874,1916","properties":{"bld_cover":0.2668,"bld_height":2.196114453125,"id":"41"}},{"type":"Feature","geometry":{"geodesic":false,"crs":{"type":"name","properties":{"name":"EPSG:32643"}},"type":"Polygon","coordinates":[[[875000.0,1916000.0],[876000.0,1916000.0],[876000.0,1917000.0],[875000.0,1917000.0],[875000.0,1916000.0]]]},"id":"875,1916","properties":{"bld_cover":0.2671,"bld_height":2.283652734375,"id":"42"}},{"type":"Feature","geometry":{"geodesic":false,"crs":{"type":"name","properties":{"name":"EPSG:32643"}},"type":"Polygon","coordinates":[[[876000.0,1916000.0],[877000.0,1916000.0],[877000.0,1917000.0],[876000.0,1917000.0],[876000.0,1916000.0]]]},"id":"876,1916","properties":{"bld_cover":0.1796,"bld_height":1.694787890625,"id":"43"}},{"type":"Feature","geometry":{"geodesic":false,"crs":{"type":"name","properties":{"name":"EPSG:32643"}},"type":"Polygon","coordinates":[[[877000.0,1916000.0],[878000.0,1916000.0],[878000.0,1917000.0],[877000.0,1917000.0],[877000.0,1916000.0]]]},"id":"877,1916","properties":{"bld_cover":0.1417,"bld_height":1.5101041015625,"id":"44"}},{"type":"Feature","geometry":{"geodesic":false,"crs":{"type":"name","properties":{"name":"EPSG:32643"}},"type":"Polygon","coordinates":[[[878000.0,1916000.0],[879000.0,1916000.0],[879000.0,1917000.0],[878000.0,1917000.0],[878000.0,1916000.0]]]},"id":"878,1916","properties":{"bld_cover":0.0109,"bld_height":0.257904296875,"id":"45"}},{"type":"Feature","geometry":{"geodesic":false,"crs":{"type":"name","properties":{"name":"EPSG:32643"}},"type":"Polygon","coordinates":[[[879000.0,1916000.0],[880000.0,1916000.0],[880000.0,1917000.0],[879000.0,1917000.0],[879000.0,1916000.0]]]},"id":"879,1916","properties":{"bld_cover":0.0394,"bld_height":0.8606974609375,"id":"46"}},{"type":"Feature","geometry":{"geodesic":false,"crs":{"type":"name","properties":{"name":"EPSG:32643"}},"type":"Polygon","coordinates":[[[880000.0,1916000.0],[881000.0,1916000.0],[881000.0,1917000.0],[880000.0,1917000.0],[880000.0,1916000.0]]]},"id":"880,1916","properties":{"bld_cover":0.0506,"bld_height":0.4301099609375,"id":"47"}},{"type":"Feature","geometry":{"geodesic":false,"crs":{"type":"name","properties":{"name":"EPSG:32643"}},"type":"Polygon","coordinates":[[[881000.0,1916000.0],[882000.0,1916000.0],[882000.0,1917000.0],[881000.0,1917000.0],[881000.0,1916000.0]]]},"id":"881,1916","properties":{"bld_cover":0.148,"bld_height":1.4982720703125,"id":"48"}},{"type":"Feature","geometry":{"geodesic":false,"crs":{"type":"name","properties":{"name":"EPSG:32643"}},"type":"Polygon","coordinates":[[[882000.0,1916000.0],[883000.0,1916000.0],[883000.0,1917000.0],[882000.0,1917000.0],[882000.0,1916000.0]]]},"id":"882,1916","properties":{"bld_cover":0.0122,"bld_height":0.0899626953125,"id":"49"}},{"type":"Feature","geometry":{"geodesic":false,"crs":{"type":"name","properties":{"name":"EPSG:32643"}},"type":"Polygon","coordinates":[[[850000.0,1917000.0],[851000.0,1917000.0],[851000.0,1918000.0],[850000.0,1918000.0],[850000.0,1917000.0]]]},"id":"850,1917","properties":{"bld_cover":4.0E-4,"bld_height":0.0141580078125,"id":"50"}},{"type":"Feature","geometry":{"geodesic":false,"crs":{"type":"name","properties":{"name":"EPSG:32643"}},"type":"Polygon","coordinates":[[[851000.0,1917000.0],[852000.0,1917000.0],[852000.0,1918000.0],[851000.0,1918000.0],[851000.0,1917000.0]]]},"id":"851,1917","properties":{"bld_cover":0.015,"bld_height":0.04289140625,"id":"51"}},{"type":"Feature","geometry":{"geodesic":false,"crs":{"type":"name","properties":{"name":"EPSG:32643"}},"type":"Polygon","coordinates":[[[852000.0,1917000.0],[853000.0,1917000.0],[853000.0,1918000.0],[852000.0,1918000.0],[852000.0,1917000.0]]]},"id":"852,1917","properties":{"bld_cover":0.0311,"bld_height":0.2077197265625,"id":"52"}},{"type":"Feature","geometry":{"geodesic":false,"crs":{"type":"name","properties":{"name":"EPSG:32643"}},"type":"Polygon","coordinates":[[[853000.0,1917000.0],[854000.0,1917000.0],[854000.0,1918000.0],[853000.0,1918000.0],[853000.0,1917000.0]]]},"id":"853,1917","properties":{"bld_cover":0.0122,"bld_height":0.068459375,"id":"53"}},{"type":"Feature","geometry":{"geodesic":false,"crs":{"type":"name","properties":{"name":"EPSG:32643"}},"type":"Polygon","coordinates":[[[854000.0,1917000.0],[855000.0,1917000.0],[855000.0,1918000.0],[854000.0,1918000.0],[854000.0,1917000.0]]]},"id":"854,1917","properties":{"bld_cover":0.0036,"bld_height":0.0183564453125,"id":"54"}},{"type":"Feature","geometry":{"geodesic":false,"crs":{"type":"name","properties":{"name":"EPSG:32643"}},"type":"Polygon","coordinates":[[[855000.0,1917000.0],[856000.0,1917000.0],[856000.0,1918000.0],[855000.0,1918000.0],[855000.0,1917000.0]]]},"id":"855,1917","properties":{"bld_cover":0.0123,"bld_height":0.07523203125,"id":"55"}},{"type":"Feature","geometry":{"geodesic":false,"crs":{"type":"name","properties":{"name":"EPSG:32643"}},"type":"Polygon","coordinates":[[[856000.0,1917000.0],[857000.0,1917000.0],[857000.0,1918000.0],[856000.0,1918000.0],[856000.0,1917000.0]]]},"id":"856,1917","properties":{"bld_cover":8.0E-4,"bld_height":0.0034306640625,"id":"56"}},{"type":"Feature","geometry":{"geodesic":false,"crs":{"type":"name","properties":{"name":"EPSG:32643"}},"type":"Polygon","coordinates":[[[857000.0,1917000.0],[858000.0,1917000.0],[858000.0,1918000.0],[857000.0,1918000.0],[857000.0,1917000.0]]]},"id":"857,1917","properties":{"bld_cover":0,"bld_height":2.185546875E-4,"id":"57"}},{"type":"Feature","geometry":{"geodesic":false,"crs":{"type":"name","properties":{"name":"EPSG:32643"}},"type":"Polygon","coordinates":[[[858000.0,1917000.0],[859000.0,1917000.0],[859000.0,1918000.0],[858000.0,1918000.0],[858000.0,1917000.0]]]},"id":"858,1917","properties":{"bld_cover":0.0102,"bld_height":0.0802041015625,"id":"58"}},{"type":"Feature","geometry":{"geodesic":false,"crs":{"type":"name","properties":{"name":"EPSG:32643"}},"type":"Polygon","coordinates":[[[859000.0,1917000.0],[860000.0,1917000.0],[860000.0,1918000.0],[859000.0,1918000.0],[859000.0,1917000.0]]]},"id":"859,1917","properties":{"bld_cover":0.0063,"bld_height":0.0900728515625,"id":"59"}},{"type":"Feature","geometry":{"geodesic":false,"crs":{"type":"name","properties":{"name":"EPSG:32643"}},"type":"Polygon","coordinates":[[[860000.0,1917000.0],[861000.0,1917000.0],[861000.0,1918000.0],[860000.0,1918000.0],[860000.0,1917000.0]]]},"id":"860,1917","properties":{"bld_cover":0.0341,"bld_height":0.324994921875,"id":"60"}},{"type":"Feature","geometry":{"geodesic":false,"crs":{"type":"name","properties":{"name":"EPSG:32643"}},"type":"Polygon","coordinates":[[[861000.0,1917000.0],[862000.0,1917000.0],[862000.0,1918000.0],[861000.0,1918000.0],[861000.0,1917000.0]]]},"id":"861,1917","properties":{"bld_cover":0.0638,"bld_height":0.620251953125,"id":"61"}},{"type":"Feature","geometry":{"geodesic":false,"crs":{"type":"name","properties":{"name":"EPSG:32643"}},"type":"Polygon","coordinates":[[[862000.0,1917000.0],[863000.0,1917000.0],[863000.0,1918000.0],[862000.0,1918000.0],[862000.0,1917000.0]]]},"id":"862,1917","properties":{"bld_cover":0.0588,"bld_height":0.5210087890625,"id":"62"}},{"type":"Feature","geometry":{"geodesic":false,"crs":{"type":"name","properties":{"name":"EPSG:32643"}},"type":"Polygon","coordinates":[[[863000.0,1917000.0],[864000.0,1917000.0],[864000.0,1918000.0],[863000.0,1918000.0],[863000.0,1917000.0]]]},"id":"863,1917","properties":{"bld_cover":0.0087,"bld_height":0.0617548828125,"id":"63"}},{"type":"Feature","geometry":{"geodesic":false,"crs":{"type":"name","properties":{"name":"EPSG:32643"}},"type":"Polygon","coordinates":[[[864000.0,1917000.0],[865000.0,1917000.0],[865000.0,1918000.0],[864000.0,1918000.0],[864000.0,1917000.0]]]},"id":"864,1917","properties":{"bld_cover":0.276,"bld_height":2.1695216796875,"id":"64"}},{"type":"Feature","geometry":{"geodesic":false,"crs":{"type":"name","properties":{"name":"EPSG:32643"}},"type":"Polygon","coordinates":[[[865000.0,1917000.0],[866000.0,1917000.0],[866000.0,1918000.0],[865000.0,1918000.0],[865000.0,1917000.0]]]},"id":"865,1917","properties":{"bld_cover":0.3924,"bld_height":3.0868875,"id":"65"}},{"type":"Feature","geometry":{"geodesic":false,"crs":{"type":"name","properties":{"name":"EPSG:32643"}},"type":"Polygon","coordinates":[[[866000.0,1917000.0],[867000.0,1917000.0],[867000.0,1918000.0],[866000.0,1918000.0],[866000.0,1917000.0]]]},"id":"866,1917","properties":{"bld_cover":0.2309,"bld_height":2.166307421875,"id":"66"}},{"type":"Feature","geometry":{"geodesic":false,"crs":{"type":"name","properties":{"name":"EPSG:32643"}},"type":"Polygon","coordinates":[[[867000.0,1917000.0],[868000.0,1917000.0],[868000.0,1918000.0],[867000.0,1918000.0],[867000.0,1917000.0]]]},"id":"867,1917","properties":{"bld_cover":0.2277,"bld_height":2.0317171875,"id":"67"}},{"type":"Feature","geometry":{"geodesic":false,"crs":{"type":"name","properties":{"name":"EPSG:32643"}},"type":"Polygon","coordinates":[[[868000.0,1917000.0],[869000.0,1917000.0],[869000.0,1918000.0],[868000.0,1918000.0],[868000.0,1917000.0]]]},"id":"868,1917","properties":{"bld_cover":0.4396,"bld_height":3.715827734375,"id":"68"}},{"type":"Feature","geometry":{"geodesic":false,"crs":{"type":"name","properties":{"name":"EPSG:32643"}},"type":"Polygon","coordinates":[[[869000.0,1917000.0],[870000.0,1917000.0],[870000.0,1918000.0],[869000.0,1918000.0],[869000.0,1917000.0]]]},"id":"869,1917","properties":{"bld_cover":0.2245,"bld_height":1.7423115234375,"id":"69"}},{"type":"Feature","geometry":{"geodesic":false,"crs":{"type":"name","properties":{"name":"EPSG:32643"}},"type":"Polygon","coordinates":[[[870000.0,1917000.0],[871000.0,1917000.0],[871000.0,1918000.0],[870000.0,1918000.0],[870000.0,1917000.0]]]},"id":"870,1917","properties":{"bld_cover":0.4655,"bld_height":3.134629296875,"id":"70"}},{"type":"Feature","geometry":{"geodesic":false,"crs":{"type":"name","properties":{"name":"EPSG:32643"}},"type":"Polygon","coordinates":[[[871000.0,1917000.0],[872000.0,1917000.0],[872000.0,1918000.0],[871000.0,1918000.0],[871000.0,1917000.0]]]},"id":"871,1917","properties":{"bld_cover":0.3136,"bld_height":2.1275966796875,"id":"71"}},{"type":"Feature","geometry":{"geodesic":false,"crs":{"type":"name","properties":{"name":"EPSG:32643"}},"type":"Polygon","coordinates":[[[872000.0,1917000.0],[873000.0,1917000.0],[873000.0,1918000.0],[872000.0,1918000.0],[872000.0,1917000.0]]]},"id":"872,1917","properties":{"bld_cover":0.1898,"bld_height":1.423665625,"id":"72"}},{"type":"Feature","geometry":{"geodesic":false,"crs":{"type":"name","properties":{"name":"EPSG:32643"}},"type":"Polygon","coordinates":[[[873000.0,1917000.0],[874000.0,1917000.0],[874000.0,1918000.0],[873000.0,1918000.0],[873000.0,1917000.0]]]},"id":"873,1917","properties":{"bld_cover":0.2407,"bld_height":1.8740998046875,"id":"73"}},{"type":"Feature","geometry":{"geodesic":false,"crs":{"type":"name","properties":{"name":"EPSG:32643"}},"type":"Polygon","coordinates":[[[874000.0,1917000.0],[875000.0,1917000.0],[875000.0,1918000.0],[874000.0,1918000.0],[874000.0,1917000.0]]]},"id":"874,1917","properties":{"bld_cover":0.326,"bld_height":2.6475583984375,"id":"74"}},{"type":"Feature","geometry":{"geodesic":false,"crs":{"type":"name","properties":{"name":"EPSG:32643"}},"type":"Polygon","coordinates":[[[875000.0,1917000.0],[876000.0,1917000.0],[876000.0,1918000.0],[875000.0,1918000.0],[875000.0,1917000.0]]]},"id":"875,1917","properties":{"bld_cover":0.2743,"bld_height":2.30051015625,"id":"75"}},{"type":"Feature","geometry":{"geodesic":false,"crs":{"type":"name","properties":{"name":"EPSG:32643"}},"type":"Polygon","coordinates":[[[876000.0,1917000.0],[877000.0,1917000.0],[877000.0,1918000.0],[876000.0,1918000.0],[876000.0,1917000.0]]]},"id":"876,1917","properties":{"bld_cover":0.2593,"bld_height":2.12475703125,"id":"76"}},{"type":"Feature","geometry":{"geodesic":false,"crs":{"type":"name","properties":{"name":"EPSG:32643"}},"type":"Polygon","coordinates":[[[877000.0,1917000.0],[878000.0,1917000.0],[878000.0,1918000.0],[877000.0,1918000.0],[877000.0,1917000.0]]]},"id":"877,1917","properties":{"bld_cover":0.2893,"bld_height":2.87344765625,"id":"77"}},{"type":"Feature","geometry":{"geodesic":false,"crs":{"type":"name","properties":{"name":"EPSG:32643"}},"type":"Polygon","coordinates":[[[878000.0,1917000.0],[879000.0,1917000.0],[879000.0,1918000.0],[878000.0,1918000.0],[878000.0,1917000.0]]]},"id":"878,1917","properties":{"bld_cover":0.1367,"bld_height":1.2685552734375,"id":"78"}},{"type":"Feature","geometry":{"geodesic":false,"crs":{"type":"name","properties":{"name":"EPSG:32643"}},"type":"Polygon","coordinates":[[[879000.0,1917000.0],[880000.0,1917000.0],[880000.0,1918000.0],[879000.0,1918000.0],[879000.0,1917000.0]]]},"id":"879,1917","properties":{"bld_cover":0.0993,"bld_height":0.889873828125,"id":"79"}},{"type":"Feature","geometry":{"geodesic":false,"crs":{"type":"name","properties":{"name":"EPSG:32643"}},"type":"Polygon","coordinates":[[[880000.0,1917000.0],[881000.0,1917000.0],[881000.0,1918000.0],[880000.0,1918000.0],[880000.0,1917000.0]]]},"id":"880,1917","properties":{"bld_cover":0.1802,"bld_height":1.5234029296875,"id":"80"}},{"type":"Feature","geometry":{"geodesic":false,"crs":{"type":"name","properties":{"name":"EPSG:32643"}},"type":"Polygon","coordinates":[[[881000.0,1917000.0],[882000.0,1917000.0],[882000.0,1918000.0],[881000.0,1918000.0],[881000.0,1917000.0]]]},"id":"881,1917","properties":{"bld_cover":0.137,"bld_height":0.9690787109375,"id":"81"}},{"type":"Feature","geometry":{"geodesic":false,"crs":{"type":"name","properties":{"name":"EPSG:32643"}},"type":"Polygon","coordinates":[[[882000.0,1917000.0],[883000.0,1917000.0],[883000.0,1918000.0],[882000.0,1918000.0],[882000.0,1917000.0]]]},"id":"882,1917","properties":{"bld_cover":0.0756,"bld_height":0.78753828125,"id":"82"}},{"type":"Feature","geometry":{"geodesic":false,"crs":{"type":"name","properties":{"name":"EPSG:32643"}},"type":"Polygon","coordinates":[[[850000.0,1918000.0],[851000.0,1918000.0],[851000.0,1919000.0],[850000.0,1919000.0],[850000.0,1918000.0]]]},"id":"850,1918","properties":{"bld_cover":0.0132,"bld_height":0.2751365234375,"id":"83"}},{"type":"Feature","geometry":{"geodesic":false,"crs":{"type":"name","properties":{"name":"EPSG:32643"}},"type":"Polygon","coordinates":[[[851000.0,1918000.0],[852000.0,1918000.0],[852000.0,1919000.0],[851000.0,1919000.0],[851000.0,1918000.0]]]},"id":"851,1918","properties":{"bld_cover":0.0379,"bld_height":0.21103046875,"id":"84"}},{"type":"Feature","geometry":{"geodesic":false,"crs":{"type":"name","properties":{"name":"EPSG:32643"}},"type":"Polygon","coordinates":[[[852000.0,1918000.0],[853000.0,1918000.0],[853000.0,1919000.0],[852000.0,1919000.0],[852000.0,1918000.0]]]},"id":"852,1918","properties":{"bld_cover":0.0494,"bld_height":0.33488046875,"id":"85"}},{"type":"Feature","geometry":{"geodesic":false,"crs":{"type":"name","properties":{"name":"EPSG:32643"}},"type":"Polygon","coordinates":[[[853000.0,1918000.0],[854000.0,1918000.0],[854000.0,1919000.0],[853000.0,1919000.0],[853000.0,1918000.0]]]},"id":"853,1918","properties":{"bld_cover":0.0089,"bld_height":0.0481001953125,"id":"86"}},{"type":"Feature","geometry":{"geodesic":false,"crs":{"type":"name","properties":{"name":"EPSG:32643"}},"type":"Polygon","coordinates":[[[854000.0,1918000.0],[855000.0,1918000.0],[855000.0,1919000.0],[854000.0,1919000.0],[854000.0,1918000.0]]]},"id":"854,1918","properties":{"bld_cover":0.0179,"bld_height":0.10663359375,"id":"87"}},{"type":"Feature","geometry":{"geodesic":false,"crs":{"type":"name","properties":{"name":"EPSG:32643"}},"type":"Polygon","coordinates":[[[855000.0,1918000.0],[856000.0,1918000.0],[856000.0,1919000.0],[855000.0,1919000.0],[855000.0,1918000.0]]]},"id":"855,1918","properties":{"bld_cover":0.0071,"bld_height":0.0531103515625,"id":"88"}},{"type":"Feature","geometry":{"geodesic":false,"crs":{"type":"name","properties":{"name":"EPSG:32643"}},"type":"Polygon","coordinates":[[[856000.0,1918000.0],[857000.0,1918000.0],[857000.0,1919000.0],[856000.0,1919000.0],[856000.0,1918000.0]]]},"id":"856,1918","properties":{"bld_cover":0,"bld_height":0,"id":"89"}},{"type":"Feature","geometry":{"geodesic":false,"crs":{"type":"name","properties":{"name":"EPSG:32643"}},"type":"Polygon","coordinates":[[[857000.0,1918000.0],[858000.0,1918000.0],[858000.0,1919000.0],[857000.0,1919000.0],[857000.0,1918000.0]]]},"id":"857,1918","properties":{"bld_cover":0,"bld_height":0,"id":"90"}},{"type":"Feature","geometry":{"geodesic":false,"crs":{"type":"name","properties":{"name":"EPSG:32643"}},"type":"Polygon","coordinates":[[[858000.0,1918000.0],[859000.0,1918000.0],[859000.0,1919000.0],[858000.0,1919000.0],[858000.0,1918000.0]]]},"id":"858,1918","properties":{"bld_cover":0.0123,"bld_height":0.1069169921875,"id":"91"}},{"type":"Feature","geometry":{"geodesic":false,"crs":{"type":"name","properties":{"name":"EPSG:32643"}},"type":"Polygon","coordinates":[[[859000.0,1918000.0],[860000.0,1918000.0],[860000.0,1919000.0],[859000.0,1919000.0],[859000.0,1918000.0]]]},"id":"859,1918","properties":{"bld_cover":0.0314,"bld_height":0.2684541015625,"id":"92"}},{"type":"Feature","geometry":{"geodesic":false,"crs":{"type":"name","properties":{"name":"EPSG:32643"}},"type":"Polygon","coordinates":[[[860000.0,1918000.0],[861000.0,1918000.0],[861000.0,1919000.0],[860000.0,1919000.0],[860000.0,1918000.0]]]},"id":"860,1918","properties":{"bld_cover":0.026,"bld_height":0.166365234375,"id":"93"}},{"type":"Feature","geometry":{"geodesic":false,"crs":{"type":"name","properties":{"name":"EPSG:32643"}},"type":"Polygon","coordinates":[[[861000.0,1918000.0],[862000.0,1918000.0],[862000.0,1919000.0],[861000.0,1919000.0],[861000.0,1918000.0]]]},"id":"861,1918","properties":{"bld_cover":0.1252,"bld_height":0.9294923828125,"id":"94"}},{"type":"Feature","geometry":{"geodesic":false,"crs":{"type":"name","properties":{"name":"EPSG:32643"}},"type":"Polygon","coordinates":[[[862000.0,1918000.0],[863000.0,1918000.0],[863000.0,1919000.0],[862000.0,1919000.0],[862000.0,1918000.0]]]},"id":"862,1918","properties":{"bld_cover":0.0381,"bld_height":0.2579009765625,"id":"95"}},{"type":"Feature","geometry":{"geodesic":false,"crs":{"type":"name","properties":{"name":"EPSG:32643"}},"type":"Polygon","coordinates":[[[863000.0,1918000.0],[864000.0,1918000.0],[864000.0,1919000.0],[863000.0,1919000.0],[863000.0,1918000.0]]]},"id":"863,1918","properties":{"bld_cover":0.1991,"bld_height":2.1711435546875,"id":"96"}},{"type":"Feature","geometry":{"geodesic":false,"crs":{"type":"name","properties":{"name":"EPSG:32643"}},"type":"Polygon","coordinates":[[[864000.0,1918000.0],[865000.0,1918000.0],[865000.0,1919000.0],[864000.0,1919000.0],[864000.0,1918000.0]]]},"id":"864,1918","properties":{"bld_cover":0.1756,"bld_height":1.9471671875,"id":"97"}},{"type":"Feature","geometry":{"geodesic":false,"crs":{"type":"name","properties":{"name":"EPSG:32643"}},"type":"Polygon","coordinates":[[[865000.0,1918000.0],[866000.0,1918000.0],[866000.0,1919000.0],[865000.0,1919000.0],[865000.0,1918000.0]]]},"id":"865,1918","properties":{"bld_cover":0.3421,"bld_height":2.8008810546875,"id":"98"}},{"type":"Feature","geometry":{"geodesic":false,"crs":{"type":"name","properties":{"name":"EPSG:32643"}},"type":"Polygon","coordinates":[[[866000.0,1918000.0],[867000.0,1918000.0],[867000.0,1919000.0],[866000.0,1919000.0],[866000.0,1918000.0]]]},"id":"866,1918","properties":{"bld_cover":0.3644,"bld_height":2.87978125,"id":"99"}},{"type":"Feature","geometry":{"geodesic":false,"crs":{"type":"name","properties":{"name":"EPSG:32643"}},"type":"Polygon","coordinates":[[[867000.0,1918000.0],[868000.0,1918000.0],[868000.0,1919000.0],[867000.0,1919000.0],[867000.0,1918000.0]]]},"id":"867,1918","properties":{"bld_cover":0.4387,"bld_height":3.315938671875,"id":"100"}},{"type":"Feature","geometry":{"geodesic":false,"crs":{"type":"name","properties":{"name":"EPSG:32643"}},"type":"Polygon","coordinates":[[[868000.0,1918000.0],[869000.0,1918000.0],[869000.0,1919000.0],[868000.0,1919000.0],[868000.0,1918000.0]]]},"id":"868,1918","properties":{"bld_cover":0.4504,"bld_height":3.8003541015625,"id":"101"}},{"type":"Feature","geometry":{"geodesic":false,"crs":{"type":"name","properties":{"name":"EPSG:32643"}},"type":"Polygon","coordinates":[[[869000.0,1918000.0],[870000.0,1918000.0],[870000.0,1919000.0],[869000.0,1919000.0],[869000.0,1918000.0]]]},"id":"869,1918","properties":{"bld_cover":0.2995,"bld_height":2.5942958984375,"id":"102"}},{"type":"Feature","geometry":{"geodesic":false,"crs":{"type":"name","properties":{"name":"EPSG:32643"}},"type":"Polygon","coordinates":[[[870000.0,1918000.0],[871000.0,1918000.0],[871000.0,1919000.0],[870000.0,1919000.0],[870000.0,1918000.0]]]},"id":"870,1918","properties":{"bld_cover":0.2962,"bld_height":2.25118203125,"id":"103"}},{"type":"Feature","geometry":{"geodesic":false,"crs":{"type":"name","properties":{"name":"EPSG:32643"}},"type":"Polygon","coordinates":[[[871000.0,1918000.0],[872000.0,1918000.0],[872000.0,1919000.0],[871000.0,1919000.0],[871000.0,1918000.0]]]},"id":"871,1918","properties":{"bld_cover":0.4342,"bld_height":3.129859375,"id":"104"}},{"type":"Feature","geometry":{"geodesic":false,"crs":{"type":"name","properties":{"name":"EPSG:32643"}},"type":"Polygon","coordinates":[[[872000.0,1918000.0],[873000.0,1918000.0],[873000.0,1919000.0],[872000.0,1919000.0],[872000.0,1918000.0]]]},"id":"872,1918","properties":{"bld_cover":0.0867,"bld_height":0.6666955078125,"id":"105"}},{"type":"Feature","geometry":{"geodesic":false,"crs":{"type":"name","properties":{"name":"EPSG:32643"}},"type":"Polygon","coordinates":[[[873000.0,1918000.0],[874000.0,1918000.0],[874000.0,1919000.0],[873000.0,1919000.0],[873000.0,1918000.0]]]},"id":"873,1918","properties":{"bld_cover":0.0659,"bld_height":0.6674146484375,"id":"106"}},{"type":"Feature","geometry":{"geodesic":false,"crs":{"type":"name","properties":{"name":"EPSG:32643"}},"type":"Polygon","coordinates":[[[874000.0,1918000.0],[875000.0,1918000.0],[875000.0,1919000.0],[874000.0,1919000.0],[874000.0,1918000.0]]]},"id":"874,1918","properties":{"bld_cover":0.2973,"bld_height":2.8466009765625,"id":"107"}},{"type":"Feature","geometry":{"geodesic":false,"crs":{"type":"name","properties":{"name":"EPSG:32643"}},"type":"Polygon","coordinates":[[[875000.0,1918000.0],[876000.0,1918000.0],[876000.0,1919000.0],[875000.0,1919000.0],[875000.0,1918000.0]]]},"id":"875,1918","properties":{"bld_cover":0.387,"bld_height":3.5157376953125,"id":"108"}},{"type":"Feature","geometry":{"geodesic":false,"crs":{"type":"name","properties":{"name":"EPSG:32643"}},"type":"Polygon","coordinates":[[[876000.0,1918000.0],[877000.0,1918000.0],[877000.0,1919000.0],[876000.0,1919000.0],[876000.0,1918000.0]]]},"id":"876,1918","properties":{"bld_cover":0.2768,"bld_height":2.995328515625,"id":"109"}},{"type":"Feature","geometry":{"geodesic":false,"crs":{"type":"name","properties":{"name":"EPSG:32643"}},"type":"Polygon","coordinates":[[[877000.0,1918000.0],[878000.0,1918000.0],[878000.0,1919000.0],[877000.0,1919000.0],[877000.0,1918000.0]]]},"id":"877,1918","properties":{"bld_cover":0.236,"bld_height":3.2753904296875,"id":"110"}},{"type":"Feature","geometry":{"geodesic":false,"crs":{"type":"name","properties":{"name":"EPSG:32643"}},"type":"Polygon","coordinates":[[[878000.0,1918000.0],[879000.0,1918000.0],[879000.0,1919000.0],[878000.0,1919000.0],[878000.0,1918000.0]]]},"id":"878,1918","properties":{"bld_cover":0.339,"bld_height":3.428799609375,"id":"111"}},{"type":"Feature","geometry":{"geodesic":false,"crs":{"type":"name","properties":{"name":"EPSG:32643"}},"type":"Polygon","coordinates":[[[879000.0,1918000.0],[880000.0,1918000.0],[880000.0,1919000.0],[879000.0,1919000.0],[879000.0,1918000.0]]]},"id":"879,1918","properties":{"bld_cover":0.3872,"bld_height":3.367179296875,"id":"112"}},{"type":"Feature","geometry":{"geodesic":false,"crs":{"type":"name","properties":{"name":"EPSG:32643"}},"type":"Polygon","coordinates":[[[880000.0,1918000.0],[881000.0,1918000.0],[881000.0,1919000.0],[880000.0,1919000.0],[880000.0,1918000.0]]]},"id":"880,1918","properties":{"bld_cover":0.2519,"bld_height":1.84571328125,"id":"113"}},{"type":"Feature","geometry":{"geodesic":false,"crs":{"type":"name","properties":{"name":"EPSG:32643"}},"type":"Polygon","coordinates":[[[881000.0,1918000.0],[882000.0,1918000.0],[882000.0,1919000.0],[881000.0,1919000.0],[881000.0,1918000.0]]]},"id":"881,1918","properties":{"bld_cover":0.1306,"bld_height":1.063631640625,"id":"114"}},{"type":"Feature","geometry":{"geodesic":false,"crs":{"type":"name","properties":{"name":"EPSG:32643"}},"type":"Polygon","coordinates":[[[882000.0,1918000.0],[883000.0,1918000.0],[883000.0,1919000.0],[882000.0,1919000.0],[882000.0,1918000.0]]]},"id":"882,1918","properties":{"bld_cover":0.0971,"bld_height":0.9312748046875,"id":"115"}},{"type":"Feature","geometry":{"geodesic":false,"crs":{"type":"name","properties":{"name":"EPSG:32643"}},"type":"Polygon","coordinates":[[[850000.0,1919000.0],[851000.0,1919000.0],[851000.0,1920000.0],[850000.0,1920000.0],[850000.0,1919000.0]]]},"id":"850,1919","properties":{"bld_cover":0.0146,"bld_height":0.715323828125,"id":"116"}},{"type":"Feature","geometry":{"geodesic":false,"crs":{"type":"name","properties":{"name":"EPSG:32643"}},"type":"Polygon","coordinates":[[[851000.0,1919000.0],[852000.0,1919000.0],[852000.0,1920000.0],[851000.0,1920000.0],[851000.0,1919000.0]]]},"id":"851,1919","properties":{"bld_cover":0.0417,"bld_height":0.348618359375,"id":"117"}},{"type":"Feature","geometry":{"geodesic":false,"crs":{"type":"name","properties":{"name":"EPSG:32643"}},"type":"Polygon","coordinates":[[[852000.0,1919000.0],[853000.0,1919000.0],[853000.0,1920000.0],[852000.0,1920000.0],[852000.0,1919000.0]]]},"id":"852,1919","properties":{"bld_cover":0.0273,"bld_height":0.188627734375,"id":"118"}},{"type":"Feature","geometry":{"geodesic":false,"crs":{"type":"name","properties":{"name":"EPSG:32643"}},"type":"Polygon","coordinates":[[[853000.0,1919000.0],[854000.0,1919000.0],[854000.0,1920000.0],[853000.0,1920000.0],[853000.0,1919000.0]]]},"id":"853,1919","properties":{"bld_cover":0.1062,"bld_height":0.69760625,"id":"119"}},{"type":"Feature","geometry":{"geodesic":false,"crs":{"type":"name","properties":{"name":"EPSG:32643"}},"type":"Polygon","coordinates":[[[854000.0,1919000.0],[855000.0,1919000.0],[855000.0,1920000.0],[854000.0,1920000.0],[854000.0,1919000.0]]]},"id":"854,1919","properties":{"bld_cover":0.024,"bld_height":0.140626953125,"id":"120"}},{"type":"Feature","geometry":{"geodesic":false,"crs":{"type":"name","properties":{"name":"EPSG:32643"}},"type":"Polygon","coordinates":[[[855000.0,1919000.0],[856000.0,1919000.0],[856000.0,1920000.0],[855000.0,1920000.0],[855000.0,1919000.0]]]},"id":"855,1919","properties":{"bld_cover":0.0187,"bld_height":0.1261373046875,"id":"121"}},{"type":"Feature","geometry":{"geodesic":false,"crs":{"type":"name","properties":{"name":"EPSG:32643"}},"type":"Polygon","coordinates":[[[856000.0,1919000.0],[857000.0,1919000.0],[857000.0,1920000.0],[856000.0,1920000.0],[856000.0,1919000.0]]]},"id":"856,1919","properties":{"bld_cover":0.0013,"bld_height":0.02224140625,"id":"122"}},{"type":"Feature","geometry":{"geodesic":false,"crs":{"type":"name","properties":{"name":"EPSG:32643"}},"type":"Polygon","coordinates":[[[857000.0,1919000.0],[858000.0,1919000.0],[858000.0,1920000.0],[857000.0,1920000.0],[857000.0,1919000.0]]]},"id":"857,1919","properties":{"bld_cover":0.0221,"bld_height":0.1342251953125,"id":"123"}},{"type":"Feature","geometry":{"geodesic":false,"crs":{"type":"name","properties":{"name":"EPSG:32643"}},"type":"Polygon","coordinates":[[[858000.0,1919000.0],[859000.0,1919000.0],[859000.0,1920000.0],[858000.0,1920000.0],[858000.0,1919000.0]]]},"id":"858,1919","properties":{"bld_cover":0.1066,"bld_height":1.0123669921875,"id":"124"}},{"type":"Feature","geometry":{"geodesic":false,"crs":{"type":"name","properties":{"name":"EPSG:32643"}},"type":"Polygon","coordinates":[[[859000.0,1919000.0],[860000.0,1919000.0],[860000.0,1920000.0],[859000.0,1920000.0],[859000.0,1919000.0]]]},"id":"859,1919","properties":{"bld_cover":0.062,"bld_height":0.689955859375,"id":"125"}},{"type":"Feature","geometry":{"geodesic":false,"crs":{"type":"name","properties":{"name":"EPSG:32643"}},"type":"Polygon","coordinates":[[[860000.0,1919000.0],[861000.0,1919000.0],[861000.0,1920000.0],[860000.0,1920000.0],[860000.0,1919000.0]]]},"id":"860,1919","properties":{"bld_cover":0.1581,"bld_height":1.4980814453125,"id":"126"}},{"type":"Feature","geometry":{"geodesic":false,"crs":{"type":"name","properties":{"name":"EPSG:32643"}},"type":"Polygon","coordinates":[[[861000.0,1919000.0],[862000.0,1919000.0],[862000.0,1920000.0],[861000.0,1920000.0],[861000.0,1919000.0]]]},"id":"861,1919","properties":{"bld_cover":0.1477,"bld_height":1.4964650390625,"id":"127"}},{"type":"Feature","geometry":{"geodesic":false,"crs":{"type":"name","properties":{"name":"EPSG:32643"}},"type":"Polygon","coordinates":[[[862000.0,1919000.0],[863000.0,1919000.0],[863000.0,1920000.0],[862000.0,1920000.0],[862000.0,1919000.0]]]},"id":"862,1919","properties":{"bld_cover":0.1626,"bld_height":1.2445490234375,"id":"128"}},{"type":"Feature","geometry":{"geodesic":false,"crs":{"type":"name","properties":{"name":"EPSG:32643"}},"type":"Polygon","coordinates":[[[863000.0,1919000.0],[864000.0,1919000.0],[864000.0,1920000.0],[863000.0,1920000.0],[863000.0,1919000.0]]]},"id":"863,1919","properties":{"bld_cover":0.0463,"bld_height":0.3739642578125,"id":"129"}},{"type":"Feature","geometry":{"geodesic":false,"crs":{"type":"name","properties":{"name":"EPSG:32643"}},"type":"Polygon","coordinates":[[[864000.0,1919000.0],[865000.0,1919000.0],[865000.0,1920000.0],[864000.0,1920000.0],[864000.0,1919000.0]]]},"id":"864,1919","properties":{"bld_cover":0.2646,"bld_height":2.4841912109375,"id":"130"}},{"type":"Feature","geometry":{"geodesic":false,"crs":{"type":"name","properties":{"name":"EPSG:32643"}},"type":"Polygon","coordinates":[[[865000.0,1919000.0],[866000.0,1919000.0],[866000.0,1920000.0],[865000.0,1920000.0],[865000.0,1919000.0]]]},"id":"865,1919","properties":{"bld_cover":0.1735,"bld_height":1.9772697265625,"id":"131"}},{"type":"Feature","geometry":{"geodesic":false,"crs":{"type":"name","properties":{"name":"EPSG:32643"}},"type":"Polygon","coordinates":[[[866000.0,1919000.0],[867000.0,1919000.0],[867000.0,1920000.0],[866000.0,1920000.0],[866000.0,1919000.0]]]},"id":"866,1919","properties":{"bld_cover":0.407,"bld_height":3.6401248046875,"id":"132"}},{"type":"Feature","geometry":{"geodesic":false,"crs":{"type":"name","properties":{"name":"EPSG:32643"}},"type":"Polygon","coordinates":[[[867000.0,1919000.0],[868000.0,1919000.0],[868000.0,1920000.0],[867000.0,1920000.0],[867000.0,1919000.0]]]},"id":"867,1919","properties":{"bld_cover":0.563,"bld_height":4.436311328125,"id":"133"}},{"type":"Feature","geometry":{"geodesic":false,"crs":{"type":"name","properties":{"name":"EPSG:32643"}},"type":"Polygon","coordinates":[[[868000.0,1919000.0],[869000.0,1919000.0],[869000.0,1920000.0],[868000.0,1920000.0],[868000.0,1919000.0]]]},"id":"868,1919","properties":{"bld_cover":0.3369,"bld_height":2.7212193359375,"id":"134"}},{"type":"Feature","geometry":{"geodesic":false,"crs":{"type":"name","properties":{"name":"EPSG:32643"}},"type":"Polygon","coordinates":[[[869000.0,1919000.0],[870000.0,1919000.0],[870000.0,1920000.0],[869000.0,1920000.0],[869000.0,1919000.0]]]},"id":"869,1919","properties":{"bld_cover":0.435,"bld_height":3.724296484375,"id":"135"}},{"type":"Feature","geometry":{"geodesic":false,"crs":{"type":"name","properties":{"name":"EPSG:32643"}},"type":"Polygon","coordinates":[[[870000.0,1919000.0],[871000.0,1919000.0],[871000.0,1920000.0],[870000.0,1920000.0],[870000.0,1919000.0]]]},"id":"870,1919","properties":{"bld_cover":0.4843,"bld_height":4.2680861328125,"id":"136"}},{"type":"Feature","geometry":{"geodesic":false,"crs":{"type":"name","properties":{"name":"EPSG:32643"}},"type":"Polygon","coordinates":[[[871000.0,1919000.0],[872000.0,1919000.0],[872000.0,1920000.0],[871000.0,1920000.0],[871000.0,1919000.0]]]},"id":"871,1919","properties":{"bld_cover":0.3004,"bld_height":2.4385060546875,"id":"137"}},{"type":"Feature","geometry":{"geodesic":false,"crs":{"type":"name","properties":{"name":"EPSG:32643"}},"type":"Polygon","coordinates":[[[872000.0,1919000.0],[873000.0,1919000.0],[873000.0,1920000.0],[872000.0,1920000.0],[872000.0,1919000.0]]]},"id":"872,1919","properties":{"bld_cover":0.1257,"bld_height":1.02927109375,"id":"138"}},{"type":"Feature","geometry":{"geodesic":false,"crs":{"type":"name","properties":{"name":"EPSG:32643"}},"type":"Polygon","coordinates":[[[873000.0,1919000.0],[874000.0,1919000.0],[874000.0,1920000.0],[873000.0,1920000.0],[873000.0,1919000.0]]]},"id":"873,1919","properties":{"bld_cover":0.1902,"bld_height":2.019166015625,"id":"139"}},{"type":"Feature","geometry":{"geodesic":false,"crs":{"type":"name","properties":{"name":"EPSG:32643"}},"type":"Polygon","coordinates":[[[874000.0,1919000.0],[875000.0,1919000.0],[875000.0,1920000.0],[874000.0,1920000.0],[874000.0,1919000.0]]]},"id":"874,1919","properties":{"bld_cover":0.2879,"bld_height":2.527191015625,"id":"140"}},{"type":"Feature","geometry":{"geodesic":false,"crs":{"type":"name","properties":{"name":"EPSG:32643"}},"type":"Polygon","coordinates":[[[875000.0,1919000.0],[876000.0,1919000.0],[876000.0,1920000.0],[875000.0,1920000.0],[875000.0,1919000.0]]]},"id":"875,1919","properties":{"bld_cover":0.4031,"bld_height":3.6263646484375,"id":"141"}},{"type":"Feature","geometry":{"geodesic":false,"crs":{"type":"name","properties":{"name":"EPSG:32643"}},"type":"Polygon","coordinates":[[[876000.0,1919000.0],[877000.0,1919000.0],[877000.0,1920000.0],[876000.0,1920000.0],[876000.0,1919000.0]]]},"id":"876,1919","properties":{"bld_cover":0.2967,"bld_height":3.1006498046875,"id":"142"}},{"type":"Feature","geometry":{"geodesic":false,"crs":{"type":"name","properties":{"name":"EPSG:32643"}},"type":"Polygon","coordinates":[[[877000.0,1919000.0],[878000.0,1919000.0],[878000.0,1920000.0],[877000.0,1920000.0],[877000.0,1919000.0]]]},"id":"877,1919","properties":{"bld_cover":0.3581,"bld_height":4.20688671875,"id":"143"}},{"type":"Feature","geometry":{"geodesic":false,"crs":{"type":"name","properties":{"name":"EPSG:32643"}},"type":"Polygon","coordinates":[[[878000.0,1919000.0],[879000.0,1919000.0],[879000.0,1920000.0],[878000.0,1920000.0],[878000.0,1919000.0]]]},"id":"878,1919","properties":{"bld_cover":0.3789,"bld_height":3.7767783203125,"id":"144"}},{"type":"Feature","geometry":{"geodesic":false,"crs":{"type":"name","properties":{"name":"EPSG:32643"}},"type":"Polygon","coordinates":[[[879000.0,1919000.0],[880000.0,1919000.0],[880000.0,1920000.0],[879000.0,1920000.0],[879000.0,1919000.0]]]},"id":"879,1919","properties":{"bld_cover":0.3934,"bld_height":3.7169333984375,"id":"145"}},{"type":"Feature","geometry":{"geodesic":false,"crs":{"type":"name","properties":{"name":"EPSG:32643"}},"type":"Polygon","coordinates":[[[880000.0,1919000.0],[881000.0,1919000.0],[881000.0,1920000.0],[880000.0,1920000.0],[880000.0,1919000.0]]]},"id":"880,1919","properties":{"bld_cover":0.34,"bld_height":3.14441640625,"id":"146"}},{"type":"Feature","geometry":{"geodesic":false,"crs":{"type":"name","properties":{"name":"EPSG:32643"}},"type":"Polygon","coordinates":[[[881000.0,1919000.0],[882000.0,1919000.0],[882000.0,1920000.0],[881000.0,1920000.0],[881000.0,1919000.0]]]},"id":"881,1919","properties":{"bld_cover":0.3831,"bld_height":3.335576953125,"id":"147"}},{"type":"Feature","geometry":{"geodesic":false,"crs":{"type":"name","properties":{"name":"EPSG:32643"}},"type":"Polygon","coordinates":[[[882000.0,1919000.0],[883000.0,1919000.0],[883000.0,1920000.0],[882000.0,1920000.0],[882000.0,1919000.0]]]},"id":"882,1919","properties":{"bld_cover":0.2268,"bld_height":2.7361240234375,"id":"148"}},{"type":"Feature","geometry":{"geodesic":false,"crs":{"type":"name","properties":{"name":"EPSG:32643"}},"type":"Polygon","coordinates":[[[850000.0,1920000.0],[851000.0,1920000.0],[851000.0,1921000.0],[850000.0,1921000.0],[850000.0,1920000.0]]]},"id":"850,1920","properties":{"bld_cover":0.0063,"bld_height":0.2975248046875,"id":"149"}},{"type":"Feature","geometry":{"geodesic":false,"crs":{"type":"name","properties":{"name":"EPSG:32643"}},"type":"Polygon","coordinates":[[[851000.0,1920000.0],[852000.0,1920000.0],[852000.0,1921000.0],[851000.0,1921000.0],[851000.0,1920000.0]]]},"id":"851,1920","properties":{"bld_cover":0.1258,"bld_height":0.933633984375,"id":"150"}},{"type":"Feature","geometry":{"geodesic":false,"crs":{"type":"name","properties":{"name":"EPSG:32643"}},"type":"Polygon","coordinates":[[[852000.0,1920000.0],[853000.0,1920000.0],[853000.0,1921000.0],[852000.0,1921000.0],[852000.0,1920000.0]]]},"id":"852,1920","properties":{"bld_cover":0.0392,"bld_height":0.2963875,"id":"151"}},{"type":"Feature","geometry":{"geodesic":false,"crs":{"type":"name","properties":{"name":"EPSG:32643"}},"type":"Polygon","coordinates":[[[853000.0,1920000.0],[854000.0,1920000.0],[854000.0,1921000.0],[853000.0,1921000.0],[853000.0,1920000.0]]]},"id":"853,1920","properties":{"bld_cover":0.093,"bld_height":0.7436693359375,"id":"152"}},{"type":"Feature","geometry":{"geodesic":false,"crs":{"type":"name","properties":{"name":"EPSG:32643"}},"type":"Polygon","coordinates":[[[854000.0,1920000.0],[855000.0,1920000.0],[855000.0,1921000.0],[854000.0,1921000.0],[854000.0,1920000.0]]]},"id":"854,1920","properties":{"bld_cover":0.0744,"bld_height":0.474822265625,"id":"153"}},{"type":"Feature","geometry":{"geodesic":false,"crs":{"type":"name","properties":{"name":"EPSG:32643"}},"type":"Polygon","coordinates":[[[855000.0,1920000.0],[856000.0,1920000.0],[856000.0,1921000.0],[855000.0,1921000.0],[855000.0,1920000.0]]]},"id":"855,1920","properties":{"bld_cover":0.0305,"bld_height":0.1689615234375,"id":"154"}},{"type":"Feature","geometry":{"geodesic":false,"crs":{"type":"name","properties":{"name":"EPSG:32643"}},"type":"Polygon","coordinates":[[[856000.0,1920000.0],[857000.0,1920000.0],[857000.0,1921000.0],[856000.0,1921000.0],[856000.0,1920000.0]]]},"id":"856,1920","properties":{"bld_cover":0.001,"bld_height":0.0083630859375,"id":"155"}},{"type":"Feature","geometry":{"geodesic":false,"crs":{"type":"name","properties":{"name":"EPSG:32643"}},"type":"Polygon","coordinates":[[[857000.0,1920000.0],[858000.0,1920000.0],[858000.0,1921000.0],[857000.0,1921000.0],[857000.0,1920000.0]]]},"id":"857,1920","properties":{"bld_cover":0.0707,"bld_height":0.537858203125,"id":"156"}},{"type":"Feature","geometry":{"geodesic":false,"crs":{"type":"name","properties":{"name":"EPSG:32643"}},"type":"Polygon","coordinates":[[[858000.0,1920000.0],[859000.0,1920000.0],[859000.0,1921000.0],[858000.0,1921000.0],[858000.0,1920000.0]]]},"id":"858,1920","properties":{"bld_cover":0.1116,"bld_height":1.043428515625,"id":"157"}},{"type":"Feature","geometry":{"geodesic":false,"crs":{"type":"name","properties":{"name":"EPSG:32643"}},"type":"Polygon","coordinates":[[[859000.0,1920000.0],[860000.0,1920000.0],[860000.0,1921000.0],[859000.0,1921000.0],[859000.0,1920000.0]]]},"id":"859,1920","properties":{"bld_cover":0.2061,"bld_height":2.3105408203125,"id":"158"}},{"type":"Feature","geometry":{"geodesic":false,"crs":{"type":"name","properties":{"name":"EPSG:32643"}},"type":"Polygon","coordinates":[[[860000.0,1920000.0],[861000.0,1920000.0],[861000.0,1921000.0],[860000.0,1921000.0],[860000.0,1920000.0]]]},"id":"860,1920","properties":{"bld_cover":0.1625,"bld_height":2.0368744140625,"id":"159"}},{"type":"Feature","geometry":{"geodesic":false,"crs":{"type":"name","properties":{"name":"EPSG:32643"}},"type":"Polygon","coordinates":[[[861000.0,1920000.0],[862000.0,1920000.0],[862000.0,1921000.0],[861000.0,1921000.0],[861000.0,1920000.0]]]},"id":"861,1920","properties":{"bld_cover":0.1094,"bld_height":0.972303125,"id":"160"}},{"type":"Feature","geometry":{"geodesic":false,"crs":{"type":"name","properties":{"name":"EPSG:32643"}},"type":"Polygon","coordinates":[[[862000.0,1920000.0],[863000.0,1920000.0],[863000.0,1921000.0],[862000.0,1921000.0],[862000.0,1920000.0]]]},"id":"862,1920","properties":{"bld_cover":0.087,"bld_height":0.7899744140625,"id":"161"}},{"type":"Feature","geometry":{"geodesic":false,"crs":{"type":"name","properties":{"name":"EPSG:32643"}},"type":"Polygon","coordinates":[[[863000.0,1920000.0],[864000.0,1920000.0],[864000.0,1921000.0],[863000.0,1921000.0],[863000.0,1920000.0]]]},"id":"863,1920","properties":{"bld_cover":0.174,"bld_height":1.514544921875,"id":"162"}},{"type":"Feature","geometry":{"geodesic":false,"crs":{"type":"name","properties":{"name":"EPSG:32643"}},"type":"Polygon","coordinates":[[[864000.0,1920000.0],[865000.0,1920000.0],[865000.0,1921000.0],[864000.0,1921000.0],[864000.0,1920000.0]]]},"id":"864,1920","properties":{"bld_cover":0.3048,"bld_height":2.3953681640625,"id":"163"}},{"type":"Feature","geometry":{"geodesic":false,"crs":{"type":"name","properties":{"name":"EPSG:32643"}},"type":"Polygon","coordinates":[[[865000.0,1920000.0],[866000.0,1920000.0],[866000.0,1921000.0],[865000.0,1921000.0],[865000.0,1920000.0]]]},"id":"865,1920","properties":{"bld_cover":0.2445,"bld_height":1.783740625,"id":"164"}},{"type":"Feature","geometry":{"geodesic":false,"crs":{"type":"name","properties":{"name":"EPSG:32643"}},"type":"Polygon","coordinates":[[[866000.0,1920000.0],[867000.0,1920000.0],[867000.0,1921000.0],[866000.0,1921000.0],[866000.0,1920000.0]]]},"id":"866,1920","properties":{"bld_cover":0.2317,"bld_height":1.950365234375,"id":"165"}},{"type":"Feature","geometry":{"geodesic":false,"crs":{"type":"name","properties":{"name":"EPSG:32643"}},"type":"Polygon","coordinates":[[[867000.0,1920000.0],[868000.0,1920000.0],[868000.0,1921000.0],[867000.0,1921000.0],[867000.0,1920000.0]]]},"id":"867,1920","properties":{"bld_cover":0.5632,"bld_height":4.8872134765625,"id":"166"}},{"type":"Feature","geometry":{"geodesic":false,"crs":{"type":"name","properties":{"name":"EPSG:32643"}},"type":"Polygon","coordinates":[[[868000.0,1920000.0],[869000.0,1920000.0],[869000.0,1921000.0],[868000.0,1921000.0],[868000.0,1920000.0]]]},"id":"868,1920","properties":{"bld_cover":0.4957,"bld_height":4.7145169921875,"id":"167"}},{"type":"Feature","geometry":{"geodesic":false,"crs":{"type":"name","properties":{"name":"EPSG:32643"}},"type":"Polygon","coordinates":[[[869000.0,1920000.0],[870000.0,1920000.0],[870000.0,1921000.0],[869000.0,1921000.0],[869000.0,1920000.0]]]},"id":"869,1920","properties":{"bld_cover":0.4415,"bld_height":3.670803515625,"id":"168"}},{"type":"Feature","geometry":{"geodesic":false,"crs":{"type":"name","properties":{"name":"EPSG:32643"}},"type":"Polygon","coordinates":[[[870000.0,1920000.0],[871000.0,1920000.0],[871000.0,1921000.0],[870000.0,1921000.0],[870000.0,1920000.0]]]},"id":"870,1920","properties":{"bld_cover":0.5477,"bld_height":4.296259765625,"id":"169"}},{"type":"Feature","geometry":{"geodesic":false,"crs":{"type":"name","properties":{"name":"EPSG:32643"}},"type":"Polygon","coordinates":[[[871000.0,1920000.0],[872000.0,1920000.0],[872000.0,1921000.0],[871000.0,1921000.0],[871000.0,1920000.0]]]},"id":"871,1920","properties":{"bld_cover":0.503,"bld_height":4.321584765625,"id":"170"}},{"type":"Feature","geometry":{"geodesic":false,"crs":{"type":"name","properties":{"name":"EPSG:32643"}},"type":"Polygon","coordinates":[[[872000.0,1920000.0],[873000.0,1920000.0],[873000.0,1921000.0],[872000.0,1921000.0],[872000.0,1920000.0]]]},"id":"872,1920","properties":{"bld_cover":0.2322,"bld_height":2.409519921875,"id":"171"}},{"type":"Feature","geometry":{"geodesic":false,"crs":{"type":"name","properties":{"name":"EPSG:32643"}},"type":"Polygon","coordinates":[[[873000.0,1920000.0],[874000.0,1920000.0],[874000.0,1921000.0],[873000.0,1921000.0],[873000.0,1920000.0]]]},"id":"873,1920","properties":{"bld_cover":0.1737,"bld_height":1.95215859375,"id":"172"}},{"type":"Feature","geometry":{"geodesic":false,"crs":{"type":"name","properties":{"name":"EPSG:32643"}},"type":"Polygon","coordinates":[[[874000.0,1920000.0],[875000.0,1920000.0],[875000.0,1921000.0],[874000.0,1921000.0],[874000.0,1920000.0]]]},"id":"874,1920","properties":{"bld_cover":0.247,"bld_height":2.55165703125,"id":"173"}},{"type":"Feature","geometry":{"geodesic":false,"crs":{"type":"name","properties":{"name":"EPSG:32643"}},"type":"Polygon","coordinates":[[[875000.0,1920000.0],[876000.0,1920000.0],[876000.0,1921000.0],[875000.0,1921000.0],[875000.0,1920000.0]]]},"id":"875,1920","properties":{"bld_cover":0.4009,"bld_height":4.4344552734375,"id":"174"}},{"type":"Feature","geometry":{"geodesic":false,"crs":{"type":"name","properties":{"name":"EPSG:32643"}},"type":"Polygon","coordinates":[[[876000.0,1920000.0],[877000.0,1920000.0],[877000.0,1921000.0],[876000.0,1921000.0],[876000.0,1920000.0]]]},"id":"876,1920","properties":{"bld_cover":0.316,"bld_height":3.2225369140625,"id":"175"}},{"type":"Feature","geometry":{"geodesic":false,"crs":{"type":"name","properties":{"name":"EPSG:32643"}},"type":"Polygon","coordinates":[[[877000.0,1920000.0],[878000.0,1920000.0],[878000.0,1921000.0],[877000.0,1921000.0],[877000.0,1920000.0]]]},"id":"877,1920","properties":{"bld_cover":0.3527,"bld_height":4.0987244140625,"id":"176"}},{"type":"Feature","geometry":{"geodesic":false,"crs":{"type":"name","properties":{"name":"EPSG:32643"}},"type":"Polygon","coordinates":[[[878000.0,1920000.0],[879000.0,1920000.0],[879000.0,1921000.0],[878000.0,1921000.0],[878000.0,1920000.0]]]},"id":"878,1920","properties":{"bld_cover":0.2659,"bld_height":3.076865625,"id":"177"}},{"type":"Feature","geometry":{"geodesic":false,"crs":{"type":"name","properties":{"name":"EPSG:32643"}},"type":"Polygon","coordinates":[[[879000.0,1920000.0],[880000.0,1920000.0],[880000.0,1921000.0],[879000.0,1921000.0],[879000.0,1920000.0]]]},"id":"879,1920","properties":{"bld_cover":0.3345,"bld_height":3.9874830078125,"id":"178"}},{"type":"Feature","geometry":{"geodesic":false,"crs":{"type":"name","properties":{"name":"EPSG:32643"}},"type":"Polygon","coordinates":[[[880000.0,1920000.0],[881000.0,1920000.0],[881000.0,1921000.0],[880000.0,1921000.0],[880000.0,1920000.0]]]},"id":"880,1920","properties":{"bld_cover":0.2656,"bld_height":2.3894109375,"id":"179"}},{"type":"Feature","geometry":{"geodesic":false,"crs":{"type":"name","properties":{"name":"EPSG:32643"}},"type":"Polygon","coordinates":[[[881000.0,1920000.0],[882000.0,1920000.0],[882000.0,1921000.0],[881000.0,1921000.0],[881000.0,1920000.0]]]},"id":"881,1920","properties":{"bld_cover":0.0342,"bld_height":0.324762890625,"id":"180"}},{"type":"Feature","geometry":{"geodesic":false,"crs":{"type":"name","properties":{"name":"EPSG:32643"}},"type":"Polygon","coordinates":[[[882000.0,1920000.0],[883000.0,1920000.0],[883000.0,1921000.0],[882000.0,1921000.0],[882000.0,1920000.0]]]},"id":"882,1920","properties":{"bld_cover":0.1713,"bld_height":2.227218359375,"id":"181"}},{"type":"Feature","geometry":{"geodesic":false,"crs":{"type":"name","properties":{"name":"EPSG:32643"}},"type":"Polygon","coordinates":[[[850000.0,1921000.0],[851000.0,1921000.0],[851000.0,1922000.0],[850000.0,1922000.0],[850000.0,1921000.0]]]},"id":"850,1921","properties":{"bld_cover":0.0078,"bld_height":0.1137958984375,"id":"182"}},{"type":"Feature","geometry":{"geodesic":false,"crs":{"type":"name","properties":{"name":"EPSG:32643"}},"type":"Polygon","coordinates":[[[851000.0,1921000.0],[852000.0,1921000.0],[852000.0,1922000.0],[851000.0,1922000.0],[851000.0,1921000.0]]]},"id":"851,1921","properties":{"bld_cover":0.0244,"bld_height":0.12645703125,"id":"183"}},{"type":"Feature","geometry":{"geodesic":false,"crs":{"type":"name","properties":{"name":"EPSG:32643"}},"type":"Polygon","coordinates":[[[852000.0,1921000.0],[853000.0,1921000.0],[853000.0,1922000.0],[852000.0,1922000.0],[852000.0,1921000.0]]]},"id":"852,1921","properties":{"bld_cover":0.0107,"bld_height":0.0492779296875,"id":"184"}},{"type":"Feature","geometry":{"geodesic":false,"crs":{"type":"name","properties":{"name":"EPSG:32643"}},"type":"Polygon","coordinates":[[[853000.0,1921000.0],[854000.0,1921000.0],[854000.0,1922000.0],[853000.0,1922000.0],[853000.0,1921000.0]]]},"id":"853,1921","properties":{"bld_cover":0.0352,"bld_height":0.2799650390625,"id":"185"}},{"type":"Feature","geometry":{"geodesic":false,"crs":{"type":"name","properties":{"name":"EPSG:32643"}},"type":"Polygon","coordinates":[[[854000.0,1921000.0],[855000.0,1921000.0],[855000.0,1922000.0],[854000.0,1922000.0],[854000.0,1921000.0]]]},"id":"854,1921","properties":{"bld_cover":0.0531,"bld_height":0.4622107421875,"id":"186"}},{"type":"Feature","geometry":{"geodesic":false,"crs":{"type":"name","properties":{"name":"EPSG:32643"}},"type":"Polygon","coordinates":[[[855000.0,1921000.0],[856000.0,1921000.0],[856000.0,1922000.0],[855000.0,1922000.0],[855000.0,1921000.0]]]},"id":"855,1921","properties":{"bld_cover":0.0323,"bld_height":0.2346107421875,"id":"187"}},{"type":"Feature","geometry":{"geodesic":false,"crs":{"type":"name","properties":{"name":"EPSG:32643"}},"type":"Polygon","coordinates":[[[856000.0,1921000.0],[857000.0,1921000.0],[857000.0,1922000.0],[856000.0,1922000.0],[856000.0,1921000.0]]]},"id":"856,1921","properties":{"bld_cover":0.0113,"bld_height":0.0860259765625,"id":"188"}},{"type":"Feature","geometry":{"geodesic":false,"crs":{"type":"name","properties":{"name":"EPSG:32643"}},"type":"Polygon","coordinates":[[[857000.0,1921000.0],[858000.0,1921000.0],[858000.0,1922000.0],[857000.0,1922000.0],[857000.0,1921000.0]]]},"id":"857,1921","properties":{"bld_cover":0.0525,"bld_height":0.5618052734375,"id":"189"}},{"type":"Feature","geometry":{"geodesic":false,"crs":{"type":"name","properties":{"name":"EPSG:32643"}},"type":"Polygon","coordinates":[[[858000.0,1921000.0],[859000.0,1921000.0],[859000.0,1922000.0],[858000.0,1922000.0],[858000.0,1921000.0]]]},"id":"858,1921","properties":{"bld_cover":0.0675,"bld_height":0.8362140625,"id":"190"}},{"type":"Feature","geometry":{"geodesic":false,"crs":{"type":"name","properties":{"name":"EPSG:32643"}},"type":"Polygon","coordinates":[[[859000.0,1921000.0],[860000.0,1921000.0],[860000.0,1922000.0],[859000.0,1922000.0],[859000.0,1921000.0]]]},"id":"859,1921","properties":{"bld_cover":0.3834,"bld_height":4.2938806640625,"id":"191"}},{"type":"Feature","geometry":{"geodesic":false,"crs":{"type":"name","properties":{"name":"EPSG:32643"}},"type":"Polygon","coordinates":[[[860000.0,1921000.0],[861000.0,1921000.0],[861000.0,1922000.0],[860000.0,1922000.0],[860000.0,1921000.0]]]},"id":"860,1921","properties":{"bld_cover":0.2149,"bld_height":2.9912791015625,"id":"192"}},{"type":"Feature","geometry":{"geodesic":false,"crs":{"type":"name","properties":{"name":"EPSG:32643"}},"type":"Polygon","coordinates":[[[861000.0,1921000.0],[862000.0,1921000.0],[862000.0,1922000.0],[861000.0,1922000.0],[861000.0,1921000.0]]]},"id":"861,1921","properties":{"bld_cover":0.1316,"bld_height":1.314498828125,"id":"193"}},{"type":"Feature","geometry":{"geodesic":false,"crs":{"type":"name","properties":{"name":"EPSG:32643"}},"type":"Polygon","coordinates":[[[862000.0,1921000.0],[863000.0,1921000.0],[863000.0,1922000.0],[862000.0,1922000.0],[862000.0,1921000.0]]]},"id":"862,1921","properties":{"bld_cover":0.1828,"bld_height":2.7030107421875,"id":"194"}},{"type":"Feature","geometry":{"geodesic":false,"crs":{"type":"name","properties":{"name":"EPSG:32643"}},"type":"Polygon","coordinates":[[[863000.0,1921000.0],[864000.0,1921000.0],[864000.0,1922000.0],[863000.0,1922000.0],[863000.0,1921000.0]]]},"id":"863,1921","properties":{"bld_cover":0.3894,"bld_height":4.5905705078125,"id":"195"}},{"type":"Feature","geometry":{"geodesic":false,"crs":{"type":"name","properties":{"name":"EPSG:32643"}},"type":"Polygon","coordinates":[[[864000.0,1921000.0],[865000.0,1921000.0],[865000.0,1922000.0],[864000.0,1922000.0],[864000.0,1921000.0]]]},"id":"864,1921","properties":{"bld_cover":0.4171,"bld_height":2.9071703125,"id":"196"}},{"type":"Feature","geometry":{"geodesic":false,"crs":{"type":"name","properties":{"name":"EPSG:32643"}},"type":"Polygon","coordinates":[[[865000.0,1921000.0],[866000.0,1921000.0],[866000.0,1922000.0],[865000.0,1922000.0],[865000.0,1921000.0]]]},"id":"865,1921","properties":{"bld_cover":0.0403,"bld_height":0.2340580078125,"id":"197"}},{"type":"Feature","geometry":{"geodesic":false,"crs":{"type":"name","properties":{"name":"EPSG:32643"}},"type":"Polygon","coordinates":[[[866000.0,1921000.0],[867000.0,1921000.0],[867000.0,1922000.0],[866000.0,1922000.0],[866000.0,1921000.0]]]},"id":"866,1921","properties":{"bld_cover":0.0641,"bld_height":0.4336119140625,"id":"198"}},{"type":"Feature","geometry":{"geodesic":false,"crs":{"type":"name","properties":{"name":"EPSG:32643"}},"type":"Polygon","coordinates":[[[867000.0,1921000.0],[868000.0,1921000.0],[868000.0,1922000.0],[867000.0,1922000.0],[867000.0,1921000.0]]]},"id":"867,1921","properties":{"bld_cover":0.535,"bld_height":4.906135546875,"id":"199"}},{"type":"Feature","geometry":{"geodesic":false,"crs":{"type":"name","properties":{"name":"EPSG:32643"}},"type":"Polygon","coordinates":[[[868000.0,1921000.0],[869000.0,1921000.0],[869000.0,1922000.0],[868000.0,1922000.0],[868000.0,1921000.0]]]},"id":"868,1921","properties":{"bld_cover":0.5006,"bld_height":4.7590681640625,"id":"200"}},{"type":"Feature","geometry":{"geodesic":false,"crs":{"type":"name","properties":{"name":"EPSG:32643"}},"type":"Polygon","coordinates":[[[869000.0,1921000.0],[870000.0,1921000.0],[870000.0,1922000.0],[869000.0,1922000.0],[869000.0,1921000.0]]]},"id":"869,1921","properties":{"bld_cover":0.4769,"bld_height":4.3456927734375,"id":"201"}},{"type":"Feature","geometry":{"geodesic":false,"crs":{"type":"name","properties":{"name":"EPSG:32643"}},"type":"Polygon","coordinates":[[[870000.0,1921000.0],[871000.0,1921000.0],[871000.0,1922000.0],[870000.0,1922000.0],[870000.0,1921000.0]]]},"id":"870,1921","properties":{"bld_cover":0.5458,"bld_height":4.38323984375,"id":"202"}},{"type":"Feature","geometry":{"geodesic":false,"crs":{"type":"name","properties":{"name":"EPSG:32643"}},"type":"Polygon","coordinates":[[[871000.0,1921000.0],[872000.0,1921000.0],[872000.0,1922000.0],[871000.0,1922000.0],[871000.0,1921000.0]]]},"id":"871,1921","properties":{"bld_cover":0.5393,"bld_height":4.7174494140625,"id":"203"}},{"type":"Feature","geometry":{"geodesic":false,"crs":{"type":"name","properties":{"name":"EPSG:32643"}},"type":"Polygon","coordinates":[[[872000.0,1921000.0],[873000.0,1921000.0],[873000.0,1922000.0],[872000.0,1922000.0],[872000.0,1921000.0]]]},"id":"872,1921","properties":{"bld_cover":0.4346,"bld_height":4.6894423828125,"id":"204"}},{"type":"Feature","geometry":{"geodesic":false,"crs":{"type":"name","properties":{"name":"EPSG:32643"}},"type":"Polygon","coordinates":[[[873000.0,1921000.0],[874000.0,1921000.0],[874000.0,1922000.0],[873000.0,1922000.0],[873000.0,1921000.0]]]},"id":"873,1921","properties":{"bld_cover":0.4441,"bld_height":5.008462890625,"id":"205"}},{"type":"Feature","geometry":{"geodesic":false,"crs":{"type":"name","properties":{"name":"EPSG:32643"}},"type":"Polygon","coordinates":[[[874000.0,1921000.0],[875000.0,1921000.0],[875000.0,1922000.0],[874000.0,1922000.0],[874000.0,1921000.0]]]},"id":"874,1921","properties":{"bld_cover":0.4115,"bld_height":4.0799177734375,"id":"206"}},{"type":"Feature","geometry":{"geodesic":false,"crs":{"type":"name","properties":{"name":"EPSG:32643"}},"type":"Polygon","coordinates":[[[875000.0,1921000.0],[876000.0,1921000.0],[876000.0,1922000.0],[875000.0,1922000.0],[875000.0,1921000.0]]]},"id":"875,1921","properties":{"bld_cover":0.3896,"bld_height":4.177100390625,"id":"207"}},{"type":"Feature","geometry":{"geodesic":false,"crs":{"type":"name","properties":{"name":"EPSG:32643"}},"type":"Polygon","coordinates":[[[876000.0,1921000.0],[877000.0,1921000.0],[877000.0,1922000.0],[876000.0,1922000.0],[876000.0,1921000.0]]]},"id":"876,1921","properties":{"bld_cover":0.3869,"bld_height":4.20515234375,"id":"208"}},{"type":"Feature","geometry":{"geodesic":false,"crs":{"type":"name","properties":{"name":"EPSG:32643"}},"type":"Polygon","coordinates":[[[877000.0,1921000.0],[878000.0,1921000.0],[878000.0,1922000.0],[877000.0,1922000.0],[877000.0,1921000.0]]]},"id":"877,1921","properties":{"bld_cover":0.3892,"bld_height":4.592889453125,"id":"209"}},{"type":"Feature","geometry":{"geodesic":false,"crs":{"type":"name","properties":{"name":"EPSG:32643"}},"type":"Polygon","coordinates":[[[878000.0,1921000.0],[879000.0,1921000.0],[879000.0,1922000.0],[878000.0,1922000.0],[878000.0,1921000.0]]]},"id":"878,1921","properties":{"bld_cover":0.3134,"bld_height":3.9180646484375,"id":"210"}},{"type":"Feature","geometry":{"geodesic":false,"crs":{"type":"name","properties":{"name":"EPSG:32643"}},"type":"Polygon","coordinates":[[[879000.0,1921000.0],[880000.0,1921000.0],[880000.0,1922000.0],[879000.0,1922000.0],[879000.0,1921000.0]]]},"id":"879,1921","properties":{"bld_cover":0.2961,"bld_height":3.3156890625,"id":"211"}},{"type":"Feature","geometry":{"geodesic":false,"crs":{"type":"name","properties":{"name":"EPSG:32643"}},"type":"Polygon","coordinates":[[[880000.0,1921000.0],[881000.0,1921000.0],[881000.0,1922000.0],[880000.0,1922000.0],[880000.0,1921000.0]]]},"id":"880,1921","properties":{"bld_cover":0.1712,"bld_height":1.32264140625,"id":"212"}},{"type":"Feature","geometry":{"geodesic":false,"crs":{"type":"name","properties":{"name":"EPSG:32643"}},"type":"Polygon","coordinates":[[[881000.0,1921000.0],[882000.0,1921000.0],[882000.0,1922000.0],[881000.0,1922000.0],[881000.0,1921000.0]]]},"id":"881,1921","properties":{"bld_cover":0.0065,"bld_height":0.0360658203125,"id":"213"}},{"type":"Feature","geometry":{"geodesic":false,"crs":{"type":"name","properties":{"name":"EPSG:32643"}},"type":"Polygon","coordinates":[[[882000.0,1921000.0],[883000.0,1921000.0],[883000.0,1922000.0],[882000.0,1922000.0],[882000.0,1921000.0]]]},"id":"882,1921","properties":{"bld_cover":0.0298,"bld_height":0.3963654296875,"id":"214"}},{"type":"Feature","geometry":{"geodesic":false,"crs":{"type":"name","properties":{"name":"EPSG:32643"}},"type":"Polygon","coordinates":[[[850000.0,1922000.0],[851000.0,1922000.0],[851000.0,1923000.0],[850000.0,1923000.0],[850000.0,1922000.0]]]},"id":"850,1922","properties":{"bld_cover":0.0012,"bld_height":0.088989453125,"id":"215"}},{"type":"Feature","geometry":{"geodesic":false,"crs":{"type":"name","properties":{"name":"EPSG:32643"}},"type":"Polygon","coordinates":[[[851000.0,1922000.0],[852000.0,1922000.0],[852000.0,1923000.0],[851000.0,1923000.0],[851000.0,1922000.0]]]},"id":"851,1922","properties":{"bld_cover":0.0011,"bld_height":0.00744609375,"id":"216"}},{"type":"Feature","geometry":{"geodesic":false,"crs":{"type":"name","properties":{"name":"EPSG:32643"}},"type":"Polygon","coordinates":[[[852000.0,1922000.0],[853000.0,1922000.0],[853000.0,1923000.0],[852000.0,1923000.0],[852000.0,1922000.0]]]},"id":"852,1922","properties":{"bld_cover":0.0092,"bld_height":0.0563740234375,"id":"217"}},{"type":"Feature","geometry":{"geodesic":false,"crs":{"type":"name","properties":{"name":"EPSG:32643"}},"type":"Polygon","coordinates":[[[853000.0,1922000.0],[854000.0,1922000.0],[854000.0,1923000.0],[853000.0,1923000.0],[853000.0,1922000.0]]]},"id":"853,1922","properties":{"bld_cover":0.0695,"bld_height":0.6435935546875,"id":"218"}},{"type":"Feature","geometry":{"geodesic":false,"crs":{"type":"name","properties":{"name":"EPSG:32643"}},"type":"Polygon","coordinates":[[[854000.0,1922000.0],[855000.0,1922000.0],[855000.0,1923000.0],[854000.0,1923000.0],[854000.0,1922000.0]]]},"id":"854,1922","properties":{"bld_cover":0.0161,"bld_height":0.10417421875,"id":"219"}},{"type":"Feature","geometry":{"geodesic":false,"crs":{"type":"name","properties":{"name":"EPSG:32643"}},"type":"Polygon","coordinates":[[[855000.0,1922000.0],[856000.0,1922000.0],[856000.0,1923000.0],[855000.0,1923000.0],[855000.0,1922000.0]]]},"id":"855,1922","properties":{"bld_cover":7.0E-4,"bld_height":0.003164453125,"id":"220"}},{"type":"Feature","geometry":{"geodesic":false,"crs":{"type":"name","properties":{"name":"EPSG:32643"}},"type":"Polygon","coordinates":[[[856000.0,1922000.0],[857000.0,1922000.0],[857000.0,1923000.0],[856000.0,1923000.0],[856000.0,1922000.0]]]},"id":"856,1922","properties":{"bld_cover":0.0017,"bld_height":0.0219494140625,"id":"221"}},{"type":"Feature","geometry":{"geodesic":false,"crs":{"type":"name","properties":{"name":"EPSG:32643"}},"type":"Polygon","coordinates":[[[857000.0,1922000.0],[858000.0,1922000.0],[858000.0,1923000.0],[857000.0,1923000.0],[857000.0,1922000.0]]]},"id":"857,1922","properties":{"bld_cover":0.028,"bld_height":0.2774345703125,"id":"222"}},{"type":"Feature","geometry":{"geodesic":false,"crs":{"type":"name","properties":{"name":"EPSG:32643"}},"type":"Polygon","coordinates":[[[858000.0,1922000.0],[859000.0,1922000.0],[859000.0,1923000.0],[858000.0,1923000.0],[858000.0,1922000.0]]]},"id":"858,1922","properties":{"bld_cover":0.1645,"bld_height":3.0175892578125,"id":"223"}},{"type":"Feature","geometry":{"geodesic":false,"crs":{"type":"name","properties":{"name":"EPSG:32643"}},"type":"Polygon","coordinates":[[[859000.0,1922000.0],[860000.0,1922000.0],[860000.0,1923000.0],[859000.0,1923000.0],[859000.0,1922000.0]]]},"id":"859,1922","properties":{"bld_cover":0.2478,"bld_height":2.6925873046875,"id":"224"}},{"type":"Feature","geometry":{"geodesic":false,"crs":{"type":"name","properties":{"name":"EPSG:32643"}},"type":"Polygon","coordinates":[[[860000.0,1922000.0],[861000.0,1922000.0],[861000.0,1923000.0],[860000.0,1923000.0],[860000.0,1922000.0]]]},"id":"860,1922","properties":{"bld_cover":0.1663,"bld_height":2.061030859375,"id":"225"}},{"type":"Feature","geometry":{"geodesic":false,"crs":{"type":"name","properties":{"name":"EPSG:32643"}},"type":"Polygon","coordinates":[[[861000.0,1922000.0],[862000.0,1922000.0],[862000.0,1923000.0],[861000.0,1923000.0],[861000.0,1922000.0]]]},"id":"861,1922","properties":{"bld_cover":0.29,"bld_height":3.1649142578125,"id":"226"}},{"type":"Feature","geometry":{"geodesic":false,"crs":{"type":"name","properties":{"name":"EPSG:32643"}},"type":"Polygon","coordinates":[[[862000.0,1922000.0],[863000.0,1922000.0],[863000.0,1923000.0],[862000.0,1923000.0],[862000.0,1922000.0]]]},"id":"862,1922","properties":{"bld_cover":0.1496,"bld_height":1.6385568359375,"id":"227"}},{"type":"Feature","geometry":{"geodesic":false,"crs":{"type":"name","properties":{"name":"EPSG:32643"}},"type":"Polygon","coordinates":[[[863000.0,1922000.0],[864000.0,1922000.0],[864000.0,1923000.0],[863000.0,1923000.0],[863000.0,1922000.0]]]},"id":"863,1922","properties":{"bld_cover":0.3543,"bld_height":4.2968388671875,"id":"228"}},{"type":"Feature","geometry":{"geodesic":false,"crs":{"type":"name","properties":{"name":"EPSG:32643"}},"type":"Polygon","coordinates":[[[864000.0,1922000.0],[865000.0,1922000.0],[865000.0,1923000.0],[864000.0,1923000.0],[864000.0,1922000.0]]]},"id":"864,1922","properties":{"bld_cover":0.3675,"bld_height":3.338777734375,"id":"229"}},{"type":"Feature","geometry":{"geodesic":false,"crs":{"type":"name","properties":{"name":"EPSG:32643"}},"type":"Polygon","coordinates":[[[865000.0,1922000.0],[866000.0,1922000.0],[866000.0,1923000.0],[865000.0,1923000.0],[865000.0,1922000.0]]]},"id":"865,1922","properties":{"bld_cover":0.5086,"bld_height":4.3146912109375,"id":"230"}},{"type":"Feature","geometry":{"geodesic":false,"crs":{"type":"name","properties":{"name":"EPSG:32643"}},"type":"Polygon","coordinates":[[[866000.0,1922000.0],[867000.0,1922000.0],[867000.0,1923000.0],[866000.0,1923000.0],[866000.0,1922000.0]]]},"id":"866,1922","properties":{"bld_cover":0.4142,"bld_height":3.570211328125,"id":"231"}},{"type":"Feature","geometry":{"geodesic":false,"crs":{"type":"name","properties":{"name":"EPSG:32643"}},"type":"Polygon","coordinates":[[[867000.0,1922000.0],[868000.0,1922000.0],[868000.0,1923000.0],[867000.0,1923000.0],[867000.0,1922000.0]]]},"id":"867,1922","properties":{"bld_cover":0.4182,"bld_height":4.079673828125,"id":"232"}},{"type":"Feature","geometry":{"geodesic":false,"crs":{"type":"name","properties":{"name":"EPSG:32643"}},"type":"Polygon","coordinates":[[[868000.0,1922000.0],[869000.0,1922000.0],[869000.0,1923000.0],[868000.0,1923000.0],[868000.0,1922000.0]]]},"id":"868,1922","properties":{"bld_cover":0.5278,"bld_height":5.48535078125,"id":"233"}},{"type":"Feature","geometry":{"geodesic":false,"crs":{"type":"name","properties":{"name":"EPSG:32643"}},"type":"Polygon","coordinates":[[[869000.0,1922000.0],[870000.0,1922000.0],[870000.0,1923000.0],[869000.0,1923000.0],[869000.0,1922000.0]]]},"id":"869,1922","properties":{"bld_cover":0.5365,"bld_height":6.1705650390625,"id":"234"}},{"type":"Feature","geometry":{"geodesic":false,"crs":{"type":"name","properties":{"name":"EPSG:32643"}},"type":"Polygon","coordinates":[[[870000.0,1922000.0],[871000.0,1922000.0],[871000.0,1923000.0],[870000.0,1923000.0],[870000.0,1922000.0]]]},"id":"870,1922","properties":{"bld_cover":0.574,"bld_height":5.3834408203125,"id":"235"}},{"type":"Feature","geometry":{"geodesic":false,"crs":{"type":"name","properties":{"name":"EPSG:32643"}},"type":"Polygon","coordinates":[[[871000.0,1922000.0],[872000.0,1922000.0],[872000.0,1923000.0],[871000.0,1923000.0],[871000.0,1922000.0]]]},"id":"871,1922","properties":{"bld_cover":0.5534,"bld_height":5.2254388671875,"id":"236"}},{"type":"Feature","geometry":{"geodesic":false,"crs":{"type":"name","properties":{"name":"EPSG:32643"}},"type":"Polygon","coordinates":[[[872000.0,1922000.0],[873000.0,1922000.0],[873000.0,1923000.0],[872000.0,1923000.0],[872000.0,1922000.0]]]},"id":"872,1922","properties":{"bld_cover":0.455,"bld_height":4.4324263671875,"id":"237"}},{"type":"Feature","geometry":{"geodesic":false,"crs":{"type":"name","properties":{"name":"EPSG:32643"}},"type":"Polygon","coordinates":[[[873000.0,1922000.0],[874000.0,1922000.0],[874000.0,1923000.0],[873000.0,1923000.0],[873000.0,1922000.0]]]},"id":"873,1922","properties":{"bld_cover":0.3733,"bld_height":4.426207421875,"id":"238"}},{"type":"Feature","geometry":{"geodesic":false,"crs":{"type":"name","properties":{"name":"EPSG:32643"}},"type":"Polygon","coordinates":[[[874000.0,1922000.0],[875000.0,1922000.0],[875000.0,1923000.0],[874000.0,1923000.0],[874000.0,1922000.0]]]},"id":"874,1922","properties":{"bld_cover":0.3199,"bld_height":3.46741484375,"id":"239"}},{"type":"Feature","geometry":{"geodesic":false,"crs":{"type":"name","properties":{"name":"EPSG:32643"}},"type":"Polygon","coordinates":[[[875000.0,1922000.0],[876000.0,1922000.0],[876000.0,1923000.0],[875000.0,1923000.0],[875000.0,1922000.0]]]},"id":"875,1922","properties":{"bld_cover":0.3914,"bld_height":3.9883498046875,"id":"240"}},{"type":"Feature","geometry":{"geodesic":false,"crs":{"type":"name","properties":{"name":"EPSG:32643"}},"type":"Polygon","coordinates":[[[876000.0,1922000.0],[877000.0,1922000.0],[877000.0,1923000.0],[876000.0,1923000.0],[876000.0,1922000.0]]]},"id":"876,1922","properties":{"bld_cover":0.3304,"bld_height":4.0897216796875,"id":"241"}},{"type":"Feature","geometry":{"geodesic":false,"crs":{"type":"name","properties":{"name":"EPSG:32643"}},"type":"Polygon","coordinates":[[[877000.0,1922000.0],[878000.0,1922000.0],[878000.0,1923000.0],[877000.0,1923000.0],[877000.0,1922000.0]]]},"id":"877,1922","properties":{"bld_cover":0.398,"bld_height":4.5380560546875,"id":"242"}},{"type":"Feature","geometry":{"geodesic":false,"crs":{"type":"name","properties":{"name":"EPSG:32643"}},"type":"Polygon","coordinates":[[[878000.0,1922000.0],[879000.0,1922000.0],[879000.0,1923000.0],[878000.0,1923000.0],[878000.0,1922000.0]]]},"id":"878,1922","properties":{"bld_cover":0.3445,"bld_height":4.0910771484375,"id":"243"}},{"type":"Feature","geometry":{"geodesic":false,"crs":{"type":"name","properties":{"name":"EPSG:32643"}},"type":"Polygon","coordinates":[[[879000.0,1922000.0],[880000.0,1922000.0],[880000.0,1923000.0],[879000.0,1923000.0],[879000.0,1922000.0]]]},"id":"879,1922","properties":{"bld_cover":0.1241,"bld_height":1.152303125,"id":"244"}},{"type":"Feature","geometry":{"geodesic":false,"crs":{"type":"name","properties":{"name":"EPSG:32643"}},"type":"Polygon","coordinates":[[[880000.0,1922000.0],[881000.0,1922000.0],[881000.0,1923000.0],[880000.0,1923000.0],[880000.0,1922000.0]]]},"id":"880,1922","properties":{"bld_cover":2.0E-4,"bld_height":0.001699609375,"id":"245"}},{"type":"Feature","geometry":{"geodesic":false,"crs":{"type":"name","properties":{"name":"EPSG:32643"}},"type":"Polygon","coordinates":[[[881000.0,1922000.0],[882000.0,1922000.0],[882000.0,1923000.0],[881000.0,1923000.0],[881000.0,1922000.0]]]},"id":"881,1922","properties":{"bld_cover":0.0108,"bld_height":0.1136103515625,"id":"246"}},{"type":"Feature","geometry":{"geodesic":false,"crs":{"type":"name","properties":{"name":"EPSG:32643"}},"type":"Polygon","coordinates":[[[882000.0,1922000.0],[883000.0,1922000.0],[883000.0,1923000.0],[882000.0,1923000.0],[882000.0,1922000.0]]]},"id":"882,1922","properties":{"bld_cover":0.0408,"bld_height":0.6513318359375,"id":"247"}},{"type":"Feature","geometry":{"geodesic":false,"crs":{"type":"name","properties":{"name":"EPSG:32643"}},"type":"Polygon","coordinates":[[[850000.0,1923000.0],[851000.0,1923000.0],[851000.0,1924000.0],[850000.0,1924000.0],[850000.0,1923000.0]]]},"id":"850,1923","properties":{"bld_cover":0,"bld_height":0,"id":"248"}},{"type":"Feature","geometry":{"geodesic":false,"crs":{"type":"name","properties":{"name":"EPSG:32643"}},"type":"Polygon","coordinates":[[[851000.0,1923000.0],[852000.0,1923000.0],[852000.0,1924000.0],[851000.0,1924000.0],[851000.0,1923000.0]]]},"id":"851,1923","properties":{"bld_cover":0,"bld_height":2.25E-4,"id":"249"}},{"type":"Feature","geometry":{"geodesic":false,"crs":{"type":"name","properties":{"name":"EPSG:32643"}},"type":"Polygon","coordinates":[[[852000.0,1923000.0],[853000.0,1923000.0],[853000.0,1924000.0],[852000.0,1924000.0],[852000.0,1923000.0]]]},"id":"852,1923","properties":{"bld_cover":0.0017,"bld_height":0.0124853515625,"id":"250"}},{"type":"Feature","geometry":{"geodesic":false,"crs":{"type":"name","properties":{"name":"EPSG:32643"}},"type":"Polygon","coordinates":[[[853000.0,1923000.0],[854000.0,1923000.0],[854000.0,1924000.0],[853000.0,1924000.0],[853000.0,1923000.0]]]},"id":"853,1923","properties":{"bld_cover":0.0312,"bld_height":0.26127890625,"id":"251"}},{"type":"Feature","geometry":{"geodesic":false,"crs":{"type":"name","properties":{"name":"EPSG:32643"}},"type":"Polygon","coordinates":[[[854000.0,1923000.0],[855000.0,1923000.0],[855000.0,1924000.0],[854000.0,1924000.0],[854000.0,1923000.0]]]},"id":"854,1923","properties":{"bld_cover":0.0101,"bld_height":0.064591015625,"id":"252"}},{"type":"Feature","geometry":{"geodesic":false,"crs":{"type":"name","properties":{"name":"EPSG:32643"}},"type":"Polygon","coordinates":[[[855000.0,1923000.0],[856000.0,1923000.0],[856000.0,1924000.0],[855000.0,1924000.0],[855000.0,1923000.0]]]},"id":"855,1923","properties":{"bld_cover":0.0339,"bld_height":0.3423353515625,"id":"253"}},{"type":"Feature","geometry":{"geodesic":false,"crs":{"type":"name","properties":{"name":"EPSG:32643"}},"type":"Polygon","coordinates":[[[856000.0,1923000.0],[857000.0,1923000.0],[857000.0,1924000.0],[856000.0,1924000.0],[856000.0,1923000.0]]]},"id":"856,1923","properties":{"bld_cover":0.0443,"bld_height":0.5048359375,"id":"254"}},{"type":"Feature","geometry":{"geodesic":false,"crs":{"type":"name","properties":{"name":"EPSG:32643"}},"type":"Polygon","coordinates":[[[857000.0,1923000.0],[858000.0,1923000.0],[858000.0,1924000.0],[857000.0,1924000.0],[857000.0,1923000.0]]]},"id":"857,1923","properties":{"bld_cover":0.0077,"bld_height":0.0694234375,"id":"255"}},{"type":"Feature","geometry":{"geodesic":false,"crs":{"type":"name","properties":{"name":"EPSG:32643"}},"type":"Polygon","coordinates":[[[858000.0,1923000.0],[859000.0,1923000.0],[859000.0,1924000.0],[858000.0,1924000.0],[858000.0,1923000.0]]]},"id":"858,1923","properties":{"bld_cover":0.1101,"bld_height":1.056300390625,"id":"256"}},{"type":"Feature","geometry":{"geodesic":false,"crs":{"type":"name","properties":{"name":"EPSG:32643"}},"type":"Polygon","coordinates":[[[859000.0,1923000.0],[860000.0,1923000.0],[860000.0,1924000.0],[859000.0,1924000.0],[859000.0,1923000.0]]]},"id":"859,1923","properties":{"bld_cover":0.2265,"bld_height":1.927829296875,"id":"257"}},{"type":"Feature","geometry":{"geodesic":false,"crs":{"type":"name","properties":{"name":"EPSG:32643"}},"type":"Polygon","coordinates":[[[860000.0,1923000.0],[861000.0,1923000.0],[861000.0,1924000.0],[860000.0,1924000.0],[860000.0,1923000.0]]]},"id":"860,1923","properties":{"bld_cover":0.3373,"bld_height":3.76383046875,"id":"258"}},{"type":"Feature","geometry":{"geodesic":false,"crs":{"type":"name","properties":{"name":"EPSG:32643"}},"type":"Polygon","coordinates":[[[861000.0,1923000.0],[862000.0,1923000.0],[862000.0,1924000.0],[861000.0,1924000.0],[861000.0,1923000.0]]]},"id":"861,1923","properties":{"bld_cover":0.093,"bld_height":0.9964376953125,"id":"259"}},{"type":"Feature","geometry":{"geodesic":false,"crs":{"type":"name","properties":{"name":"EPSG:32643"}},"type":"Polygon","coordinates":[[[862000.0,1923000.0],[863000.0,1923000.0],[863000.0,1924000.0],[862000.0,1924000.0],[862000.0,1923000.0]]]},"id":"862,1923","properties":{"bld_cover":0.0981,"bld_height":1.28890234375,"id":"260"}},{"type":"Feature","geometry":{"geodesic":false,"crs":{"type":"name","properties":{"name":"EPSG:32643"}},"type":"Polygon","coordinates":[[[863000.0,1923000.0],[864000.0,1923000.0],[864000.0,1924000.0],[863000.0,1924000.0],[863000.0,1923000.0]]]},"id":"863,1923","properties":{"bld_cover":0.3166,"bld_height":4.5415537109375,"id":"261"}},{"type":"Feature","geometry":{"geodesic":false,"crs":{"type":"name","properties":{"name":"EPSG:32643"}},"type":"Polygon","coordinates":[[[864000.0,1923000.0],[865000.0,1923000.0],[865000.0,1924000.0],[864000.0,1924000.0],[864000.0,1923000.0]]]},"id":"864,1923","properties":{"bld_cover":0.3465,"bld_height":4.202706640625,"id":"262"}},{"type":"Feature","geometry":{"geodesic":false,"crs":{"type":"name","properties":{"name":"EPSG:32643"}},"type":"Polygon","coordinates":[[[865000.0,1923000.0],[866000.0,1923000.0],[866000.0,1924000.0],[865000.0,1924000.0],[865000.0,1923000.0]]]},"id":"865,1923","properties":{"bld_cover":0.2912,"bld_height":2.6885896484375,"id":"263"}},{"type":"Feature","geometry":{"geodesic":false,"crs":{"type":"name","properties":{"name":"EPSG:32643"}},"type":"Polygon","coordinates":[[[866000.0,1923000.0],[867000.0,1923000.0],[867000.0,1924000.0],[866000.0,1924000.0],[866000.0,1923000.0]]]},"id":"866,1923","properties":{"bld_cover":0.4803,"bld_height":3.933415234375,"id":"264"}},{"type":"Feature","geometry":{"geodesic":false,"crs":{"type":"name","properties":{"name":"EPSG:32643"}},"type":"Polygon","coordinates":[[[867000.0,1923000.0],[868000.0,1923000.0],[868000.0,1924000.0],[867000.0,1924000.0],[867000.0,1923000.0]]]},"id":"867,1923","properties":{"bld_cover":0.3984,"bld_height":3.398539453125,"id":"265"}},{"type":"Feature","geometry":{"geodesic":false,"crs":{"type":"name","properties":{"name":"EPSG:32643"}},"type":"Polygon","coordinates":[[[868000.0,1923000.0],[869000.0,1923000.0],[869000.0,1924000.0],[868000.0,1924000.0],[868000.0,1923000.0]]]},"id":"868,1923","properties":{"bld_cover":0.375,"bld_height":4.525144921875,"id":"266"}},{"type":"Feature","geometry":{"geodesic":false,"crs":{"type":"name","properties":{"name":"EPSG:32643"}},"type":"Polygon","coordinates":[[[869000.0,1923000.0],[870000.0,1923000.0],[870000.0,1924000.0],[869000.0,1924000.0],[869000.0,1923000.0]]]},"id":"869,1923","properties":{"bld_cover":0.4768,"bld_height":5.9665431640625,"id":"267"}},{"type":"Feature","geometry":{"geodesic":false,"crs":{"type":"name","properties":{"name":"EPSG:32643"}},"type":"Polygon","coordinates":[[[870000.0,1923000.0],[871000.0,1923000.0],[871000.0,1924000.0],[870000.0,1924000.0],[870000.0,1923000.0]]]},"id":"870,1923","properties":{"bld_cover":0.475,"bld_height":5.0372267578125,"id":"268"}},{"type":"Feature","geometry":{"geodesic":false,"crs":{"type":"name","properties":{"name":"EPSG:32643"}},"type":"Polygon","coordinates":[[[871000.0,1923000.0],[872000.0,1923000.0],[872000.0,1924000.0],[871000.0,1924000.0],[871000.0,1923000.0]]]},"id":"871,1923","properties":{"bld_cover":0.5008,"bld_height":5.158183203125,"id":"269"}},{"type":"Feature","geometry":{"geodesic":false,"crs":{"type":"name","properties":{"name":"EPSG:32643"}},"type":"Polygon","coordinates":[[[872000.0,1923000.0],[873000.0,1923000.0],[873000.0,1924000.0],[872000.0,1924000.0],[872000.0,1923000.0]]]},"id":"872,1923","properties":{"bld_cover":0.379,"bld_height":4.1846791015625,"id":"270"}},{"type":"Feature","geometry":{"geodesic":false,"crs":{"type":"name","properties":{"name":"EPSG:32643"}},"type":"Polygon","coordinates":[[[873000.0,1923000.0],[874000.0,1923000.0],[874000.0,1924000.0],[873000.0,1924000.0],[873000.0,1923000.0]]]},"id":"873,1923","properties":{"bld_cover":0.3304,"bld_height":4.104206640625,"id":"271"}},{"type":"Feature","geometry":{"geodesic":false,"crs":{"type":"name","properties":{"name":"EPSG:32643"}},"type":"Polygon","coordinates":[[[874000.0,1923000.0],[875000.0,1923000.0],[875000.0,1924000.0],[874000.0,1924000.0],[874000.0,1923000.0]]]},"id":"874,1923","properties":{"bld_cover":0.4436,"bld_height":5.69471171875,"id":"272"}},{"type":"Feature","geometry":{"geodesic":false,"crs":{"type":"name","properties":{"name":"EPSG:32643"}},"type":"Polygon","coordinates":[[[875000.0,1923000.0],[876000.0,1923000.0],[876000.0,1924000.0],[875000.0,1924000.0],[875000.0,1923000.0]]]},"id":"875,1923","properties":{"bld_cover":0.4282,"bld_height":5.196576171875,"id":"273"}},{"type":"Feature","geometry":{"geodesic":false,"crs":{"type":"name","properties":{"name":"EPSG:32643"}},"type":"Polygon","coordinates":[[[876000.0,1923000.0],[877000.0,1923000.0],[877000.0,1924000.0],[876000.0,1924000.0],[876000.0,1923000.0]]]},"id":"876,1923","properties":{"bld_cover":0.3266,"bld_height":4.372398046875,"id":"274"}},{"type":"Feature","geometry":{"geodesic":false,"crs":{"type":"name","properties":{"name":"EPSG:32643"}},"type":"Polygon","coordinates":[[[877000.0,1923000.0],[878000.0,1923000.0],[878000.0,1924000.0],[877000.0,1924000.0],[877000.0,1923000.0]]]},"id":"877,1923","properties":{"bld_cover":0.4365,"bld_height":5.29147265625,"id":"275"}},{"type":"Feature","geometry":{"geodesic":false,"crs":{"type":"name","properties":{"name":"EPSG:32643"}},"type":"Polygon","coordinates":[[[878000.0,1923000.0],[879000.0,1923000.0],[879000.0,1924000.0],[878000.0,1924000.0],[878000.0,1923000.0]]]},"id":"878,1923","properties":{"bld_cover":0.3408,"bld_height":3.730472265625,"id":"276"}},{"type":"Feature","geometry":{"geodesic":false,"crs":{"type":"name","properties":{"name":"EPSG:32643"}},"type":"Polygon","coordinates":[[[879000.0,1923000.0],[880000.0,1923000.0],[880000.0,1924000.0],[879000.0,1924000.0],[879000.0,1923000.0]]]},"id":"879,1923","properties":{"bld_cover":0.1458,"bld_height":2.0222244140625,"id":"277"}},{"type":"Feature","geometry":{"geodesic":false,"crs":{"type":"name","properties":{"name":"EPSG:32643"}},"type":"Polygon","coordinates":[[[880000.0,1923000.0],[881000.0,1923000.0],[881000.0,1924000.0],[880000.0,1924000.0],[880000.0,1923000.0]]]},"id":"880,1923","properties":{"bld_cover":0.1329,"bld_height":1.7977109375,"id":"278"}},{"type":"Feature","geometry":{"geodesic":false,"crs":{"type":"name","properties":{"name":"EPSG:32643"}},"type":"Polygon","coordinates":[[[881000.0,1923000.0],[882000.0,1923000.0],[882000.0,1924000.0],[881000.0,1924000.0],[881000.0,1923000.0]]]},"id":"881,1923","properties":{"bld_cover":0.0639,"bld_height":0.582655078125,"id":"279"}},{"type":"Feature","geometry":{"geodesic":false,"crs":{"type":"name","properties":{"name":"EPSG:32643"}},"type":"Polygon","coordinates":[[[882000.0,1923000.0],[883000.0,1923000.0],[883000.0,1924000.0],[882000.0,1924000.0],[882000.0,1923000.0]]]},"id":"882,1923","properties":{"bld_cover":0.0907,"bld_height":0.953846875,"id":"280"}},{"type":"Feature","geometry":{"geodesic":false,"crs":{"type":"name","properties":{"name":"EPSG:32643"}},"type":"Polygon","coordinates":[[[850000.0,1924000.0],[851000.0,1924000.0],[851000.0,1925000.0],[850000.0,1925000.0],[850000.0,1924000.0]]]},"id":"850,1924","properties":{"bld_cover":0,"bld_height":0,"id":"281"}},{"type":"Feature","geometry":{"geodesic":false,"crs":{"type":"name","properties":{"name":"EPSG:32643"}},"type":"Polygon","coordinates":[[[851000.0,1924000.0],[852000.0,1924000.0],[852000.0,1925000.0],[851000.0,1925000.0],[851000.0,1924000.0]]]},"id":"851,1924","properties":{"bld_cover":0,"bld_height":5.134765625E-4,"id":"282"}},{"type":"Feature","geometry":{"geodesic":false,"crs":{"type":"name","properties":{"name":"EPSG:32643"}},"type":"Polygon","coordinates":[[[852000.0,1924000.0],[853000.0,1924000.0],[853000.0,1925000.0],[852000.0,1925000.0],[852000.0,1924000.0]]]},"id":"852,1924","properties":{"bld_cover":0.0079,"bld_height":0.060846484375,"id":"283"}},{"type":"Feature","geometry":{"geodesic":false,"crs":{"type":"name","properties":{"name":"EPSG:32643"}},"type":"Polygon","coordinates":[[[853000.0,1924000.0],[854000.0,1924000.0],[854000.0,1925000.0],[853000.0,1925000.0],[853000.0,1924000.0]]]},"id":"853,1924","properties":{"bld_cover":0.0643,"bld_height":0.543215234375,"id":"284"}},{"type":"Feature","geometry":{"geodesic":false,"crs":{"type":"name","properties":{"name":"EPSG:32643"}},"type":"Polygon","coordinates":[[[854000.0,1924000.0],[855000.0,1924000.0],[855000.0,1925000.0],[854000.0,1925000.0],[854000.0,1924000.0]]]},"id":"854,1924","properties":{"bld_cover":0.0433,"bld_height":0.480033984375,"id":"285"}},{"type":"Feature","geometry":{"geodesic":false,"crs":{"type":"name","properties":{"name":"EPSG:32643"}},"type":"Polygon","coordinates":[[[855000.0,1924000.0],[856000.0,1924000.0],[856000.0,1925000.0],[855000.0,1925000.0],[855000.0,1924000.0]]]},"id":"855,1924","properties":{"bld_cover":0.0477,"bld_height":0.7388375,"id":"286"}},{"type":"Feature","geometry":{"geodesic":false,"crs":{"type":"name","properties":{"name":"EPSG:32643"}},"type":"Polygon","coordinates":[[[856000.0,1924000.0],[857000.0,1924000.0],[857000.0,1925000.0],[856000.0,1925000.0],[856000.0,1924000.0]]]},"id":"856,1924","properties":{"bld_cover":0.1277,"bld_height":1.200120703125,"id":"287"}},{"type":"Feature","geometry":{"geodesic":false,"crs":{"type":"name","properties":{"name":"EPSG:32643"}},"type":"Polygon","coordinates":[[[857000.0,1924000.0],[858000.0,1924000.0],[858000.0,1925000.0],[857000.0,1925000.0],[857000.0,1924000.0]]]},"id":"857,1924","properties":{"bld_cover":0.085,"bld_height":1.3070318359375,"id":"288"}},{"type":"Feature","geometry":{"geodesic":false,"crs":{"type":"name","properties":{"name":"EPSG:32643"}},"type":"Polygon","coordinates":[[[858000.0,1924000.0],[859000.0,1924000.0],[859000.0,1925000.0],[858000.0,1925000.0],[858000.0,1924000.0]]]},"id":"858,1924","properties":{"bld_cover":0.0898,"bld_height":0.80923984375,"id":"289"}},{"type":"Feature","geometry":{"geodesic":false,"crs":{"type":"name","properties":{"name":"EPSG:32643"}},"type":"Polygon","coordinates":[[[859000.0,1924000.0],[860000.0,1924000.0],[860000.0,1925000.0],[859000.0,1925000.0],[859000.0,1924000.0]]]},"id":"859,1924","properties":{"bld_cover":0.0914,"bld_height":0.870027734375,"id":"290"}},{"type":"Feature","geometry":{"geodesic":false,"crs":{"type":"name","properties":{"name":"EPSG:32643"}},"type":"Polygon","coordinates":[[[860000.0,1924000.0],[861000.0,1924000.0],[861000.0,1925000.0],[860000.0,1925000.0],[860000.0,1924000.0]]]},"id":"860,1924","properties":{"bld_cover":0.0843,"bld_height":0.6232248046875,"id":"291"}},{"type":"Feature","geometry":{"geodesic":false,"crs":{"type":"name","properties":{"name":"EPSG:32643"}},"type":"Polygon","coordinates":[[[861000.0,1924000.0],[862000.0,1924000.0],[862000.0,1925000.0],[861000.0,1925000.0],[861000.0,1924000.0]]]},"id":"861,1924","properties":{"bld_cover":0.0631,"bld_height":0.4786744140625,"id":"292"}},{"type":"Feature","geometry":{"geodesic":false,"crs":{"type":"name","properties":{"name":"EPSG:32643"}},"type":"Polygon","coordinates":[[[862000.0,1924000.0],[863000.0,1924000.0],[863000.0,1925000.0],[862000.0,1925000.0],[862000.0,1924000.0]]]},"id":"862,1924","properties":{"bld_cover":0.3463,"bld_height":2.80904453125,"id":"293"}},{"type":"Feature","geometry":{"geodesic":false,"crs":{"type":"name","properties":{"name":"EPSG:32643"}},"type":"Polygon","coordinates":[[[863000.0,1924000.0],[864000.0,1924000.0],[864000.0,1925000.0],[863000.0,1925000.0],[863000.0,1924000.0]]]},"id":"863,1924","properties":{"bld_cover":0.409,"bld_height":3.832214453125,"id":"294"}},{"type":"Feature","geometry":{"geodesic":false,"crs":{"type":"name","properties":{"name":"EPSG:32643"}},"type":"Polygon","coordinates":[[[864000.0,1924000.0],[865000.0,1924000.0],[865000.0,1925000.0],[864000.0,1925000.0],[864000.0,1924000.0]]]},"id":"864,1924","properties":{"bld_cover":0.3651,"bld_height":3.40172578125,"id":"295"}},{"type":"Feature","geometry":{"geodesic":false,"crs":{"type":"name","properties":{"name":"EPSG:32643"}},"type":"Polygon","coordinates":[[[865000.0,1924000.0],[866000.0,1924000.0],[866000.0,1925000.0],[865000.0,1925000.0],[865000.0,1924000.0]]]},"id":"865,1924","properties":{"bld_cover":0.4057,"bld_height":3.549241015625,"id":"296"}},{"type":"Feature","geometry":{"geodesic":false,"crs":{"type":"name","properties":{"name":"EPSG:32643"}},"type":"Polygon","coordinates":[[[866000.0,1924000.0],[867000.0,1924000.0],[867000.0,1925000.0],[866000.0,1925000.0],[866000.0,1924000.0]]]},"id":"866,1924","properties":{"bld_cover":0.5477,"bld_height":4.7997857421875,"id":"297"}},{"type":"Feature","geometry":{"geodesic":false,"crs":{"type":"name","properties":{"name":"EPSG:32643"}},"type":"Polygon","coordinates":[[[867000.0,1924000.0],[868000.0,1924000.0],[868000.0,1925000.0],[867000.0,1925000.0],[867000.0,1924000.0]]]},"id":"867,1924","properties":{"bld_cover":0.4992,"bld_height":4.0114958984375,"id":"298"}},{"type":"Feature","geometry":{"geodesic":false,"crs":{"type":"name","properties":{"name":"EPSG:32643"}},"type":"Polygon","coordinates":[[[868000.0,1924000.0],[869000.0,1924000.0],[869000.0,1925000.0],[868000.0,1925000.0],[868000.0,1924000.0]]]},"id":"868,1924","properties":{"bld_cover":0.4488,"bld_height":5.5326734375,"id":"299"}},{"type":"Feature","geometry":{"geodesic":false,"crs":{"type":"name","properties":{"name":"EPSG:32643"}},"type":"Polygon","coordinates":[[[869000.0,1924000.0],[870000.0,1924000.0],[870000.0,1925000.0],[869000.0,1925000.0],[869000.0,1924000.0]]]},"id":"869,1924","properties":{"bld_cover":0.4238,"bld_height":5.81230078125,"id":"300"}},{"type":"Feature","geometry":{"geodesic":false,"crs":{"type":"name","properties":{"name":"EPSG:32643"}},"type":"Polygon","coordinates":[[[870000.0,1924000.0],[871000.0,1924000.0],[871000.0,1925000.0],[870000.0,1925000.0],[870000.0,1924000.0]]]},"id":"870,1924","properties":{"bld_cover":0.3101,"bld_height":3.7126771484375,"id":"301"}},{"type":"Feature","geometry":{"geodesic":false,"crs":{"type":"name","properties":{"name":"EPSG:32643"}},"type":"Polygon","coordinates":[[[871000.0,1924000.0],[872000.0,1924000.0],[872000.0,1925000.0],[871000.0,1925000.0],[871000.0,1924000.0]]]},"id":"871,1924","properties":{"bld_cover":0.4028,"bld_height":4.6827896484375,"id":"302"}},{"type":"Feature","geometry":{"geodesic":false,"crs":{"type":"name","properties":{"name":"EPSG:32643"}},"type":"Polygon","coordinates":[[[872000.0,1924000.0],[873000.0,1924000.0],[873000.0,1925000.0],[872000.0,1925000.0],[872000.0,1924000.0]]]},"id":"872,1924","properties":{"bld_cover":0.4108,"bld_height":4.940294140625,"id":"303"}},{"type":"Feature","geometry":{"geodesic":false,"crs":{"type":"name","properties":{"name":"EPSG:32643"}},"type":"Polygon","coordinates":[[[873000.0,1924000.0],[874000.0,1924000.0],[874000.0,1925000.0],[873000.0,1925000.0],[873000.0,1924000.0]]]},"id":"873,1924","properties":{"bld_cover":0.3709,"bld_height":4.7164259765625,"id":"304"}},{"type":"Feature","geometry":{"geodesic":false,"crs":{"type":"name","properties":{"name":"EPSG:32643"}},"type":"Polygon","coordinates":[[[874000.0,1924000.0],[875000.0,1924000.0],[875000.0,1925000.0],[874000.0,1925000.0],[874000.0,1924000.0]]]},"id":"874,1924","properties":{"bld_cover":0.2728,"bld_height":3.0046234375,"id":"305"}},{"type":"Feature","geometry":{"geodesic":false,"crs":{"type":"name","properties":{"name":"EPSG:32643"}},"type":"Polygon","coordinates":[[[875000.0,1924000.0],[876000.0,1924000.0],[876000.0,1925000.0],[875000.0,1925000.0],[875000.0,1924000.0]]]},"id":"875,1924","properties":{"bld_cover":0.333,"bld_height":3.43730234375,"id":"306"}},{"type":"Feature","geometry":{"geodesic":false,"crs":{"type":"name","properties":{"name":"EPSG:32643"}},"type":"Polygon","coordinates":[[[876000.0,1924000.0],[877000.0,1924000.0],[877000.0,1925000.0],[876000.0,1925000.0],[876000.0,1924000.0]]]},"id":"876,1924","properties":{"bld_cover":0.4638,"bld_height":4.7653517578125,"id":"307"}},{"type":"Feature","geometry":{"geodesic":false,"crs":{"type":"name","properties":{"name":"EPSG:32643"}},"type":"Polygon","coordinates":[[[877000.0,1924000.0],[878000.0,1924000.0],[878000.0,1925000.0],[877000.0,1925000.0],[877000.0,1924000.0]]]},"id":"877,1924","properties":{"bld_cover":0.4065,"bld_height":4.3423443359375,"id":"308"}},{"type":"Feature","geometry":{"geodesic":false,"crs":{"type":"name","properties":{"name":"EPSG:32643"}},"type":"Polygon","coordinates":[[[878000.0,1924000.0],[879000.0,1924000.0],[879000.0,1925000.0],[878000.0,1925000.0],[878000.0,1924000.0]]]},"id":"878,1924","properties":{"bld_cover":0.3539,"bld_height":3.6457833984375,"id":"309"}},{"type":"Feature","geometry":{"geodesic":false,"crs":{"type":"name","properties":{"name":"EPSG:32643"}},"type":"Polygon","coordinates":[[[879000.0,1924000.0],[880000.0,1924000.0],[880000.0,1925000.0],[879000.0,1925000.0],[879000.0,1924000.0]]]},"id":"879,1924","properties":{"bld_cover":0.3501,"bld_height":3.00529453125,"id":"310"}},{"type":"Feature","geometry":{"geodesic":false,"crs":{"type":"name","properties":{"name":"EPSG:32643"}},"type":"Polygon","coordinates":[[[880000.0,1924000.0],[881000.0,1924000.0],[881000.0,1925000.0],[880000.0,1925000.0],[880000.0,1924000.0]]]},"id":"880,1924","properties":{"bld_cover":0.1522,"bld_height":1.45628359375,"id":"311"}},{"type":"Feature","geometry":{"geodesic":false,"crs":{"type":"name","properties":{"name":"EPSG:32643"}},"type":"Polygon","coordinates":[[[881000.0,1924000.0],[882000.0,1924000.0],[882000.0,1925000.0],[881000.0,1925000.0],[881000.0,1924000.0]]]},"id":"881,1924","properties":{"bld_cover":0.0119,"bld_height":0.1102107421875,"id":"312"}},{"type":"Feature","geometry":{"geodesic":false,"crs":{"type":"name","properties":{"name":"EPSG:32643"}},"type":"Polygon","coordinates":[[[882000.0,1924000.0],[883000.0,1924000.0],[883000.0,1925000.0],[882000.0,1925000.0],[882000.0,1924000.0]]]},"id":"882,1924","properties":{"bld_cover":2.0E-4,"bld_height":0.12617734375,"id":"313"}},{"type":"Feature","geometry":{"geodesic":false,"crs":{"type":"name","properties":{"name":"EPSG:32643"}},"type":"Polygon","coordinates":[[[850000.0,1925000.0],[851000.0,1925000.0],[851000.0,1926000.0],[850000.0,1926000.0],[850000.0,1925000.0]]]},"id":"850,1925","properties":{"bld_cover":0,"bld_height":2.0703125E-5,"id":"314"}},{"type":"Feature","geometry":{"geodesic":false,"crs":{"type":"name","properties":{"name":"EPSG:32643"}},"type":"Polygon","coordinates":[[[851000.0,1925000.0],[852000.0,1925000.0],[852000.0,1926000.0],[851000.0,1926000.0],[851000.0,1925000.0]]]},"id":"851,1925","properties":{"bld_cover":0.0026,"bld_height":0.0140228515625,"id":"315"}},{"type":"Feature","geometry":{"geodesic":false,"crs":{"type":"name","properties":{"name":"EPSG:32643"}},"type":"Polygon","coordinates":[[[852000.0,1925000.0],[853000.0,1925000.0],[853000.0,1926000.0],[852000.0,1926000.0],[852000.0,1925000.0]]]},"id":"852,1925","properties":{"bld_cover":0.1169,"bld_height":1.1317736328125,"id":"316"}},{"type":"Feature","geometry":{"geodesic":false,"crs":{"type":"name","properties":{"name":"EPSG:32643"}},"type":"Polygon","coordinates":[[[853000.0,1925000.0],[854000.0,1925000.0],[854000.0,1926000.0],[853000.0,1926000.0],[853000.0,1925000.0]]]},"id":"853,1925","properties":{"bld_cover":0.1797,"bld_height":2.27813046875,"id":"317"}},{"type":"Feature","geometry":{"geodesic":false,"crs":{"type":"name","properties":{"name":"EPSG:32643"}},"type":"Polygon","coordinates":[[[854000.0,1925000.0],[855000.0,1925000.0],[855000.0,1926000.0],[854000.0,1926000.0],[854000.0,1925000.0]]]},"id":"854,1925","properties":{"bld_cover":0.2172,"bld_height":4.6709318359375,"id":"318"}},{"type":"Feature","geometry":{"geodesic":false,"crs":{"type":"name","properties":{"name":"EPSG:32643"}},"type":"Polygon","coordinates":[[[855000.0,1925000.0],[856000.0,1925000.0],[856000.0,1926000.0],[855000.0,1926000.0],[855000.0,1925000.0]]]},"id":"855,1925","properties":{"bld_cover":0.0909,"bld_height":2.4073455078125,"id":"319"}},{"type":"Feature","geometry":{"geodesic":false,"crs":{"type":"name","properties":{"name":"EPSG:32643"}},"type":"Polygon","coordinates":[[[856000.0,1925000.0],[857000.0,1925000.0],[857000.0,1926000.0],[856000.0,1926000.0],[856000.0,1925000.0]]]},"id":"856,1925","properties":{"bld_cover":0.2033,"bld_height":1.99778046875,"id":"320"}},{"type":"Feature","geometry":{"geodesic":false,"crs":{"type":"name","properties":{"name":"EPSG:32643"}},"type":"Polygon","coordinates":[[[857000.0,1925000.0],[858000.0,1925000.0],[858000.0,1926000.0],[857000.0,1926000.0],[857000.0,1925000.0]]]},"id":"857,1925","properties":{"bld_cover":0.2498,"bld_height":4.42607890625,"id":"321"}},{"type":"Feature","geometry":{"geodesic":false,"crs":{"type":"name","properties":{"name":"EPSG:32643"}},"type":"Polygon","coordinates":[[[858000.0,1925000.0],[859000.0,1925000.0],[859000.0,1926000.0],[858000.0,1926000.0],[858000.0,1925000.0]]]},"id":"858,1925","properties":{"bld_cover":0.1729,"bld_height":2.7248703125,"id":"322"}},{"type":"Feature","geometry":{"geodesic":false,"crs":{"type":"name","properties":{"name":"EPSG:32643"}},"type":"Polygon","coordinates":[[[859000.0,1925000.0],[860000.0,1925000.0],[860000.0,1926000.0],[859000.0,1926000.0],[859000.0,1925000.0]]]},"id":"859,1925","properties":{"bld_cover":0.124,"bld_height":1.1645857421875,"id":"323"}},{"type":"Feature","geometry":{"geodesic":false,"crs":{"type":"name","properties":{"name":"EPSG:32643"}},"type":"Polygon","coordinates":[[[860000.0,1925000.0],[861000.0,1925000.0],[861000.0,1926000.0],[860000.0,1926000.0],[860000.0,1925000.0]]]},"id":"860,1925","properties":{"bld_cover":0.0298,"bld_height":0.2267357421875,"id":"324"}},{"type":"Feature","geometry":{"geodesic":false,"crs":{"type":"name","properties":{"name":"EPSG:32643"}},"type":"Polygon","coordinates":[[[861000.0,1925000.0],[862000.0,1925000.0],[862000.0,1926000.0],[861000.0,1926000.0],[861000.0,1925000.0]]]},"id":"861,1925","properties":{"bld_cover":0.3255,"bld_height":2.7621517578125,"id":"325"}},{"type":"Feature","geometry":{"geodesic":false,"crs":{"type":"name","properties":{"name":"EPSG:32643"}},"type":"Polygon","coordinates":[[[862000.0,1925000.0],[863000.0,1925000.0],[863000.0,1926000.0],[862000.0,1926000.0],[862000.0,1925000.0]]]},"id":"862,1925","properties":{"bld_cover":0.3587,"bld_height":3.0941234375,"id":"326"}},{"type":"Feature","geometry":{"geodesic":false,"crs":{"type":"name","properties":{"name":"EPSG:32643"}},"type":"Polygon","coordinates":[[[863000.0,1925000.0],[864000.0,1925000.0],[864000.0,1926000.0],[863000.0,1926000.0],[863000.0,1925000.0]]]},"id":"863,1925","properties":{"bld_cover":0.1595,"bld_height":1.361121875,"id":"327"}},{"type":"Feature","geometry":{"geodesic":false,"crs":{"type":"name","properties":{"name":"EPSG:32643"}},"type":"Polygon","coordinates":[[[864000.0,1925000.0],[865000.0,1925000.0],[865000.0,1926000.0],[864000.0,1926000.0],[864000.0,1925000.0]]]},"id":"864,1925","properties":{"bld_cover":0.2821,"bld_height":2.945173828125,"id":"328"}},{"type":"Feature","geometry":{"geodesic":false,"crs":{"type":"name","properties":{"name":"EPSG:32643"}},"type":"Polygon","coordinates":[[[865000.0,1925000.0],[866000.0,1925000.0],[866000.0,1926000.0],[865000.0,1926000.0],[865000.0,1925000.0]]]},"id":"865,1925","properties":{"bld_cover":0.457,"bld_height":5.5750880859375,"id":"329"}},{"type":"Feature","geometry":{"geodesic":false,"crs":{"type":"name","properties":{"name":"EPSG:32643"}},"type":"Polygon","coordinates":[[[866000.0,1925000.0],[867000.0,1925000.0],[867000.0,1926000.0],[866000.0,1926000.0],[866000.0,1925000.0]]]},"id":"866,1925","properties":{"bld_cover":0.584,"bld_height":5.99042421875,"id":"330"}},{"type":"Feature","geometry":{"geodesic":false,"crs":{"type":"name","properties":{"name":"EPSG:32643"}},"type":"Polygon","coordinates":[[[867000.0,1925000.0],[868000.0,1925000.0],[868000.0,1926000.0],[867000.0,1926000.0],[867000.0,1925000.0]]]},"id":"867,1925","properties":{"bld_cover":0.4498,"bld_height":4.322324609375,"id":"331"}},{"type":"Feature","geometry":{"geodesic":false,"crs":{"type":"name","properties":{"name":"EPSG:32643"}},"type":"Polygon","coordinates":[[[868000.0,1925000.0],[869000.0,1925000.0],[869000.0,1926000.0],[868000.0,1926000.0],[868000.0,1925000.0]]]},"id":"868,1925","properties":{"bld_cover":0.4285,"bld_height":4.574177734375,"id":"332"}},{"type":"Feature","geometry":{"geodesic":false,"crs":{"type":"name","properties":{"name":"EPSG:32643"}},"type":"Polygon","coordinates":[[[869000.0,1925000.0],[870000.0,1925000.0],[870000.0,1926000.0],[869000.0,1926000.0],[869000.0,1925000.0]]]},"id":"869,1925","properties":{"bld_cover":0.4522,"bld_height":6.0622271484375,"id":"333"}},{"type":"Feature","geometry":{"geodesic":false,"crs":{"type":"name","properties":{"name":"EPSG:32643"}},"type":"Polygon","coordinates":[[[870000.0,1925000.0],[871000.0,1925000.0],[871000.0,1926000.0],[870000.0,1926000.0],[870000.0,1925000.0]]]},"id":"870,1925","properties":{"bld_cover":0.3753,"bld_height":4.9289287109375,"id":"334"}},{"type":"Feature","geometry":{"geodesic":false,"crs":{"type":"name","properties":{"name":"EPSG:32643"}},"type":"Polygon","coordinates":[[[871000.0,1925000.0],[872000.0,1925000.0],[872000.0,1926000.0],[871000.0,1926000.0],[871000.0,1925000.0]]]},"id":"871,1925","properties":{"bld_cover":0.3618,"bld_height":3.8321109375,"id":"335"}},{"type":"Feature","geometry":{"geodesic":false,"crs":{"type":"name","properties":{"name":"EPSG:32643"}},"type":"Polygon","coordinates":[[[872000.0,1925000.0],[873000.0,1925000.0],[873000.0,1926000.0],[872000.0,1926000.0],[872000.0,1925000.0]]]},"id":"872,1925","properties":{"bld_cover":0.3013,"bld_height":2.9292537109375,"id":"336"}},{"type":"Feature","geometry":{"geodesic":false,"crs":{"type":"name","properties":{"name":"EPSG:32643"}},"type":"Polygon","coordinates":[[[873000.0,1925000.0],[874000.0,1925000.0],[874000.0,1926000.0],[873000.0,1926000.0],[873000.0,1925000.0]]]},"id":"873,1925","properties":{"bld_cover":0.3221,"bld_height":3.3466162109375,"id":"337"}},{"type":"Feature","geometry":{"geodesic":false,"crs":{"type":"name","properties":{"name":"EPSG:32643"}},"type":"Polygon","coordinates":[[[874000.0,1925000.0],[875000.0,1925000.0],[875000.0,1926000.0],[874000.0,1926000.0],[874000.0,1925000.0]]]},"id":"874,1925","properties":{"bld_cover":0.3568,"bld_height":3.6955583984375,"id":"338"}},{"type":"Feature","geometry":{"geodesic":false,"crs":{"type":"name","properties":{"name":"EPSG:32643"}},"type":"Polygon","coordinates":[[[875000.0,1925000.0],[876000.0,1925000.0],[876000.0,1926000.0],[875000.0,1926000.0],[875000.0,1925000.0]]]},"id":"875,1925","properties":{"bld_cover":0.2272,"bld_height":2.2869177734375,"id":"339"}},{"type":"Feature","geometry":{"geodesic":false,"crs":{"type":"name","properties":{"name":"EPSG:32643"}},"type":"Polygon","coordinates":[[[876000.0,1925000.0],[877000.0,1925000.0],[877000.0,1926000.0],[876000.0,1926000.0],[876000.0,1925000.0]]]},"id":"876,1925","properties":{"bld_cover":0.2576,"bld_height":2.14188359375,"id":"340"}},{"type":"Feature","geometry":{"geodesic":false,"crs":{"type":"name","properties":{"name":"EPSG:32643"}},"type":"Polygon","coordinates":[[[877000.0,1925000.0],[878000.0,1925000.0],[878000.0,1926000.0],[877000.0,1926000.0],[877000.0,1925000.0]]]},"id":"877,1925","properties":{"bld_cover":0.0691,"bld_height":0.8695181640625,"id":"341"}},{"type":"Feature","geometry":{"geodesic":false,"crs":{"type":"name","properties":{"name":"EPSG:32643"}},"type":"Polygon","coordinates":[[[878000.0,1925000.0],[879000.0,1925000.0],[879000.0,1926000.0],[878000.0,1926000.0],[878000.0,1925000.0]]]},"id":"878,1925","properties":{"bld_cover":0.1483,"bld_height":1.41367890625,"id":"342"}},{"type":"Feature","geometry":{"geodesic":false,"crs":{"type":"name","properties":{"name":"EPSG:32643"}},"type":"Polygon","coordinates":[[[879000.0,1925000.0],[880000.0,1925000.0],[880000.0,1926000.0],[879000.0,1926000.0],[879000.0,1925000.0]]]},"id":"879,1925","properties":{"bld_cover":0.1907,"bld_height":1.748978125,"id":"343"}},{"type":"Feature","geometry":{"geodesic":false,"crs":{"type":"name","properties":{"name":"EPSG:32643"}},"type":"Polygon","coordinates":[[[880000.0,1925000.0],[881000.0,1925000.0],[881000.0,1926000.0],[880000.0,1926000.0],[880000.0,1925000.0]]]},"id":"880,1925","properties":{"bld_cover":0.0703,"bld_height":0.5429591796875,"id":"344"}},{"type":"Feature","geometry":{"geodesic":false,"crs":{"type":"name","properties":{"name":"EPSG:32643"}},"type":"Polygon","coordinates":[[[881000.0,1925000.0],[882000.0,1925000.0],[882000.0,1926000.0],[881000.0,1926000.0],[881000.0,1925000.0]]]},"id":"881,1925","properties":{"bld_cover":0.0023,"bld_height":0.0116232421875,"id":"345"}},{"type":"Feature","geometry":{"geodesic":false,"crs":{"type":"name","properties":{"name":"EPSG:32643"}},"type":"Polygon","coordinates":[[[882000.0,1925000.0],[883000.0,1925000.0],[883000.0,1926000.0],[882000.0,1926000.0],[882000.0,1925000.0]]]},"id":"882,1925","properties":{"bld_cover":0,"bld_height":0.0047451171875,"id":"346"}},{"type":"Feature","geometry":{"geodesic":false,"crs":{"type":"name","properties":{"name":"EPSG:32643"}},"type":"Polygon","coordinates":[[[850000.0,1926000.0],[851000.0,1926000.0],[851000.0,1927000.0],[850000.0,1927000.0],[850000.0,1926000.0]]]},"id":"850,1926","properties":{"bld_cover":0.0331,"bld_height":0.3676380859375,"id":"347"}},{"type":"Feature","geometry":{"geodesic":false,"crs":{"type":"name","properties":{"name":"EPSG:32643"}},"type":"Polygon","coordinates":[[[851000.0,1926000.0],[852000.0,1926000.0],[852000.0,1927000.0],[851000.0,1927000.0],[851000.0,1926000.0]]]},"id":"851,1926","properties":{"bld_cover":0.0148,"bld_height":0.0788337890625,"id":"348"}},{"type":"Feature","geometry":{"geodesic":false,"crs":{"type":"name","properties":{"name":"EPSG:32643"}},"type":"Polygon","coordinates":[[[852000.0,1926000.0],[853000.0,1926000.0],[853000.0,1927000.0],[852000.0,1927000.0],[852000.0,1926000.0]]]},"id":"852,1926","properties":{"bld_cover":0.0609,"bld_height":0.7847458984375,"id":"349"}},{"type":"Feature","geometry":{"geodesic":false,"crs":{"type":"name","properties":{"name":"EPSG:32643"}},"type":"Polygon","coordinates":[[[853000.0,1926000.0],[854000.0,1926000.0],[854000.0,1927000.0],[853000.0,1927000.0],[853000.0,1926000.0]]]},"id":"853,1926","properties":{"bld_cover":0.0565,"bld_height":1.303580078125,"id":"350"}},{"type":"Feature","geometry":{"geodesic":false,"crs":{"type":"name","properties":{"name":"EPSG:32643"}},"type":"Polygon","coordinates":[[[854000.0,1926000.0],[855000.0,1926000.0],[855000.0,1927000.0],[854000.0,1927000.0],[854000.0,1926000.0]]]},"id":"854,1926","properties":{"bld_cover":0.2275,"bld_height":3.94612265625,"id":"351"}},{"type":"Feature","geometry":{"geodesic":false,"crs":{"type":"name","properties":{"name":"EPSG:32643"}},"type":"Polygon","coordinates":[[[855000.0,1926000.0],[856000.0,1926000.0],[856000.0,1927000.0],[855000.0,1927000.0],[855000.0,1926000.0]]]},"id":"855,1926","properties":{"bld_cover":0.1098,"bld_height":2.200543359375,"id":"352"}},{"type":"Feature","geometry":{"geodesic":false,"crs":{"type":"name","properties":{"name":"EPSG:32643"}},"type":"Polygon","coordinates":[[[856000.0,1926000.0],[857000.0,1926000.0],[857000.0,1927000.0],[856000.0,1927000.0],[856000.0,1926000.0]]]},"id":"856,1926","properties":{"bld_cover":0.161,"bld_height":5.705257421875,"id":"353"}},{"type":"Feature","geometry":{"geodesic":false,"crs":{"type":"name","properties":{"name":"EPSG:32643"}},"type":"Polygon","coordinates":[[[857000.0,1926000.0],[858000.0,1926000.0],[858000.0,1927000.0],[857000.0,1927000.0],[857000.0,1926000.0]]]},"id":"857,1926","properties":{"bld_cover":0.2286,"bld_height":3.818562109375,"id":"354"}},{"type":"Feature","geometry":{"geodesic":false,"crs":{"type":"name","properties":{"name":"EPSG:32643"}},"type":"Polygon","coordinates":[[[858000.0,1926000.0],[859000.0,1926000.0],[859000.0,1927000.0],[858000.0,1927000.0],[858000.0,1926000.0]]]},"id":"858,1926","properties":{"bld_cover":0.3049,"bld_height":4.9585951171875,"id":"355"}},{"type":"Feature","geometry":{"geodesic":false,"crs":{"type":"name","properties":{"name":"EPSG:32643"}},"type":"Polygon","coordinates":[[[859000.0,1926000.0],[860000.0,1926000.0],[860000.0,1927000.0],[859000.0,1927000.0],[859000.0,1926000.0]]]},"id":"859,1926","properties":{"bld_cover":0.2521,"bld_height":3.7922013671875,"id":"356"}},{"type":"Feature","geometry":{"geodesic":false,"crs":{"type":"name","properties":{"name":"EPSG:32643"}},"type":"Polygon","coordinates":[[[860000.0,1926000.0],[861000.0,1926000.0],[861000.0,1927000.0],[860000.0,1927000.0],[860000.0,1926000.0]]]},"id":"860,1926","properties":{"bld_cover":0.2835,"bld_height":3.6711140625,"id":"357"}},{"type":"Feature","geometry":{"geodesic":false,"crs":{"type":"name","properties":{"name":"EPSG:32643"}},"type":"Polygon","coordinates":[[[861000.0,1926000.0],[862000.0,1926000.0],[862000.0,1927000.0],[861000.0,1927000.0],[861000.0,1926000.0]]]},"id":"861,1926","properties":{"bld_cover":0.2696,"bld_height":2.9541720703125,"id":"358"}},{"type":"Feature","geometry":{"geodesic":false,"crs":{"type":"name","properties":{"name":"EPSG:32643"}},"type":"Polygon","coordinates":[[[862000.0,1926000.0],[863000.0,1926000.0],[863000.0,1927000.0],[862000.0,1927000.0],[862000.0,1926000.0]]]},"id":"862,1926","properties":{"bld_cover":0.2931,"bld_height":3.585872265625,"id":"359"}},{"type":"Feature","geometry":{"geodesic":false,"crs":{"type":"name","properties":{"name":"EPSG:32643"}},"type":"Polygon","coordinates":[[[863000.0,1926000.0],[864000.0,1926000.0],[864000.0,1927000.0],[863000.0,1927000.0],[863000.0,1926000.0]]]},"id":"863,1926","properties":{"bld_cover":0.3712,"bld_height":4.2453369140625,"id":"360"}},{"type":"Feature","geometry":{"geodesic":false,"crs":{"type":"name","properties":{"name":"EPSG:32643"}},"type":"Polygon","coordinates":[[[864000.0,1926000.0],[865000.0,1926000.0],[865000.0,1927000.0],[864000.0,1927000.0],[864000.0,1926000.0]]]},"id":"864,1926","properties":{"bld_cover":0.2775,"bld_height":3.224934375,"id":"361"}},{"type":"Feature","geometry":{"geodesic":false,"crs":{"type":"name","properties":{"name":"EPSG:32643"}},"type":"Polygon","coordinates":[[[865000.0,1926000.0],[866000.0,1926000.0],[866000.0,1927000.0],[865000.0,1927000.0],[865000.0,1926000.0]]]},"id":"865,1926","properties":{"bld_cover":0.2793,"bld_height":3.6716486328125,"id":"362"}},{"type":"Feature","geometry":{"geodesic":false,"crs":{"type":"name","properties":{"name":"EPSG:32643"}},"type":"Polygon","coordinates":[[[866000.0,1926000.0],[867000.0,1926000.0],[867000.0,1927000.0],[866000.0,1927000.0],[866000.0,1926000.0]]]},"id":"866,1926","properties":{"bld_cover":0.4413,"bld_height":5.6062044921875,"id":"363"}},{"type":"Feature","geometry":{"geodesic":false,"crs":{"type":"name","properties":{"name":"EPSG:32643"}},"type":"Polygon","coordinates":[[[867000.0,1926000.0],[868000.0,1926000.0],[868000.0,1927000.0],[867000.0,1927000.0],[867000.0,1926000.0]]]},"id":"867,1926","properties":{"bld_cover":0.4276,"bld_height":5.3269427734375,"id":"364"}},{"type":"Feature","geometry":{"geodesic":false,"crs":{"type":"name","properties":{"name":"EPSG:32643"}},"type":"Polygon","coordinates":[[[868000.0,1926000.0],[869000.0,1926000.0],[869000.0,1927000.0],[868000.0,1927000.0],[868000.0,1926000.0]]]},"id":"868,1926","properties":{"bld_cover":0.3586,"bld_height":4.60356015625,"id":"365"}},{"type":"Feature","geometry":{"geodesic":false,"crs":{"type":"name","properties":{"name":"EPSG:32643"}},"type":"Polygon","coordinates":[[[869000.0,1926000.0],[870000.0,1926000.0],[870000.0,1927000.0],[869000.0,1927000.0],[869000.0,1926000.0]]]},"id":"869,1926","properties":{"bld_cover":0.4212,"bld_height":6.02972421875,"id":"366"}},{"type":"Feature","geometry":{"geodesic":false,"crs":{"type":"name","properties":{"name":"EPSG:32643"}},"type":"Polygon","coordinates":[[[870000.0,1926000.0],[871000.0,1926000.0],[871000.0,1927000.0],[870000.0,1927000.0],[870000.0,1926000.0]]]},"id":"870,1926","properties":{"bld_cover":0.4349,"bld_height":5.77440234375,"id":"367"}},{"type":"Feature","geometry":{"geodesic":false,"crs":{"type":"name","properties":{"name":"EPSG:32643"}},"type":"Polygon","coordinates":[[[871000.0,1926000.0],[872000.0,1926000.0],[872000.0,1927000.0],[871000.0,1927000.0],[871000.0,1926000.0]]]},"id":"871,1926","properties":{"bld_cover":0.4187,"bld_height":5.9041958984375,"id":"368"}},{"type":"Feature","geometry":{"geodesic":false,"crs":{"type":"name","properties":{"name":"EPSG:32643"}},"type":"Polygon","coordinates":[[[872000.0,1926000.0],[873000.0,1926000.0],[873000.0,1927000.0],[872000.0,1927000.0],[872000.0,1926000.0]]]},"id":"872,1926","properties":{"bld_cover":0.4274,"bld_height":4.7818314453125,"id":"369"}},{"type":"Feature","geometry":{"geodesic":false,"crs":{"type":"name","properties":{"name":"EPSG:32643"}},"type":"Polygon","coordinates":[[[873000.0,1926000.0],[874000.0,1926000.0],[874000.0,1927000.0],[873000.0,1927000.0],[873000.0,1926000.0]]]},"id":"873,1926","properties":{"bld_cover":0.423,"bld_height":5.13870234375,"id":"370"}},{"type":"Feature","geometry":{"geodesic":false,"crs":{"type":"name","properties":{"name":"EPSG:32643"}},"type":"Polygon","coordinates":[[[874000.0,1926000.0],[875000.0,1926000.0],[875000.0,1927000.0],[874000.0,1927000.0],[874000.0,1926000.0]]]},"id":"874,1926","properties":{"bld_cover":0.3811,"bld_height":4.3800181640625,"id":"371"}},{"type":"Feature","geometry":{"geodesic":false,"crs":{"type":"name","properties":{"name":"EPSG:32643"}},"type":"Polygon","coordinates":[[[875000.0,1926000.0],[876000.0,1926000.0],[876000.0,1927000.0],[875000.0,1927000.0],[875000.0,1926000.0]]]},"id":"875,1926","properties":{"bld_cover":0.4816,"bld_height":4.9568048828125,"id":"372"}},{"type":"Feature","geometry":{"geodesic":false,"crs":{"type":"name","properties":{"name":"EPSG:32643"}},"type":"Polygon","coordinates":[[[876000.0,1926000.0],[877000.0,1926000.0],[877000.0,1927000.0],[876000.0,1927000.0],[876000.0,1926000.0]]]},"id":"876,1926","properties":{"bld_cover":0.3157,"bld_height":3.1151380859375,"id":"373"}},{"type":"Feature","geometry":{"geodesic":false,"crs":{"type":"name","properties":{"name":"EPSG:32643"}},"type":"Polygon","coordinates":[[[877000.0,1926000.0],[878000.0,1926000.0],[878000.0,1927000.0],[877000.0,1927000.0],[877000.0,1926000.0]]]},"id":"877,1926","properties":{"bld_cover":0.2791,"bld_height":2.54241015625,"id":"374"}},{"type":"Feature","geometry":{"geodesic":false,"crs":{"type":"name","properties":{"name":"EPSG:32643"}},"type":"Polygon","coordinates":[[[878000.0,1926000.0],[879000.0,1926000.0],[879000.0,1927000.0],[878000.0,1927000.0],[878000.0,1926000.0]]]},"id":"878,1926","properties":{"bld_cover":0.1334,"bld_height":1.5675140625,"id":"375"}},{"type":"Feature","geometry":{"geodesic":false,"crs":{"type":"name","properties":{"name":"EPSG:32643"}},"type":"Polygon","coordinates":[[[879000.0,1926000.0],[880000.0,1926000.0],[880000.0,1927000.0],[879000.0,1927000.0],[879000.0,1926000.0]]]},"id":"879,1926","properties":{"bld_cover":0.0606,"bld_height":0.8926814453125,"id":"376"}},{"type":"Feature","geometry":{"geodesic":false,"crs":{"type":"name","properties":{"name":"EPSG:32643"}},"type":"Polygon","coordinates":[[[880000.0,1926000.0],[881000.0,1926000.0],[881000.0,1927000.0],[880000.0,1927000.0],[880000.0,1926000.0]]]},"id":"880,1926","properties":{"bld_cover":0.0028,"bld_height":0.0142708984375,"id":"377"}},{"type":"Feature","geometry":{"geodesic":false,"crs":{"type":"name","properties":{"name":"EPSG:32643"}},"type":"Polygon","coordinates":[[[881000.0,1926000.0],[882000.0,1926000.0],[882000.0,1927000.0],[881000.0,1927000.0],[881000.0,1926000.0]]]},"id":"881,1926","properties":{"bld_cover":0.1837,"bld_height":1.370500390625,"id":"378"}},{"type":"Feature","geometry":{"geodesic":false,"crs":{"type":"name","properties":{"name":"EPSG:32643"}},"type":"Polygon","coordinates":[[[882000.0,1926000.0],[883000.0,1926000.0],[883000.0,1927000.0],[882000.0,1927000.0],[882000.0,1926000.0]]]},"id":"882,1926","properties":{"bld_cover":0.1541,"bld_height":2.1345259765625,"id":"379"}},{"type":"Feature","geometry":{"geodesic":false,"crs":{"type":"name","properties":{"name":"EPSG:32643"}},"type":"Polygon","coordinates":[[[850000.0,1927000.0],[851000.0,1927000.0],[851000.0,1928000.0],[850000.0,1928000.0],[850000.0,1927000.0]]]},"id":"850,1927","properties":{"bld_cover":0.0258,"bld_height":0.4132130859375,"id":"380"}},{"type":"Feature","geometry":{"geodesic":false,"crs":{"type":"name","properties":{"name":"EPSG:32643"}},"type":"Polygon","coordinates":[[[851000.0,1927000.0],[852000.0,1927000.0],[852000.0,1928000.0],[851000.0,1928000.0],[851000.0,1927000.0]]]},"id":"851,1927","properties":{"bld_cover":0.0353,"bld_height":0.40023984375,"id":"381"}},{"type":"Feature","geometry":{"geodesic":false,"crs":{"type":"name","properties":{"name":"EPSG:32643"}},"type":"Polygon","coordinates":[[[852000.0,1927000.0],[853000.0,1927000.0],[853000.0,1928000.0],[852000.0,1928000.0],[852000.0,1927000.0]]]},"id":"852,1927","properties":{"bld_cover":0.0463,"bld_height":0.7238412109375,"id":"382"}},{"type":"Feature","geometry":{"geodesic":false,"crs":{"type":"name","properties":{"name":"EPSG:32643"}},"type":"Polygon","coordinates":[[[853000.0,1927000.0],[854000.0,1927000.0],[854000.0,1928000.0],[853000.0,1928000.0],[853000.0,1927000.0]]]},"id":"853,1927","properties":{"bld_cover":0.0822,"bld_height":2.5971451171875,"id":"383"}},{"type":"Feature","geometry":{"geodesic":false,"crs":{"type":"name","properties":{"name":"EPSG:32643"}},"type":"Polygon","coordinates":[[[854000.0,1927000.0],[855000.0,1927000.0],[855000.0,1928000.0],[854000.0,1928000.0],[854000.0,1927000.0]]]},"id":"854,1927","properties":{"bld_cover":0.0662,"bld_height":2.3067123046875,"id":"384"}},{"type":"Feature","geometry":{"geodesic":false,"crs":{"type":"name","properties":{"name":"EPSG:32643"}},"type":"Polygon","coordinates":[[[855000.0,1927000.0],[856000.0,1927000.0],[856000.0,1928000.0],[855000.0,1928000.0],[855000.0,1927000.0]]]},"id":"855,1927","properties":{"bld_cover":0.0977,"bld_height":2.0753333984375,"id":"385"}},{"type":"Feature","geometry":{"geodesic":false,"crs":{"type":"name","properties":{"name":"EPSG:32643"}},"type":"Polygon","coordinates":[[[856000.0,1927000.0],[857000.0,1927000.0],[857000.0,1928000.0],[856000.0,1928000.0],[856000.0,1927000.0]]]},"id":"856,1927","properties":{"bld_cover":0.0766,"bld_height":2.462363671875,"id":"386"}},{"type":"Feature","geometry":{"geodesic":false,"crs":{"type":"name","properties":{"name":"EPSG:32643"}},"type":"Polygon","coordinates":[[[857000.0,1927000.0],[858000.0,1927000.0],[858000.0,1928000.0],[857000.0,1928000.0],[857000.0,1927000.0]]]},"id":"857,1927","properties":{"bld_cover":0.0844,"bld_height":1.744894921875,"id":"387"}},{"type":"Feature","geometry":{"geodesic":false,"crs":{"type":"name","properties":{"name":"EPSG:32643"}},"type":"Polygon","coordinates":[[[858000.0,1927000.0],[859000.0,1927000.0],[859000.0,1928000.0],[858000.0,1928000.0],[858000.0,1927000.0]]]},"id":"858,1927","properties":{"bld_cover":0.2513,"bld_height":4.21246796875,"id":"388"}},{"type":"Feature","geometry":{"geodesic":false,"crs":{"type":"name","properties":{"name":"EPSG:32643"}},"type":"Polygon","coordinates":[[[859000.0,1927000.0],[860000.0,1927000.0],[860000.0,1928000.0],[859000.0,1928000.0],[859000.0,1927000.0]]]},"id":"859,1927","properties":{"bld_cover":0.3638,"bld_height":5.713986328125,"id":"389"}},{"type":"Feature","geometry":{"geodesic":false,"crs":{"type":"name","properties":{"name":"EPSG:32643"}},"type":"Polygon","coordinates":[[[860000.0,1927000.0],[861000.0,1927000.0],[861000.0,1928000.0],[860000.0,1928000.0],[860000.0,1927000.0]]]},"id":"860,1927","properties":{"bld_cover":0.3586,"bld_height":5.2917669921875,"id":"390"}},{"type":"Feature","geometry":{"geodesic":false,"crs":{"type":"name","properties":{"name":"EPSG:32643"}},"type":"Polygon","coordinates":[[[861000.0,1927000.0],[862000.0,1927000.0],[862000.0,1928000.0],[861000.0,1928000.0],[861000.0,1927000.0]]]},"id":"861,1927","properties":{"bld_cover":0.3552,"bld_height":5.90446953125,"id":"391"}},{"type":"Feature","geometry":{"geodesic":false,"crs":{"type":"name","properties":{"name":"EPSG:32643"}},"type":"Polygon","coordinates":[[[862000.0,1927000.0],[863000.0,1927000.0],[863000.0,1928000.0],[862000.0,1928000.0],[862000.0,1927000.0]]]},"id":"862,1927","properties":{"bld_cover":0.5044,"bld_height":7.146058984375,"id":"392"}},{"type":"Feature","geometry":{"geodesic":false,"crs":{"type":"name","properties":{"name":"EPSG:32643"}},"type":"Polygon","coordinates":[[[863000.0,1927000.0],[864000.0,1927000.0],[864000.0,1928000.0],[863000.0,1928000.0],[863000.0,1927000.0]]]},"id":"863,1927","properties":{"bld_cover":0.4121,"bld_height":4.146152734375,"id":"393"}},{"type":"Feature","geometry":{"geodesic":false,"crs":{"type":"name","properties":{"name":"EPSG:32643"}},"type":"Polygon","coordinates":[[[864000.0,1927000.0],[865000.0,1927000.0],[865000.0,1928000.0],[864000.0,1928000.0],[864000.0,1927000.0]]]},"id":"864,1927","properties":{"bld_cover":0.1716,"bld_height":1.985987109375,"id":"394"}},{"type":"Feature","geometry":{"geodesic":false,"crs":{"type":"name","properties":{"name":"EPSG:32643"}},"type":"Polygon","coordinates":[[[865000.0,1927000.0],[866000.0,1927000.0],[866000.0,1928000.0],[865000.0,1928000.0],[865000.0,1927000.0]]]},"id":"865,1927","properties":{"bld_cover":0.3216,"bld_height":3.57916015625,"id":"395"}},{"type":"Feature","geometry":{"geodesic":false,"crs":{"type":"name","properties":{"name":"EPSG:32643"}},"type":"Polygon","coordinates":[[[866000.0,1927000.0],[867000.0,1927000.0],[867000.0,1928000.0],[866000.0,1928000.0],[866000.0,1927000.0]]]},"id":"866,1927","properties":{"bld_cover":0.3958,"bld_height":5.167190625,"id":"396"}},{"type":"Feature","geometry":{"geodesic":false,"crs":{"type":"name","properties":{"name":"EPSG:32643"}},"type":"Polygon","coordinates":[[[867000.0,1927000.0],[868000.0,1927000.0],[868000.0,1928000.0],[867000.0,1928000.0],[867000.0,1927000.0]]]},"id":"867,1927","properties":{"bld_cover":0.3648,"bld_height":5.2718369140625,"id":"397"}},{"type":"Feature","geometry":{"geodesic":false,"crs":{"type":"name","properties":{"name":"EPSG:32643"}},"type":"Polygon","coordinates":[[[868000.0,1927000.0],[869000.0,1927000.0],[869000.0,1928000.0],[868000.0,1928000.0],[868000.0,1927000.0]]]},"id":"868,1927","properties":{"bld_cover":0.3047,"bld_height":4.549998828125,"id":"398"}},{"type":"Feature","geometry":{"geodesic":false,"crs":{"type":"name","properties":{"name":"EPSG:32643"}},"type":"Polygon","coordinates":[[[869000.0,1927000.0],[870000.0,1927000.0],[870000.0,1928000.0],[869000.0,1928000.0],[869000.0,1927000.0]]]},"id":"869,1927","properties":{"bld_cover":0.3475,"bld_height":5.2816908203125,"id":"399"}},{"type":"Feature","geometry":{"geodesic":false,"crs":{"type":"name","properties":{"name":"EPSG:32643"}},"type":"Polygon","coordinates":[[[870000.0,1927000.0],[871000.0,1927000.0],[871000.0,1928000.0],[870000.0,1928000.0],[870000.0,1927000.0]]]},"id":"870,1927","properties":{"bld_cover":0.4467,"bld_height":6.3581892578125,"id":"400"}},{"type":"Feature","geometry":{"geodesic":false,"crs":{"type":"name","properties":{"name":"EPSG:32643"}},"type":"Polygon","coordinates":[[[871000.0,1927000.0],[872000.0,1927000.0],[872000.0,1928000.0],[871000.0,1928000.0],[871000.0,1927000.0]]]},"id":"871,1927","properties":{"bld_cover":0.4331,"bld_height":5.8626763671875,"id":"401"}},{"type":"Feature","geometry":{"geodesic":false,"crs":{"type":"name","properties":{"name":"EPSG:32643"}},"type":"Polygon","coordinates":[[[872000.0,1927000.0],[873000.0,1927000.0],[873000.0,1928000.0],[872000.0,1928000.0],[872000.0,1927000.0]]]},"id":"872,1927","properties":{"bld_cover":0.415,"bld_height":4.8201982421875,"id":"402"}},{"type":"Feature","geometry":{"geodesic":false,"crs":{"type":"name","properties":{"name":"EPSG:32643"}},"type":"Polygon","coordinates":[[[873000.0,1927000.0],[874000.0,1927000.0],[874000.0,1928000.0],[873000.0,1928000.0],[873000.0,1927000.0]]]},"id":"873,1927","properties":{"bld_cover":0.3324,"bld_height":4.6321576171875,"id":"403"}},{"type":"Feature","geometry":{"geodesic":false,"crs":{"type":"name","properties":{"name":"EPSG:32643"}},"type":"Polygon","coordinates":[[[874000.0,1927000.0],[875000.0,1927000.0],[875000.0,1928000.0],[874000.0,1928000.0],[874000.0,1927000.0]]]},"id":"874,1927","properties":{"bld_cover":0.0948,"bld_height":1.234690234375,"id":"404"}},{"type":"Feature","geometry":{"geodesic":false,"crs":{"type":"name","properties":{"name":"EPSG:32643"}},"type":"Polygon","coordinates":[[[875000.0,1927000.0],[876000.0,1927000.0],[876000.0,1928000.0],[875000.0,1928000.0],[875000.0,1927000.0]]]},"id":"875,1927","properties":{"bld_cover":0.0845,"bld_height":0.9071673828125,"id":"405"}},{"type":"Feature","geometry":{"geodesic":false,"crs":{"type":"name","properties":{"name":"EPSG:32643"}},"type":"Polygon","coordinates":[[[876000.0,1927000.0],[877000.0,1927000.0],[877000.0,1928000.0],[876000.0,1928000.0],[876000.0,1927000.0]]]},"id":"876,1927","properties":{"bld_cover":0.2938,"bld_height":4.1640767578125,"id":"406"}},{"type":"Feature","geometry":{"geodesic":false,"crs":{"type":"name","properties":{"name":"EPSG:32643"}},"type":"Polygon","coordinates":[[[877000.0,1927000.0],[878000.0,1927000.0],[878000.0,1928000.0],[877000.0,1928000.0],[877000.0,1927000.0]]]},"id":"877,1927","properties":{"bld_cover":0.1266,"bld_height":2.255771875,"id":"407"}},{"type":"Feature","geometry":{"geodesic":false,"crs":{"type":"name","properties":{"name":"EPSG:32643"}},"type":"Polygon","coordinates":[[[878000.0,1927000.0],[879000.0,1927000.0],[879000.0,1928000.0],[878000.0,1928000.0],[878000.0,1927000.0]]]},"id":"878,1927","properties":{"bld_cover":0.3131,"bld_height":3.6882404296875,"id":"408"}},{"type":"Feature","geometry":{"geodesic":false,"crs":{"type":"name","properties":{"name":"EPSG:32643"}},"type":"Polygon","coordinates":[[[879000.0,1927000.0],[880000.0,1927000.0],[880000.0,1928000.0],[879000.0,1928000.0],[879000.0,1927000.0]]]},"id":"879,1927","properties":{"bld_cover":0.3187,"bld_height":3.2851275390625,"id":"409"}},{"type":"Feature","geometry":{"geodesic":false,"crs":{"type":"name","properties":{"name":"EPSG:32643"}},"type":"Polygon","coordinates":[[[880000.0,1927000.0],[881000.0,1927000.0],[881000.0,1928000.0],[880000.0,1928000.0],[880000.0,1927000.0]]]},"id":"880,1927","properties":{"bld_cover":0.0844,"bld_height":0.89645,"id":"410"}},{"type":"Feature","geometry":{"geodesic":false,"crs":{"type":"name","properties":{"name":"EPSG:32643"}},"type":"Polygon","coordinates":[[[881000.0,1927000.0],[882000.0,1927000.0],[882000.0,1928000.0],[881000.0,1928000.0],[881000.0,1927000.0]]]},"id":"881,1927","properties":{"bld_cover":0.2404,"bld_height":2.8292107421875,"id":"411"}},{"type":"Feature","geometry":{"geodesic":false,"crs":{"type":"name","properties":{"name":"EPSG:32643"}},"type":"Polygon","coordinates":[[[882000.0,1927000.0],[883000.0,1927000.0],[883000.0,1928000.0],[882000.0,1928000.0],[882000.0,1927000.0]]]},"id":"882,1927","properties":{"bld_cover":0.188,"bld_height":3.01142265625,"id":"412"}},{"type":"Feature","geometry":{"geodesic":false,"crs":{"type":"name","properties":{"name":"EPSG:32643"}},"type":"Polygon","coordinates":[[[850000.0,1928000.0],[851000.0,1928000.0],[851000.0,1929000.0],[850000.0,1929000.0],[850000.0,1928000.0]]]},"id":"850,1928","properties":{"bld_cover":0.0039,"bld_height":0.2718720703125,"id":"413"}},{"type":"Feature","geometry":{"geodesic":false,"crs":{"type":"name","properties":{"name":"EPSG:32643"}},"type":"Polygon","coordinates":[[[851000.0,1928000.0],[852000.0,1928000.0],[852000.0,1929000.0],[851000.0,1929000.0],[851000.0,1928000.0]]]},"id":"851,1928","properties":{"bld_cover":0.0041,"bld_height":0.035051171875,"id":"414"}},{"type":"Feature","geometry":{"geodesic":false,"crs":{"type":"name","properties":{"name":"EPSG:32643"}},"type":"Polygon","coordinates":[[[852000.0,1928000.0],[853000.0,1928000.0],[853000.0,1929000.0],[852000.0,1929000.0],[852000.0,1928000.0]]]},"id":"852,1928","properties":{"bld_cover":0.0166,"bld_height":0.1357658203125,"id":"415"}},{"type":"Feature","geometry":{"geodesic":false,"crs":{"type":"name","properties":{"name":"EPSG:32643"}},"type":"Polygon","coordinates":[[[853000.0,1928000.0],[854000.0,1928000.0],[854000.0,1929000.0],[853000.0,1929000.0],[853000.0,1928000.0]]]},"id":"853,1928","properties":{"bld_cover":0.0479,"bld_height":0.391515625,"id":"416"}},{"type":"Feature","geometry":{"geodesic":false,"crs":{"type":"name","properties":{"name":"EPSG:32643"}},"type":"Polygon","coordinates":[[[854000.0,1928000.0],[855000.0,1928000.0],[855000.0,1929000.0],[854000.0,1929000.0],[854000.0,1928000.0]]]},"id":"854,1928","properties":{"bld_cover":0.093,"bld_height":5.4350970703125,"id":"417"}},{"type":"Feature","geometry":{"geodesic":false,"crs":{"type":"name","properties":{"name":"EPSG:32643"}},"type":"Polygon","coordinates":[[[855000.0,1928000.0],[856000.0,1928000.0],[856000.0,1929000.0],[855000.0,1929000.0],[855000.0,1928000.0]]]},"id":"855,1928","properties":{"bld_cover":0.1492,"bld_height":4.3747298828125,"id":"418"}},{"type":"Feature","geometry":{"geodesic":false,"crs":{"type":"name","properties":{"name":"EPSG:32643"}},"type":"Polygon","coordinates":[[[856000.0,1928000.0],[857000.0,1928000.0],[857000.0,1929000.0],[856000.0,1929000.0],[856000.0,1928000.0]]]},"id":"856,1928","properties":{"bld_cover":0.0811,"bld_height":2.1130486328125,"id":"419"}},{"type":"Feature","geometry":{"geodesic":false,"crs":{"type":"name","properties":{"name":"EPSG:32643"}},"type":"Polygon","coordinates":[[[857000.0,1928000.0],[858000.0,1928000.0],[858000.0,1929000.0],[857000.0,1929000.0],[857000.0,1928000.0]]]},"id":"857,1928","properties":{"bld_cover":0.1141,"bld_height":2.2660259765625,"id":"420"}},{"type":"Feature","geometry":{"geodesic":false,"crs":{"type":"name","properties":{"name":"EPSG:32643"}},"type":"Polygon","coordinates":[[[858000.0,1928000.0],[859000.0,1928000.0],[859000.0,1929000.0],[858000.0,1929000.0],[858000.0,1928000.0]]]},"id":"858,1928","properties":{"bld_cover":0.1225,"bld_height":4.241178125,"id":"421"}},{"type":"Feature","geometry":{"geodesic":false,"crs":{"type":"name","properties":{"name":"EPSG:32643"}},"type":"Polygon","coordinates":[[[859000.0,1928000.0],[860000.0,1928000.0],[860000.0,1929000.0],[859000.0,1929000.0],[859000.0,1928000.0]]]},"id":"859,1928","properties":{"bld_cover":0.1978,"bld_height":3.6084234375,"id":"422"}},{"type":"Feature","geometry":{"geodesic":false,"crs":{"type":"name","properties":{"name":"EPSG:32643"}},"type":"Polygon","coordinates":[[[860000.0,1928000.0],[861000.0,1928000.0],[861000.0,1929000.0],[860000.0,1929000.0],[860000.0,1928000.0]]]},"id":"860,1928","properties":{"bld_cover":0.2627,"bld_height":3.731845703125,"id":"423"}},{"type":"Feature","geometry":{"geodesic":false,"crs":{"type":"name","properties":{"name":"EPSG:32643"}},"type":"Polygon","coordinates":[[[861000.0,1928000.0],[862000.0,1928000.0],[862000.0,1929000.0],[861000.0,1929000.0],[861000.0,1928000.0]]]},"id":"861,1928","properties":{"bld_cover":0.2281,"bld_height":3.3448791015625,"id":"424"}},{"type":"Feature","geometry":{"geodesic":false,"crs":{"type":"name","properties":{"name":"EPSG:32643"}},"type":"Polygon","coordinates":[[[862000.0,1928000.0],[863000.0,1928000.0],[863000.0,1929000.0],[862000.0,1929000.0],[862000.0,1928000.0]]]},"id":"862,1928","properties":{"bld_cover":0.3207,"bld_height":4.5116412109375,"id":"425"}},{"type":"Feature","geometry":{"geodesic":false,"crs":{"type":"name","properties":{"name":"EPSG:32643"}},"type":"Polygon","coordinates":[[[863000.0,1928000.0],[864000.0,1928000.0],[864000.0,1929000.0],[863000.0,1929000.0],[863000.0,1928000.0]]]},"id":"863,1928","properties":{"bld_cover":0.2043,"bld_height":2.836678125,"id":"426"}},{"type":"Feature","geometry":{"geodesic":false,"crs":{"type":"name","properties":{"name":"EPSG:32643"}},"type":"Polygon","coordinates":[[[864000.0,1928000.0],[865000.0,1928000.0],[865000.0,1929000.0],[864000.0,1929000.0],[864000.0,1928000.0]]]},"id":"864,1928","properties":{"bld_cover":0.289,"bld_height":4.0819703125,"id":"427"}},{"type":"Feature","geometry":{"geodesic":false,"crs":{"type":"name","properties":{"name":"EPSG:32643"}},"type":"Polygon","coordinates":[[[865000.0,1928000.0],[866000.0,1928000.0],[866000.0,1929000.0],[865000.0,1929000.0],[865000.0,1928000.0]]]},"id":"865,1928","properties":{"bld_cover":0.3585,"bld_height":4.5283083984375,"id":"428"}},{"type":"Feature","geometry":{"geodesic":false,"crs":{"type":"name","properties":{"name":"EPSG:32643"}},"type":"Polygon","coordinates":[[[866000.0,1928000.0],[867000.0,1928000.0],[867000.0,1929000.0],[866000.0,1929000.0],[866000.0,1928000.0]]]},"id":"866,1928","properties":{"bld_cover":0.3648,"bld_height":5.4094314453125,"id":"429"}},{"type":"Feature","geometry":{"geodesic":false,"crs":{"type":"name","properties":{"name":"EPSG:32643"}},"type":"Polygon","coordinates":[[[867000.0,1928000.0],[868000.0,1928000.0],[868000.0,1929000.0],[867000.0,1929000.0],[867000.0,1928000.0]]]},"id":"867,1928","properties":{"bld_cover":0.3766,"bld_height":5.21518359375,"id":"430"}},{"type":"Feature","geometry":{"geodesic":false,"crs":{"type":"name","properties":{"name":"EPSG:32643"}},"type":"Polygon","coordinates":[[[868000.0,1928000.0],[869000.0,1928000.0],[869000.0,1929000.0],[868000.0,1929000.0],[868000.0,1928000.0]]]},"id":"868,1928","properties":{"bld_cover":0.1473,"bld_height":1.8707875,"id":"431"}},{"type":"Feature","geometry":{"geodesic":false,"crs":{"type":"name","properties":{"name":"EPSG:32643"}},"type":"Polygon","coordinates":[[[869000.0,1928000.0],[870000.0,1928000.0],[870000.0,1929000.0],[869000.0,1929000.0],[869000.0,1928000.0]]]},"id":"869,1928","properties":{"bld_cover":0.1179,"bld_height":1.6565205078125,"id":"432"}},{"type":"Feature","geometry":{"geodesic":false,"crs":{"type":"name","properties":{"name":"EPSG:32643"}},"type":"Polygon","coordinates":[[[870000.0,1928000.0],[871000.0,1928000.0],[871000.0,1929000.0],[870000.0,1929000.0],[870000.0,1928000.0]]]},"id":"870,1928","properties":{"bld_cover":0.3065,"bld_height":3.987506640625,"id":"433"}},{"type":"Feature","geometry":{"geodesic":false,"crs":{"type":"name","properties":{"name":"EPSG:32643"}},"type":"Polygon","coordinates":[[[871000.0,1928000.0],[872000.0,1928000.0],[872000.0,1929000.0],[871000.0,1929000.0],[871000.0,1928000.0]]]},"id":"871,1928","properties":{"bld_cover":0.4669,"bld_height":6.0165810546875,"id":"434"}},{"type":"Feature","geometry":{"geodesic":false,"crs":{"type":"name","properties":{"name":"EPSG:32643"}},"type":"Polygon","coordinates":[[[872000.0,1928000.0],[873000.0,1928000.0],[873000.0,1929000.0],[872000.0,1929000.0],[872000.0,1928000.0]]]},"id":"872,1928","properties":{"bld_cover":0.4866,"bld_height":5.7019529296875,"id":"435"}},{"type":"Feature","geometry":{"geodesic":false,"crs":{"type":"name","properties":{"name":"EPSG:32643"}},"type":"Polygon","coordinates":[[[873000.0,1928000.0],[874000.0,1928000.0],[874000.0,1929000.0],[873000.0,1929000.0],[873000.0,1928000.0]]]},"id":"873,1928","properties":{"bld_cover":0.4142,"bld_height":4.9201271484375,"id":"436"}},{"type":"Feature","geometry":{"geodesic":false,"crs":{"type":"name","properties":{"name":"EPSG:32643"}},"type":"Polygon","coordinates":[[[874000.0,1928000.0],[875000.0,1928000.0],[875000.0,1929000.0],[874000.0,1929000.0],[874000.0,1928000.0]]]},"id":"874,1928","properties":{"bld_cover":0.0804,"bld_height":0.7674396484375,"id":"437"}},{"type":"Feature","geometry":{"geodesic":false,"crs":{"type":"name","properties":{"name":"EPSG:32643"}},"type":"Polygon","coordinates":[[[875000.0,1928000.0],[876000.0,1928000.0],[876000.0,1929000.0],[875000.0,1929000.0],[875000.0,1928000.0]]]},"id":"875,1928","properties":{"bld_cover":0.0503,"bld_height":0.4896431640625,"id":"438"}},{"type":"Feature","geometry":{"geodesic":false,"crs":{"type":"name","properties":{"name":"EPSG:32643"}},"type":"Polygon","coordinates":[[[876000.0,1928000.0],[877000.0,1928000.0],[877000.0,1929000.0],[876000.0,1929000.0],[876000.0,1928000.0]]]},"id":"876,1928","properties":{"bld_cover":0.2408,"bld_height":3.29813671875,"id":"439"}},{"type":"Feature","geometry":{"geodesic":false,"crs":{"type":"name","properties":{"name":"EPSG:32643"}},"type":"Polygon","coordinates":[[[877000.0,1928000.0],[878000.0,1928000.0],[878000.0,1929000.0],[877000.0,1929000.0],[877000.0,1928000.0]]]},"id":"877,1928","properties":{"bld_cover":0.1392,"bld_height":1.7786994140625,"id":"440"}},{"type":"Feature","geometry":{"geodesic":false,"crs":{"type":"name","properties":{"name":"EPSG:32643"}},"type":"Polygon","coordinates":[[[878000.0,1928000.0],[879000.0,1928000.0],[879000.0,1929000.0],[878000.0,1929000.0],[878000.0,1928000.0]]]},"id":"878,1928","properties":{"bld_cover":0.4004,"bld_height":4.0209759765625,"id":"441"}},{"type":"Feature","geometry":{"geodesic":false,"crs":{"type":"name","properties":{"name":"EPSG:32643"}},"type":"Polygon","coordinates":[[[879000.0,1928000.0],[880000.0,1928000.0],[880000.0,1929000.0],[879000.0,1929000.0],[879000.0,1928000.0]]]},"id":"879,1928","properties":{"bld_cover":0.3817,"bld_height":4.0109142578125,"id":"442"}},{"type":"Feature","geometry":{"geodesic":false,"crs":{"type":"name","properties":{"name":"EPSG:32643"}},"type":"Polygon","coordinates":[[[880000.0,1928000.0],[881000.0,1928000.0],[881000.0,1929000.0],[880000.0,1929000.0],[880000.0,1928000.0]]]},"id":"880,1928","properties":{"bld_cover":0.2869,"bld_height":2.70530078125,"id":"443"}},{"type":"Feature","geometry":{"geodesic":false,"crs":{"type":"name","properties":{"name":"EPSG:32643"}},"type":"Polygon","coordinates":[[[881000.0,1928000.0],[882000.0,1928000.0],[882000.0,1929000.0],[881000.0,1929000.0],[881000.0,1928000.0]]]},"id":"881,1928","properties":{"bld_cover":0.3953,"bld_height":4.23948359375,"id":"444"}},{"type":"Feature","geometry":{"geodesic":false,"crs":{"type":"name","properties":{"name":"EPSG:32643"}},"type":"Polygon","coordinates":[[[882000.0,1928000.0],[883000.0,1928000.0],[883000.0,1929000.0],[882000.0,1929000.0],[882000.0,1928000.0]]]},"id":"882,1928","properties":{"bld_cover":0.1864,"bld_height":3.6233873046875,"id":"445"}},{"type":"Feature","geometry":{"geodesic":false,"crs":{"type":"name","properties":{"name":"EPSG:32643"}},"type":"Polygon","coordinates":[[[850000.0,1929000.0],[851000.0,1929000.0],[851000.0,1930000.0],[850000.0,1930000.0],[850000.0,1929000.0]]]},"id":"850,1929","properties":{"bld_cover":0.0028,"bld_height":0.1589126953125,"id":"446"}},{"type":"Feature","geometry":{"geodesic":false,"crs":{"type":"name","properties":{"name":"EPSG:32643"}},"type":"Polygon","coordinates":[[[851000.0,1929000.0],[852000.0,1929000.0],[852000.0,1930000.0],[851000.0,1930000.0],[851000.0,1929000.0]]]},"id":"851,1929","properties":{"bld_cover":4.0E-4,"bld_height":0.00249609375,"id":"447"}},{"type":"Feature","geometry":{"geodesic":false,"crs":{"type":"name","properties":{"name":"EPSG:32643"}},"type":"Polygon","coordinates":[[[852000.0,1929000.0],[853000.0,1929000.0],[853000.0,1930000.0],[852000.0,1930000.0],[852000.0,1929000.0]]]},"id":"852,1929","properties":{"bld_cover":0.001,"bld_height":0.013953515625,"id":"448"}},{"type":"Feature","geometry":{"geodesic":false,"crs":{"type":"name","properties":{"name":"EPSG:32643"}},"type":"Polygon","coordinates":[[[853000.0,1929000.0],[854000.0,1929000.0],[854000.0,1930000.0],[853000.0,1930000.0],[853000.0,1929000.0]]]},"id":"853,1929","properties":{"bld_cover":0.1476,"bld_height":2.922116015625,"id":"449"}},{"type":"Feature","geometry":{"geodesic":false,"crs":{"type":"name","properties":{"name":"EPSG:32643"}},"type":"Polygon","coordinates":[[[854000.0,1929000.0],[855000.0,1929000.0],[855000.0,1930000.0],[854000.0,1930000.0],[854000.0,1929000.0]]]},"id":"854,1929","properties":{"bld_cover":0.189,"bld_height":6.8308697265625,"id":"450"}},{"type":"Feature","geometry":{"geodesic":false,"crs":{"type":"name","properties":{"name":"EPSG:32643"}},"type":"Polygon","coordinates":[[[855000.0,1929000.0],[856000.0,1929000.0],[856000.0,1930000.0],[855000.0,1930000.0],[855000.0,1929000.0]]]},"id":"855,1929","properties":{"bld_cover":0.1926,"bld_height":8.1321365234375,"id":"451"}},{"type":"Feature","geometry":{"geodesic":false,"crs":{"type":"name","properties":{"name":"EPSG:32643"}},"type":"Polygon","coordinates":[[[856000.0,1929000.0],[857000.0,1929000.0],[857000.0,1930000.0],[856000.0,1930000.0],[856000.0,1929000.0]]]},"id":"856,1929","properties":{"bld_cover":0.086,"bld_height":2.6641830078125,"id":"452"}},{"type":"Feature","geometry":{"geodesic":false,"crs":{"type":"name","properties":{"name":"EPSG:32643"}},"type":"Polygon","coordinates":[[[857000.0,1929000.0],[858000.0,1929000.0],[858000.0,1930000.0],[857000.0,1930000.0],[857000.0,1929000.0]]]},"id":"857,1929","properties":{"bld_cover":0.0844,"bld_height":1.4625537109375,"id":"453"}},{"type":"Feature","geometry":{"geodesic":false,"crs":{"type":"name","properties":{"name":"EPSG:32643"}},"type":"Polygon","coordinates":[[[858000.0,1929000.0],[859000.0,1929000.0],[859000.0,1930000.0],[858000.0,1930000.0],[858000.0,1929000.0]]]},"id":"858,1929","properties":{"bld_cover":0.1134,"bld_height":4.4778958984375,"id":"454"}},{"type":"Feature","geometry":{"geodesic":false,"crs":{"type":"name","properties":{"name":"EPSG:32643"}},"type":"Polygon","coordinates":[[[859000.0,1929000.0],[860000.0,1929000.0],[860000.0,1930000.0],[859000.0,1930000.0],[859000.0,1929000.0]]]},"id":"859,1929","properties":{"bld_cover":0.0977,"bld_height":1.8434353515625,"id":"455"}},{"type":"Feature","geometry":{"geodesic":false,"crs":{"type":"name","properties":{"name":"EPSG:32643"}},"type":"Polygon","coordinates":[[[860000.0,1929000.0],[861000.0,1929000.0],[861000.0,1930000.0],[860000.0,1930000.0],[860000.0,1929000.0]]]},"id":"860,1929","properties":{"bld_cover":0.0651,"bld_height":0.9856177734375,"id":"456"}},{"type":"Feature","geometry":{"geodesic":false,"crs":{"type":"name","properties":{"name":"EPSG:32643"}},"type":"Polygon","coordinates":[[[861000.0,1929000.0],[862000.0,1929000.0],[862000.0,1930000.0],[861000.0,1930000.0],[861000.0,1929000.0]]]},"id":"861,1929","properties":{"bld_cover":0.2345,"bld_height":3.2104326171875,"id":"457"}},{"type":"Feature","geometry":{"geodesic":false,"crs":{"type":"name","properties":{"name":"EPSG:32643"}},"type":"Polygon","coordinates":[[[862000.0,1929000.0],[863000.0,1929000.0],[863000.0,1930000.0],[862000.0,1930000.0],[862000.0,1929000.0]]]},"id":"862,1929","properties":{"bld_cover":0.1667,"bld_height":2.49766640625,"id":"458"}},{"type":"Feature","geometry":{"geodesic":false,"crs":{"type":"name","properties":{"name":"EPSG:32643"}},"type":"Polygon","coordinates":[[[863000.0,1929000.0],[864000.0,1929000.0],[864000.0,1930000.0],[863000.0,1930000.0],[863000.0,1929000.0]]]},"id":"863,1929","properties":{"bld_cover":0.0538,"bld_height":0.842989453125,"id":"459"}},{"type":"Feature","geometry":{"geodesic":false,"crs":{"type":"name","properties":{"name":"EPSG:32643"}},"type":"Polygon","coordinates":[[[864000.0,1929000.0],[865000.0,1929000.0],[865000.0,1930000.0],[864000.0,1930000.0],[864000.0,1929000.0]]]},"id":"864,1929","properties":{"bld_cover":0.2955,"bld_height":4.3886298828125,"id":"460"}},{"type":"Feature","geometry":{"geodesic":false,"crs":{"type":"name","properties":{"name":"EPSG:32643"}},"type":"Polygon","coordinates":[[[865000.0,1929000.0],[866000.0,1929000.0],[866000.0,1930000.0],[865000.0,1930000.0],[865000.0,1929000.0]]]},"id":"865,1929","properties":{"bld_cover":0.335,"bld_height":4.7928326171875,"id":"461"}},{"type":"Feature","geometry":{"geodesic":false,"crs":{"type":"name","properties":{"name":"EPSG:32643"}},"type":"Polygon","coordinates":[[[866000.0,1929000.0],[867000.0,1929000.0],[867000.0,1930000.0],[866000.0,1930000.0],[866000.0,1929000.0]]]},"id":"866,1929","properties":{"bld_cover":0.258,"bld_height":4.5120853515625,"id":"462"}},{"type":"Feature","geometry":{"geodesic":false,"crs":{"type":"name","properties":{"name":"EPSG:32643"}},"type":"Polygon","coordinates":[[[867000.0,1929000.0],[868000.0,1929000.0],[868000.0,1930000.0],[867000.0,1930000.0],[867000.0,1929000.0]]]},"id":"867,1929","properties":{"bld_cover":0.3369,"bld_height":6.4113640625,"id":"463"}},{"type":"Feature","geometry":{"geodesic":false,"crs":{"type":"name","properties":{"name":"EPSG:32643"}},"type":"Polygon","coordinates":[[[868000.0,1929000.0],[869000.0,1929000.0],[869000.0,1930000.0],[868000.0,1930000.0],[868000.0,1929000.0]]]},"id":"868,1929","properties":{"bld_cover":0.0662,"bld_height":0.8189517578125,"id":"464"}},{"type":"Feature","geometry":{"geodesic":false,"crs":{"type":"name","properties":{"name":"EPSG:32643"}},"type":"Polygon","coordinates":[[[869000.0,1929000.0],[870000.0,1929000.0],[870000.0,1930000.0],[869000.0,1930000.0],[869000.0,1929000.0]]]},"id":"869,1929","properties":{"bld_cover":0,"bld_height":0.002336328125,"id":"465"}},{"type":"Feature","geometry":{"geodesic":false,"crs":{"type":"name","properties":{"name":"EPSG:32643"}},"type":"Polygon","coordinates":[[[870000.0,1929000.0],[871000.0,1929000.0],[871000.0,1930000.0],[870000.0,1930000.0],[870000.0,1929000.0]]]},"id":"870,1929","properties":{"bld_cover":0.2455,"bld_height":3.189362109375,"id":"466"}},{"type":"Feature","geometry":{"geodesic":false,"crs":{"type":"name","properties":{"name":"EPSG:32643"}},"type":"Polygon","coordinates":[[[871000.0,1929000.0],[872000.0,1929000.0],[872000.0,1930000.0],[871000.0,1930000.0],[871000.0,1929000.0]]]},"id":"871,1929","properties":{"bld_cover":0.5002,"bld_height":6.3121599609375,"id":"467"}},{"type":"Feature","geometry":{"geodesic":false,"crs":{"type":"name","properties":{"name":"EPSG:32643"}},"type":"Polygon","coordinates":[[[872000.0,1929000.0],[873000.0,1929000.0],[873000.0,1930000.0],[872000.0,1930000.0],[872000.0,1929000.0]]]},"id":"872,1929","properties":{"bld_cover":0.4152,"bld_height":5.3198568359375,"id":"468"}},{"type":"Feature","geometry":{"geodesic":false,"crs":{"type":"name","properties":{"name":"EPSG:32643"}},"type":"Polygon","coordinates":[[[873000.0,1929000.0],[874000.0,1929000.0],[874000.0,1930000.0],[873000.0,1930000.0],[873000.0,1929000.0]]]},"id":"873,1929","properties":{"bld_cover":0.519,"bld_height":6.6601771484375,"id":"469"}},{"type":"Feature","geometry":{"geodesic":false,"crs":{"type":"name","properties":{"name":"EPSG:32643"}},"type":"Polygon","coordinates":[[[874000.0,1929000.0],[875000.0,1929000.0],[875000.0,1930000.0],[874000.0,1930000.0],[874000.0,1929000.0]]]},"id":"874,1929","properties":{"bld_cover":0.1828,"bld_height":2.4677724609375,"id":"470"}},{"type":"Feature","geometry":{"geodesic":false,"crs":{"type":"name","properties":{"name":"EPSG:32643"}},"type":"Polygon","coordinates":[[[875000.0,1929000.0],[876000.0,1929000.0],[876000.0,1930000.0],[875000.0,1930000.0],[875000.0,1929000.0]]]},"id":"875,1929","properties":{"bld_cover":0.0521,"bld_height":0.486127734375,"id":"471"}},{"type":"Feature","geometry":{"geodesic":false,"crs":{"type":"name","properties":{"name":"EPSG:32643"}},"type":"Polygon","coordinates":[[[876000.0,1929000.0],[877000.0,1929000.0],[877000.0,1930000.0],[876000.0,1930000.0],[876000.0,1929000.0]]]},"id":"876,1929","properties":{"bld_cover":0.227,"bld_height":2.9577267578125,"id":"472"}},{"type":"Feature","geometry":{"geodesic":false,"crs":{"type":"name","properties":{"name":"EPSG:32643"}},"type":"Polygon","coordinates":[[[877000.0,1929000.0],[878000.0,1929000.0],[878000.0,1930000.0],[877000.0,1930000.0],[877000.0,1929000.0]]]},"id":"877,1929","properties":{"bld_cover":0.1279,"bld_height":1.368026171875,"id":"473"}},{"type":"Feature","geometry":{"geodesic":false,"crs":{"type":"name","properties":{"name":"EPSG:32643"}},"type":"Polygon","coordinates":[[[878000.0,1929000.0],[879000.0,1929000.0],[879000.0,1930000.0],[878000.0,1930000.0],[878000.0,1929000.0]]]},"id":"878,1929","properties":{"bld_cover":0.3531,"bld_height":3.3478,"id":"474"}},{"type":"Feature","geometry":{"geodesic":false,"crs":{"type":"name","properties":{"name":"EPSG:32643"}},"type":"Polygon","coordinates":[[[879000.0,1929000.0],[880000.0,1929000.0],[880000.0,1930000.0],[879000.0,1930000.0],[879000.0,1929000.0]]]},"id":"879,1929","properties":{"bld_cover":0.3677,"bld_height":3.2056279296875,"id":"475"}},{"type":"Feature","geometry":{"geodesic":false,"crs":{"type":"name","properties":{"name":"EPSG:32643"}},"type":"Polygon","coordinates":[[[880000.0,1929000.0],[881000.0,1929000.0],[881000.0,1930000.0],[880000.0,1930000.0],[880000.0,1929000.0]]]},"id":"880,1929","properties":{"bld_cover":0.3766,"bld_height":3.267951171875,"id":"476"}},{"type":"Feature","geometry":{"geodesic":false,"crs":{"type":"name","properties":{"name":"EPSG:32643"}},"type":"Polygon","coordinates":[[[881000.0,1929000.0],[882000.0,1929000.0],[882000.0,1930000.0],[881000.0,1930000.0],[881000.0,1929000.0]]]},"id":"881,1929","properties":{"bld_cover":0.3764,"bld_height":2.994700390625,"id":"477"}},{"type":"Feature","geometry":{"geodesic":false,"crs":{"type":"name","properties":{"name":"EPSG:32643"}},"type":"Polygon","coordinates":[[[882000.0,1929000.0],[883000.0,1929000.0],[883000.0,1930000.0],[882000.0,1930000.0],[882000.0,1929000.0]]]},"id":"882,1929","properties":{"bld_cover":0.1225,"bld_height":1.307703125,"id":"478"}},{"type":"Feature","geometry":{"geodesic":false,"crs":{"type":"name","properties":{"name":"EPSG:32643"}},"type":"Polygon","coordinates":[[[850000.0,1930000.0],[851000.0,1930000.0],[851000.0,1931000.0],[850000.0,1931000.0],[850000.0,1930000.0]]]},"id":"850,1930","properties":{"bld_cover":0.0184,"bld_height":0.997980859375,"id":"479"}},{"type":"Feature","geometry":{"geodesic":false,"crs":{"type":"name","properties":{"name":"EPSG:32643"}},"type":"Polygon","coordinates":[[[851000.0,1930000.0],[852000.0,1930000.0],[852000.0,1931000.0],[851000.0,1931000.0],[851000.0,1930000.0]]]},"id":"851,1930","properties":{"bld_cover":0.0513,"bld_height":0.54467890625,"id":"480"}},{"type":"Feature","geometry":{"geodesic":false,"crs":{"type":"name","properties":{"name":"EPSG:32643"}},"type":"Polygon","coordinates":[[[852000.0,1930000.0],[853000.0,1930000.0],[853000.0,1931000.0],[852000.0,1931000.0],[852000.0,1930000.0]]]},"id":"852,1930","properties":{"bld_cover":0.0603,"bld_height":0.856579296875,"id":"481"}},{"type":"Feature","geometry":{"geodesic":false,"crs":{"type":"name","properties":{"name":"EPSG:32643"}},"type":"Polygon","coordinates":[[[853000.0,1930000.0],[854000.0,1930000.0],[854000.0,1931000.0],[853000.0,1931000.0],[853000.0,1930000.0]]]},"id":"853,1930","properties":{"bld_cover":0.134,"bld_height":2.6783966796875,"id":"482"}},{"type":"Feature","geometry":{"geodesic":false,"crs":{"type":"name","properties":{"name":"EPSG:32643"}},"type":"Polygon","coordinates":[[[854000.0,1930000.0],[855000.0,1930000.0],[855000.0,1931000.0],[854000.0,1931000.0],[854000.0,1930000.0]]]},"id":"854,1930","properties":{"bld_cover":0.138,"bld_height":2.43199296875,"id":"483"}},{"type":"Feature","geometry":{"geodesic":false,"crs":{"type":"name","properties":{"name":"EPSG:32643"}},"type":"Polygon","coordinates":[[[855000.0,1930000.0],[856000.0,1930000.0],[856000.0,1931000.0],[855000.0,1931000.0],[855000.0,1930000.0]]]},"id":"855,1930","properties":{"bld_cover":0.0599,"bld_height":1.4457271484375,"id":"484"}},{"type":"Feature","geometry":{"geodesic":false,"crs":{"type":"name","properties":{"name":"EPSG:32643"}},"type":"Polygon","coordinates":[[[856000.0,1930000.0],[857000.0,1930000.0],[857000.0,1931000.0],[856000.0,1931000.0],[856000.0,1930000.0]]]},"id":"856,1930","properties":{"bld_cover":0.0699,"bld_height":1.6646619140625,"id":"485"}},{"type":"Feature","geometry":{"geodesic":false,"crs":{"type":"name","properties":{"name":"EPSG:32643"}},"type":"Polygon","coordinates":[[[857000.0,1930000.0],[858000.0,1930000.0],[858000.0,1931000.0],[857000.0,1931000.0],[857000.0,1930000.0]]]},"id":"857,1930","properties":{"bld_cover":0.1822,"bld_height":2.82206875,"id":"486"}},{"type":"Feature","geometry":{"geodesic":false,"crs":{"type":"name","properties":{"name":"EPSG:32643"}},"type":"Polygon","coordinates":[[[858000.0,1930000.0],[859000.0,1930000.0],[859000.0,1931000.0],[858000.0,1931000.0],[858000.0,1930000.0]]]},"id":"858,1930","properties":{"bld_cover":0.1905,"bld_height":6.9716525390625,"id":"487"}},{"type":"Feature","geometry":{"geodesic":false,"crs":{"type":"name","properties":{"name":"EPSG:32643"}},"type":"Polygon","coordinates":[[[859000.0,1930000.0],[860000.0,1930000.0],[860000.0,1931000.0],[859000.0,1931000.0],[859000.0,1930000.0]]]},"id":"859,1930","properties":{"bld_cover":0.1746,"bld_height":10.3182244140625,"id":"488"}},{"type":"Feature","geometry":{"geodesic":false,"crs":{"type":"name","properties":{"name":"EPSG:32643"}},"type":"Polygon","coordinates":[[[860000.0,1930000.0],[861000.0,1930000.0],[861000.0,1931000.0],[860000.0,1931000.0],[860000.0,1930000.0]]]},"id":"860,1930","properties":{"bld_cover":0.0863,"bld_height":1.145403125,"id":"489"}},{"type":"Feature","geometry":{"geodesic":false,"crs":{"type":"name","properties":{"name":"EPSG:32643"}},"type":"Polygon","coordinates":[[[861000.0,1930000.0],[862000.0,1930000.0],[862000.0,1931000.0],[861000.0,1931000.0],[861000.0,1930000.0]]]},"id":"861,1930","properties":{"bld_cover":0.2442,"bld_height":2.9053083984375,"id":"490"}},{"type":"Feature","geometry":{"geodesic":false,"crs":{"type":"name","properties":{"name":"EPSG:32643"}},"type":"Polygon","coordinates":[[[862000.0,1930000.0],[863000.0,1930000.0],[863000.0,1931000.0],[862000.0,1931000.0],[862000.0,1930000.0]]]},"id":"862,1930","properties":{"bld_cover":0.2577,"bld_height":2.92798359375,"id":"491"}},{"type":"Feature","geometry":{"geodesic":false,"crs":{"type":"name","properties":{"name":"EPSG:32643"}},"type":"Polygon","coordinates":[[[863000.0,1930000.0],[864000.0,1930000.0],[864000.0,1931000.0],[863000.0,1931000.0],[863000.0,1930000.0]]]},"id":"863,1930","properties":{"bld_cover":0.3665,"bld_height":4.636699609375,"id":"492"}},{"type":"Feature","geometry":{"geodesic":false,"crs":{"type":"name","properties":{"name":"EPSG:32643"}},"type":"Polygon","coordinates":[[[864000.0,1930000.0],[865000.0,1930000.0],[865000.0,1931000.0],[864000.0,1931000.0],[864000.0,1930000.0]]]},"id":"864,1930","properties":{"bld_cover":0.4634,"bld_height":6.1060279296875,"id":"493"}},{"type":"Feature","geometry":{"geodesic":false,"crs":{"type":"name","properties":{"name":"EPSG:32643"}},"type":"Polygon","coordinates":[[[865000.0,1930000.0],[866000.0,1930000.0],[866000.0,1931000.0],[865000.0,1931000.0],[865000.0,1930000.0]]]},"id":"865,1930","properties":{"bld_cover":0.3882,"bld_height":5.9937701171875,"id":"494"}},{"type":"Feature","geometry":{"geodesic":false,"crs":{"type":"name","properties":{"name":"EPSG:32643"}},"type":"Polygon","coordinates":[[[866000.0,1930000.0],[867000.0,1930000.0],[867000.0,1931000.0],[866000.0,1931000.0],[866000.0,1930000.0]]]},"id":"866,1930","properties":{"bld_cover":0.3383,"bld_height":5.74941328125,"id":"495"}},{"type":"Feature","geometry":{"geodesic":false,"crs":{"type":"name","properties":{"name":"EPSG:32643"}},"type":"Polygon","coordinates":[[[867000.0,1930000.0],[868000.0,1930000.0],[868000.0,1931000.0],[867000.0,1931000.0],[867000.0,1930000.0]]]},"id":"867,1930","properties":{"bld_cover":0.269,"bld_height":4.2609365234375,"id":"496"}},{"type":"Feature","geometry":{"geodesic":false,"crs":{"type":"name","properties":{"name":"EPSG:32643"}},"type":"Polygon","coordinates":[[[868000.0,1930000.0],[869000.0,1930000.0],[869000.0,1931000.0],[868000.0,1931000.0],[868000.0,1930000.0]]]},"id":"868,1930","properties":{"bld_cover":0.0181,"bld_height":0.1447158203125,"id":"497"}},{"type":"Feature","geometry":{"geodesic":false,"crs":{"type":"name","properties":{"name":"EPSG:32643"}},"type":"Polygon","coordinates":[[[869000.0,1930000.0],[870000.0,1930000.0],[870000.0,1931000.0],[869000.0,1931000.0],[869000.0,1930000.0]]]},"id":"869,1930","properties":{"bld_cover":0.0033,"bld_height":0.0346076171875,"id":"498"}},{"type":"Feature","geometry":{"geodesic":false,"crs":{"type":"name","properties":{"name":"EPSG:32643"}},"type":"Polygon","coordinates":[[[870000.0,1930000.0],[871000.0,1930000.0],[871000.0,1931000.0],[870000.0,1931000.0],[870000.0,1930000.0]]]},"id":"870,1930","properties":{"bld_cover":0.235,"bld_height":3.0365404296875,"id":"499"}},{"type":"Feature","geometry":{"geodesic":false,"crs":{"type":"name","properties":{"name":"EPSG:32643"}},"type":"Polygon","coordinates":[[[871000.0,1930000.0],[872000.0,1930000.0],[872000.0,1931000.0],[871000.0,1931000.0],[871000.0,1930000.0]]]},"id":"871,1930","properties":{"bld_cover":0.4201,"bld_height":4.431380859375,"id":"500"}},{"type":"Feature","geometry":{"geodesic":false,"crs":{"type":"name","properties":{"name":"EPSG:32643"}},"type":"Polygon","coordinates":[[[872000.0,1930000.0],[873000.0,1930000.0],[873000.0,1931000.0],[872000.0,1931000.0],[872000.0,1930000.0]]]},"id":"872,1930","properties":{"bld_cover":0.2499,"bld_height":3.1085751953125,"id":"501"}},{"type":"Feature","geometry":{"geodesic":false,"crs":{"type":"name","properties":{"name":"EPSG:32643"}},"type":"Polygon","coordinates":[[[873000.0,1930000.0],[874000.0,1930000.0],[874000.0,1931000.0],[873000.0,1931000.0],[873000.0,1930000.0]]]},"id":"873,1930","properties":{"bld_cover":0.4154,"bld_height":5.09606171875,"id":"502"}},{"type":"Feature","geometry":{"geodesic":false,"crs":{"type":"name","properties":{"name":"EPSG:32643"}},"type":"Polygon","coordinates":[[[874000.0,1930000.0],[875000.0,1930000.0],[875000.0,1931000.0],[874000.0,1931000.0],[874000.0,1930000.0]]]},"id":"874,1930","properties":{"bld_cover":0.1752,"bld_height":2.1051541015625,"id":"503"}},{"type":"Feature","geometry":{"geodesic":false,"crs":{"type":"name","properties":{"name":"EPSG:32643"}},"type":"Polygon","coordinates":[[[875000.0,1930000.0],[876000.0,1930000.0],[876000.0,1931000.0],[875000.0,1931000.0],[875000.0,1930000.0]]]},"id":"875,1930","properties":{"bld_cover":0.2674,"bld_height":3.6941546875,"id":"504"}},{"type":"Feature","geometry":{"geodesic":false,"crs":{"type":"name","properties":{"name":"EPSG:32643"}},"type":"Polygon","coordinates":[[[876000.0,1930000.0],[877000.0,1930000.0],[877000.0,1931000.0],[876000.0,1931000.0],[876000.0,1930000.0]]]},"id":"876,1930","properties":{"bld_cover":0.3684,"bld_height":4.5945857421875,"id":"505"}},{"type":"Feature","geometry":{"geodesic":false,"crs":{"type":"name","properties":{"name":"EPSG:32643"}},"type":"Polygon","coordinates":[[[877000.0,1930000.0],[878000.0,1930000.0],[878000.0,1931000.0],[877000.0,1931000.0],[877000.0,1930000.0]]]},"id":"877,1930","properties":{"bld_cover":0.3939,"bld_height":4.908546875,"id":"506"}},{"type":"Feature","geometry":{"geodesic":false,"crs":{"type":"name","properties":{"name":"EPSG:32643"}},"type":"Polygon","coordinates":[[[878000.0,1930000.0],[879000.0,1930000.0],[879000.0,1931000.0],[878000.0,1931000.0],[878000.0,1930000.0]]]},"id":"878,1930","properties":{"bld_cover":0.2614,"bld_height":2.7778578125,"id":"507"}},{"type":"Feature","geometry":{"geodesic":false,"crs":{"type":"name","properties":{"name":"EPSG:32643"}},"type":"Polygon","coordinates":[[[879000.0,1930000.0],[880000.0,1930000.0],[880000.0,1931000.0],[879000.0,1931000.0],[879000.0,1930000.0]]]},"id":"879,1930","properties":{"bld_cover":0.1969,"bld_height":1.573623046875,"id":"508"}},{"type":"Feature","geometry":{"geodesic":false,"crs":{"type":"name","properties":{"name":"EPSG:32643"}},"type":"Polygon","coordinates":[[[880000.0,1930000.0],[881000.0,1930000.0],[881000.0,1931000.0],[880000.0,1931000.0],[880000.0,1930000.0]]]},"id":"880,1930","properties":{"bld_cover":0.2691,"bld_height":1.924053515625,"id":"509"}},{"type":"Feature","geometry":{"geodesic":false,"crs":{"type":"name","properties":{"name":"EPSG:32643"}},"type":"Polygon","coordinates":[[[881000.0,1930000.0],[882000.0,1930000.0],[882000.0,1931000.0],[881000.0,1931000.0],[881000.0,1930000.0]]]},"id":"881,1930","properties":{"bld_cover":0.2612,"bld_height":1.9994318359375,"id":"510"}},{"type":"Feature","geometry":{"geodesic":false,"crs":{"type":"name","properties":{"name":"EPSG:32643"}},"type":"Polygon","coordinates":[[[882000.0,1930000.0],[883000.0,1930000.0],[883000.0,1931000.0],[882000.0,1931000.0],[882000.0,1930000.0]]]},"id":"882,1930","properties":{"bld_cover":0.1191,"bld_height":1.523140625,"id":"511"}},{"type":"Feature","geometry":{"geodesic":false,"crs":{"type":"name","properties":{"name":"EPSG:32643"}},"type":"Polygon","coordinates":[[[850000.0,1931000.0],[851000.0,1931000.0],[851000.0,1932000.0],[850000.0,1932000.0],[850000.0,1931000.0]]]},"id":"850,1931","properties":{"bld_cover":0.0708,"bld_height":0.572810546875,"id":"512"}},{"type":"Feature","geometry":{"geodesic":false,"crs":{"type":"name","properties":{"name":"EPSG:32643"}},"type":"Polygon","coordinates":[[[851000.0,1931000.0],[852000.0,1931000.0],[852000.0,1932000.0],[851000.0,1932000.0],[851000.0,1931000.0]]]},"id":"851,1931","properties":{"bld_cover":0.0487,"bld_height":0.4336970703125,"id":"513"}},{"type":"Feature","geometry":{"geodesic":false,"crs":{"type":"name","properties":{"name":"EPSG:32643"}},"type":"Polygon","coordinates":[[[852000.0,1931000.0],[853000.0,1931000.0],[853000.0,1932000.0],[852000.0,1932000.0],[852000.0,1931000.0]]]},"id":"852,1931","properties":{"bld_cover":0.0141,"bld_height":0.1175517578125,"id":"514"}},{"type":"Feature","geometry":{"geodesic":false,"crs":{"type":"name","properties":{"name":"EPSG:32643"}},"type":"Polygon","coordinates":[[[853000.0,1931000.0],[854000.0,1931000.0],[854000.0,1932000.0],[853000.0,1932000.0],[853000.0,1931000.0]]]},"id":"853,1931","properties":{"bld_cover":0.1047,"bld_height":1.326596875,"id":"515"}},{"type":"Feature","geometry":{"geodesic":false,"crs":{"type":"name","properties":{"name":"EPSG:32643"}},"type":"Polygon","coordinates":[[[854000.0,1931000.0],[855000.0,1931000.0],[855000.0,1932000.0],[854000.0,1932000.0],[854000.0,1931000.0]]]},"id":"854,1931","properties":{"bld_cover":0.0991,"bld_height":0.8802771484375,"id":"516"}},{"type":"Feature","geometry":{"geodesic":false,"crs":{"type":"name","properties":{"name":"EPSG:32643"}},"type":"Polygon","coordinates":[[[855000.0,1931000.0],[856000.0,1931000.0],[856000.0,1932000.0],[855000.0,1932000.0],[855000.0,1931000.0]]]},"id":"855,1931","properties":{"bld_cover":0.0948,"bld_height":1.7398201171875,"id":"517"}},{"type":"Feature","geometry":{"geodesic":false,"crs":{"type":"name","properties":{"name":"EPSG:32643"}},"type":"Polygon","coordinates":[[[856000.0,1931000.0],[857000.0,1931000.0],[857000.0,1932000.0],[856000.0,1932000.0],[856000.0,1931000.0]]]},"id":"856,1931","properties":{"bld_cover":0.164,"bld_height":2.585157421875,"id":"518"}},{"type":"Feature","geometry":{"geodesic":false,"crs":{"type":"name","properties":{"name":"EPSG:32643"}},"type":"Polygon","coordinates":[[[857000.0,1931000.0],[858000.0,1931000.0],[858000.0,1932000.0],[857000.0,1932000.0],[857000.0,1931000.0]]]},"id":"857,1931","properties":{"bld_cover":0.2851,"bld_height":8.0500259765625,"id":"519"}},{"type":"Feature","geometry":{"geodesic":false,"crs":{"type":"name","properties":{"name":"EPSG:32643"}},"type":"Polygon","coordinates":[[[858000.0,1931000.0],[859000.0,1931000.0],[859000.0,1932000.0],[858000.0,1932000.0],[858000.0,1931000.0]]]},"id":"858,1931","properties":{"bld_cover":0.1662,"bld_height":5.0028673828125,"id":"520"}},{"type":"Feature","geometry":{"geodesic":false,"crs":{"type":"name","properties":{"name":"EPSG:32643"}},"type":"Polygon","coordinates":[[[859000.0,1931000.0],[860000.0,1931000.0],[860000.0,1932000.0],[859000.0,1932000.0],[859000.0,1931000.0]]]},"id":"859,1931","properties":{"bld_cover":0.2922,"bld_height":9.718118359375,"id":"521"}},{"type":"Feature","geometry":{"geodesic":false,"crs":{"type":"name","properties":{"name":"EPSG:32643"}},"type":"Polygon","coordinates":[[[860000.0,1931000.0],[861000.0,1931000.0],[861000.0,1932000.0],[860000.0,1932000.0],[860000.0,1931000.0]]]},"id":"860,1931","properties":{"bld_cover":0.3067,"bld_height":5.221687109375,"id":"522"}},{"type":"Feature","geometry":{"geodesic":false,"crs":{"type":"name","properties":{"name":"EPSG:32643"}},"type":"Polygon","coordinates":[[[861000.0,1931000.0],[862000.0,1931000.0],[862000.0,1932000.0],[861000.0,1932000.0],[861000.0,1931000.0]]]},"id":"861,1931","properties":{"bld_cover":0.1996,"bld_height":2.96367578125,"id":"523"}},{"type":"Feature","geometry":{"geodesic":false,"crs":{"type":"name","properties":{"name":"EPSG:32643"}},"type":"Polygon","coordinates":[[[862000.0,1931000.0],[863000.0,1931000.0],[863000.0,1932000.0],[862000.0,1932000.0],[862000.0,1931000.0]]]},"id":"862,1931","properties":{"bld_cover":0.2117,"bld_height":2.524290234375,"id":"524"}},{"type":"Feature","geometry":{"geodesic":false,"crs":{"type":"name","properties":{"name":"EPSG:32643"}},"type":"Polygon","coordinates":[[[863000.0,1931000.0],[864000.0,1931000.0],[864000.0,1932000.0],[863000.0,1932000.0],[863000.0,1931000.0]]]},"id":"863,1931","properties":{"bld_cover":0.2794,"bld_height":2.8487408203125,"id":"525"}},{"type":"Feature","geometry":{"geodesic":false,"crs":{"type":"name","properties":{"name":"EPSG:32643"}},"type":"Polygon","coordinates":[[[864000.0,1931000.0],[865000.0,1931000.0],[865000.0,1932000.0],[864000.0,1932000.0],[864000.0,1931000.0]]]},"id":"864,1931","properties":{"bld_cover":0.3646,"bld_height":4.57496171875,"id":"526"}},{"type":"Feature","geometry":{"geodesic":false,"crs":{"type":"name","properties":{"name":"EPSG:32643"}},"type":"Polygon","coordinates":[[[865000.0,1931000.0],[866000.0,1931000.0],[866000.0,1932000.0],[865000.0,1932000.0],[865000.0,1931000.0]]]},"id":"865,1931","properties":{"bld_cover":0.3774,"bld_height":5.6793951171875,"id":"527"}},{"type":"Feature","geometry":{"geodesic":false,"crs":{"type":"name","properties":{"name":"EPSG:32643"}},"type":"Polygon","coordinates":[[[866000.0,1931000.0],[867000.0,1931000.0],[867000.0,1932000.0],[866000.0,1932000.0],[866000.0,1931000.0]]]},"id":"866,1931","properties":{"bld_cover":0.4228,"bld_height":6.6189345703125,"id":"528"}},{"type":"Feature","geometry":{"geodesic":false,"crs":{"type":"name","properties":{"name":"EPSG:32643"}},"type":"Polygon","coordinates":[[[867000.0,1931000.0],[868000.0,1931000.0],[868000.0,1932000.0],[867000.0,1932000.0],[867000.0,1931000.0]]]},"id":"867,1931","properties":{"bld_cover":0.2928,"bld_height":4.718009765625,"id":"529"}},{"type":"Feature","geometry":{"geodesic":false,"crs":{"type":"name","properties":{"name":"EPSG:32643"}},"type":"Polygon","coordinates":[[[868000.0,1931000.0],[869000.0,1931000.0],[869000.0,1932000.0],[868000.0,1932000.0],[868000.0,1931000.0]]]},"id":"868,1931","properties":{"bld_cover":0.2645,"bld_height":3.8263294921875,"id":"530"}},{"type":"Feature","geometry":{"geodesic":false,"crs":{"type":"name","properties":{"name":"EPSG:32643"}},"type":"Polygon","coordinates":[[[869000.0,1931000.0],[870000.0,1931000.0],[870000.0,1932000.0],[869000.0,1932000.0],[869000.0,1931000.0]]]},"id":"869,1931","properties":{"bld_cover":0.2329,"bld_height":3.0604349609375,"id":"531"}},{"type":"Feature","geometry":{"geodesic":false,"crs":{"type":"name","properties":{"name":"EPSG:32643"}},"type":"Polygon","coordinates":[[[870000.0,1931000.0],[871000.0,1931000.0],[871000.0,1932000.0],[870000.0,1932000.0],[870000.0,1931000.0]]]},"id":"870,1931","properties":{"bld_cover":0.4602,"bld_height":6.6005560546875,"id":"532"}},{"type":"Feature","geometry":{"geodesic":false,"crs":{"type":"name","properties":{"name":"EPSG:32643"}},"type":"Polygon","coordinates":[[[871000.0,1931000.0],[872000.0,1931000.0],[872000.0,1932000.0],[871000.0,1932000.0],[871000.0,1931000.0]]]},"id":"871,1931","properties":{"bld_cover":0.426,"bld_height":5.9643880859375,"id":"533"}},{"type":"Feature","geometry":{"geodesic":false,"crs":{"type":"name","properties":{"name":"EPSG:32643"}},"type":"Polygon","coordinates":[[[872000.0,1931000.0],[873000.0,1931000.0],[873000.0,1932000.0],[872000.0,1932000.0],[872000.0,1931000.0]]]},"id":"872,1931","properties":{"bld_cover":0.2712,"bld_height":3.9731943359375,"id":"534"}},{"type":"Feature","geometry":{"geodesic":false,"crs":{"type":"name","properties":{"name":"EPSG:32643"}},"type":"Polygon","coordinates":[[[873000.0,1931000.0],[874000.0,1931000.0],[874000.0,1932000.0],[873000.0,1932000.0],[873000.0,1931000.0]]]},"id":"873,1931","properties":{"bld_cover":0.2096,"bld_height":2.4390646484375,"id":"535"}},{"type":"Feature","geometry":{"geodesic":false,"crs":{"type":"name","properties":{"name":"EPSG:32643"}},"type":"Polygon","coordinates":[[[874000.0,1931000.0],[875000.0,1931000.0],[875000.0,1932000.0],[874000.0,1932000.0],[874000.0,1931000.0]]]},"id":"874,1931","properties":{"bld_cover":0.1765,"bld_height":1.6306419921875,"id":"536"}},{"type":"Feature","geometry":{"geodesic":false,"crs":{"type":"name","properties":{"name":"EPSG:32643"}},"type":"Polygon","coordinates":[[[875000.0,1931000.0],[876000.0,1931000.0],[876000.0,1932000.0],[875000.0,1932000.0],[875000.0,1931000.0]]]},"id":"875,1931","properties":{"bld_cover":0.3629,"bld_height":3.8080001953125,"id":"537"}},{"type":"Feature","geometry":{"geodesic":false,"crs":{"type":"name","properties":{"name":"EPSG:32643"}},"type":"Polygon","coordinates":[[[876000.0,1931000.0],[877000.0,1931000.0],[877000.0,1932000.0],[876000.0,1932000.0],[876000.0,1931000.0]]]},"id":"876,1931","properties":{"bld_cover":0.273,"bld_height":2.6309548828125,"id":"538"}},{"type":"Feature","geometry":{"geodesic":false,"crs":{"type":"name","properties":{"name":"EPSG:32643"}},"type":"Polygon","coordinates":[[[877000.0,1931000.0],[878000.0,1931000.0],[878000.0,1932000.0],[877000.0,1932000.0],[877000.0,1931000.0]]]},"id":"877,1931","properties":{"bld_cover":0.208,"bld_height":2.114409375,"id":"539"}},{"type":"Feature","geometry":{"geodesic":false,"crs":{"type":"name","properties":{"name":"EPSG:32643"}},"type":"Polygon","coordinates":[[[878000.0,1931000.0],[879000.0,1931000.0],[879000.0,1932000.0],[878000.0,1932000.0],[878000.0,1931000.0]]]},"id":"878,1931","properties":{"bld_cover":0.264,"bld_height":2.3588904296875,"id":"540"}},{"type":"Feature","geometry":{"geodesic":false,"crs":{"type":"name","properties":{"name":"EPSG:32643"}},"type":"Polygon","coordinates":[[[879000.0,1931000.0],[880000.0,1931000.0],[880000.0,1932000.0],[879000.0,1932000.0],[879000.0,1931000.0]]]},"id":"879,1931","properties":{"bld_cover":0.3134,"bld_height":3.367320703125,"id":"541"}},{"type":"Feature","geometry":{"geodesic":false,"crs":{"type":"name","properties":{"name":"EPSG:32643"}},"type":"Polygon","coordinates":[[[880000.0,1931000.0],[881000.0,1931000.0],[881000.0,1932000.0],[880000.0,1932000.0],[880000.0,1931000.0]]]},"id":"880,1931","properties":{"bld_cover":0.1574,"bld_height":1.3370138671875,"id":"542"}},{"type":"Feature","geometry":{"geodesic":false,"crs":{"type":"name","properties":{"name":"EPSG:32643"}},"type":"Polygon","coordinates":[[[881000.0,1931000.0],[882000.0,1931000.0],[882000.0,1932000.0],[881000.0,1932000.0],[881000.0,1931000.0]]]},"id":"881,1931","properties":{"bld_cover":0.1697,"bld_height":1.213201171875,"id":"543"}},{"type":"Feature","geometry":{"geodesic":false,"crs":{"type":"name","properties":{"name":"EPSG:32643"}},"type":"Polygon","coordinates":[[[882000.0,1931000.0],[883000.0,1931000.0],[883000.0,1932000.0],[882000.0,1932000.0],[882000.0,1931000.0]]]},"id":"882,1931","properties":{"bld_cover":0.1106,"bld_height":1.5966734375,"id":"544"}},{"type":"Feature","geometry":{"geodesic":false,"crs":{"type":"name","properties":{"name":"EPSG:32643"}},"type":"Polygon","coordinates":[[[850000.0,1932000.0],[851000.0,1932000.0],[851000.0,1933000.0],[850000.0,1933000.0],[850000.0,1932000.0]]]},"id":"850,1932","properties":{"bld_cover":0.0972,"bld_height":2.6162712890625,"id":"545"}},{"type":"Feature","geometry":{"geodesic":false,"crs":{"type":"name","properties":{"name":"EPSG:32643"}},"type":"Polygon","coordinates":[[[851000.0,1932000.0],[852000.0,1932000.0],[852000.0,1933000.0],[851000.0,1933000.0],[851000.0,1932000.0]]]},"id":"851,1932","properties":{"bld_cover":0.1072,"bld_height":0.8784029296875,"id":"546"}},{"type":"Feature","geometry":{"geodesic":false,"crs":{"type":"name","properties":{"name":"EPSG:32643"}},"type":"Polygon","coordinates":[[[852000.0,1932000.0],[853000.0,1932000.0],[853000.0,1933000.0],[852000.0,1933000.0],[852000.0,1932000.0]]]},"id":"852,1932","properties":{"bld_cover":0.0506,"bld_height":0.4527240234375,"id":"547"}},{"type":"Feature","geometry":{"geodesic":false,"crs":{"type":"name","properties":{"name":"EPSG:32643"}},"type":"Polygon","coordinates":[[[853000.0,1932000.0],[854000.0,1932000.0],[854000.0,1933000.0],[853000.0,1933000.0],[853000.0,1932000.0]]]},"id":"853,1932","properties":{"bld_cover":0.0169,"bld_height":0.1216609375,"id":"548"}},{"type":"Feature","geometry":{"geodesic":false,"crs":{"type":"name","properties":{"name":"EPSG:32643"}},"type":"Polygon","coordinates":[[[854000.0,1932000.0],[855000.0,1932000.0],[855000.0,1933000.0],[854000.0,1933000.0],[854000.0,1932000.0]]]},"id":"854,1932","properties":{"bld_cover":0.0372,"bld_height":0.2553228515625,"id":"549"}},{"type":"Feature","geometry":{"geodesic":false,"crs":{"type":"name","properties":{"name":"EPSG:32643"}},"type":"Polygon","coordinates":[[[855000.0,1932000.0],[856000.0,1932000.0],[856000.0,1933000.0],[855000.0,1933000.0],[855000.0,1932000.0]]]},"id":"855,1932","properties":{"bld_cover":0.1025,"bld_height":1.46142734375,"id":"550"}},{"type":"Feature","geometry":{"geodesic":false,"crs":{"type":"name","properties":{"name":"EPSG:32643"}},"type":"Polygon","coordinates":[[[856000.0,1932000.0],[857000.0,1932000.0],[857000.0,1933000.0],[856000.0,1933000.0],[856000.0,1932000.0]]]},"id":"856,1932","properties":{"bld_cover":0.1483,"bld_height":3.2140341796875,"id":"551"}},{"type":"Feature","geometry":{"geodesic":false,"crs":{"type":"name","properties":{"name":"EPSG:32643"}},"type":"Polygon","coordinates":[[[857000.0,1932000.0],[858000.0,1932000.0],[858000.0,1933000.0],[857000.0,1933000.0],[857000.0,1932000.0]]]},"id":"857,1932","properties":{"bld_cover":0.2986,"bld_height":6.80106875,"id":"552"}},{"type":"Feature","geometry":{"geodesic":false,"crs":{"type":"name","properties":{"name":"EPSG:32643"}},"type":"Polygon","coordinates":[[[858000.0,1932000.0],[859000.0,1932000.0],[859000.0,1933000.0],[858000.0,1933000.0],[858000.0,1932000.0]]]},"id":"858,1932","properties":{"bld_cover":0.2307,"bld_height":6.42680703125,"id":"553"}},{"type":"Feature","geometry":{"geodesic":false,"crs":{"type":"name","properties":{"name":"EPSG:32643"}},"type":"Polygon","coordinates":[[[859000.0,1932000.0],[860000.0,1932000.0],[860000.0,1933000.0],[859000.0,1933000.0],[859000.0,1932000.0]]]},"id":"859,1932","properties":{"bld_cover":0.2503,"bld_height":5.226494140625,"id":"554"}},{"type":"Feature","geometry":{"geodesic":false,"crs":{"type":"name","properties":{"name":"EPSG:32643"}},"type":"Polygon","coordinates":[[[860000.0,1932000.0],[861000.0,1932000.0],[861000.0,1933000.0],[860000.0,1933000.0],[860000.0,1932000.0]]]},"id":"860,1932","properties":{"bld_cover":0.2702,"bld_height":4.2925060546875,"id":"555"}},{"type":"Feature","geometry":{"geodesic":false,"crs":{"type":"name","properties":{"name":"EPSG:32643"}},"type":"Polygon","coordinates":[[[861000.0,1932000.0],[862000.0,1932000.0],[862000.0,1933000.0],[861000.0,1933000.0],[861000.0,1932000.0]]]},"id":"861,1932","properties":{"bld_cover":0.2685,"bld_height":3.370923828125,"id":"556"}},{"type":"Feature","geometry":{"geodesic":false,"crs":{"type":"name","properties":{"name":"EPSG:32643"}},"type":"Polygon","coordinates":[[[862000.0,1932000.0],[863000.0,1932000.0],[863000.0,1933000.0],[862000.0,1933000.0],[862000.0,1932000.0]]]},"id":"862,1932","properties":{"bld_cover":0.4932,"bld_height":4.7738265625,"id":"557"}},{"type":"Feature","geometry":{"geodesic":false,"crs":{"type":"name","properties":{"name":"EPSG:32643"}},"type":"Polygon","coordinates":[[[863000.0,1932000.0],[864000.0,1932000.0],[864000.0,1933000.0],[863000.0,1933000.0],[863000.0,1932000.0]]]},"id":"863,1932","properties":{"bld_cover":0.444,"bld_height":5.391969140625,"id":"558"}},{"type":"Feature","geometry":{"geodesic":false,"crs":{"type":"name","properties":{"name":"EPSG:32643"}},"type":"Polygon","coordinates":[[[864000.0,1932000.0],[865000.0,1932000.0],[865000.0,1933000.0],[864000.0,1933000.0],[864000.0,1932000.0]]]},"id":"864,1932","properties":{"bld_cover":0.3198,"bld_height":3.3793498046875,"id":"559"}},{"type":"Feature","geometry":{"geodesic":false,"crs":{"type":"name","properties":{"name":"EPSG:32643"}},"type":"Polygon","coordinates":[[[865000.0,1932000.0],[866000.0,1932000.0],[866000.0,1933000.0],[865000.0,1933000.0],[865000.0,1932000.0]]]},"id":"865,1932","properties":{"bld_cover":0.328,"bld_height":4.2780384765625,"id":"560"}},{"type":"Feature","geometry":{"geodesic":false,"crs":{"type":"name","properties":{"name":"EPSG:32643"}},"type":"Polygon","coordinates":[[[866000.0,1932000.0],[867000.0,1932000.0],[867000.0,1933000.0],[866000.0,1933000.0],[866000.0,1932000.0]]]},"id":"866,1932","properties":{"bld_cover":0.3769,"bld_height":4.206818359375,"id":"561"}},{"type":"Feature","geometry":{"geodesic":false,"crs":{"type":"name","properties":{"name":"EPSG:32643"}},"type":"Polygon","coordinates":[[[867000.0,1932000.0],[868000.0,1932000.0],[868000.0,1933000.0],[867000.0,1933000.0],[867000.0,1932000.0]]]},"id":"867,1932","properties":{"bld_cover":0.1572,"bld_height":2.190454296875,"id":"562"}},{"type":"Feature","geometry":{"geodesic":false,"crs":{"type":"name","properties":{"name":"EPSG:32643"}},"type":"Polygon","coordinates":[[[868000.0,1932000.0],[869000.0,1932000.0],[869000.0,1933000.0],[868000.0,1933000.0],[868000.0,1932000.0]]]},"id":"868,1932","properties":{"bld_cover":0.1714,"bld_height":2.3518638671875,"id":"563"}},{"type":"Feature","geometry":{"geodesic":false,"crs":{"type":"name","properties":{"name":"EPSG:32643"}},"type":"Polygon","coordinates":[[[869000.0,1932000.0],[870000.0,1932000.0],[870000.0,1933000.0],[869000.0,1933000.0],[869000.0,1932000.0]]]},"id":"869,1932","properties":{"bld_cover":0.4018,"bld_height":3.673510546875,"id":"564"}},{"type":"Feature","geometry":{"geodesic":false,"crs":{"type":"name","properties":{"name":"EPSG:32643"}},"type":"Polygon","coordinates":[[[870000.0,1932000.0],[871000.0,1932000.0],[871000.0,1933000.0],[870000.0,1933000.0],[870000.0,1932000.0]]]},"id":"870,1932","properties":{"bld_cover":0.1469,"bld_height":1.10497734375,"id":"565"}},{"type":"Feature","geometry":{"geodesic":false,"crs":{"type":"name","properties":{"name":"EPSG:32643"}},"type":"Polygon","coordinates":[[[871000.0,1932000.0],[872000.0,1932000.0],[872000.0,1933000.0],[871000.0,1933000.0],[871000.0,1932000.0]]]},"id":"871,1932","properties":{"bld_cover":0.1949,"bld_height":1.948984375,"id":"566"}},{"type":"Feature","geometry":{"geodesic":false,"crs":{"type":"name","properties":{"name":"EPSG:32643"}},"type":"Polygon","coordinates":[[[872000.0,1932000.0],[873000.0,1932000.0],[873000.0,1933000.0],[872000.0,1933000.0],[872000.0,1932000.0]]]},"id":"872,1932","properties":{"bld_cover":0.4233,"bld_height":5.704021875,"id":"567"}},{"type":"Feature","geometry":{"geodesic":false,"crs":{"type":"name","properties":{"name":"EPSG:32643"}},"type":"Polygon","coordinates":[[[873000.0,1932000.0],[874000.0,1932000.0],[874000.0,1933000.0],[873000.0,1933000.0],[873000.0,1932000.0]]]},"id":"873,1932","properties":{"bld_cover":0.3478,"bld_height":4.0538158203125,"id":"568"}},{"type":"Feature","geometry":{"geodesic":false,"crs":{"type":"name","properties":{"name":"EPSG:32643"}},"type":"Polygon","coordinates":[[[874000.0,1932000.0],[875000.0,1932000.0],[875000.0,1933000.0],[874000.0,1933000.0],[874000.0,1932000.0]]]},"id":"874,1932","properties":{"bld_cover":0.3547,"bld_height":3.4234568359375,"id":"569"}},{"type":"Feature","geometry":{"geodesic":false,"crs":{"type":"name","properties":{"name":"EPSG:32643"}},"type":"Polygon","coordinates":[[[875000.0,1932000.0],[876000.0,1932000.0],[876000.0,1933000.0],[875000.0,1933000.0],[875000.0,1932000.0]]]},"id":"875,1932","properties":{"bld_cover":0.4384,"bld_height":4.3814244140625,"id":"570"}},{"type":"Feature","geometry":{"geodesic":false,"crs":{"type":"name","properties":{"name":"EPSG:32643"}},"type":"Polygon","coordinates":[[[876000.0,1932000.0],[877000.0,1932000.0],[877000.0,1933000.0],[876000.0,1933000.0],[876000.0,1932000.0]]]},"id":"876,1932","properties":{"bld_cover":0.3129,"bld_height":2.893217578125,"id":"571"}},{"type":"Feature","geometry":{"geodesic":false,"crs":{"type":"name","properties":{"name":"EPSG:32643"}},"type":"Polygon","coordinates":[[[877000.0,1932000.0],[878000.0,1932000.0],[878000.0,1933000.0],[877000.0,1933000.0],[877000.0,1932000.0]]]},"id":"877,1932","properties":{"bld_cover":0.0726,"bld_height":0.6541587890625,"id":"572"}},{"type":"Feature","geometry":{"geodesic":false,"crs":{"type":"name","properties":{"name":"EPSG:32643"}},"type":"Polygon","coordinates":[[[878000.0,1932000.0],[879000.0,1932000.0],[879000.0,1933000.0],[878000.0,1933000.0],[878000.0,1932000.0]]]},"id":"878,1932","properties":{"bld_cover":0.2098,"bld_height":2.299543359375,"id":"573"}},{"type":"Feature","geometry":{"geodesic":false,"crs":{"type":"name","properties":{"name":"EPSG:32643"}},"type":"Polygon","coordinates":[[[879000.0,1932000.0],[880000.0,1932000.0],[880000.0,1933000.0],[879000.0,1933000.0],[879000.0,1932000.0]]]},"id":"879,1932","properties":{"bld_cover":0.2823,"bld_height":3.321252734375,"id":"574"}},{"type":"Feature","geometry":{"geodesic":false,"crs":{"type":"name","properties":{"name":"EPSG:32643"}},"type":"Polygon","coordinates":[[[880000.0,1932000.0],[881000.0,1932000.0],[881000.0,1933000.0],[880000.0,1933000.0],[880000.0,1932000.0]]]},"id":"880,1932","properties":{"bld_cover":0.2732,"bld_height":2.8307525390625,"id":"575"}},{"type":"Feature","geometry":{"geodesic":false,"crs":{"type":"name","properties":{"name":"EPSG:32643"}},"type":"Polygon","coordinates":[[[881000.0,1932000.0],[882000.0,1932000.0],[882000.0,1933000.0],[881000.0,1933000.0],[881000.0,1932000.0]]]},"id":"881,1932","properties":{"bld_cover":0.0477,"bld_height":0.413172265625,"id":"576"}},{"type":"Feature","geometry":{"geodesic":false,"crs":{"type":"name","properties":{"name":"EPSG:32643"}},"type":"Polygon","coordinates":[[[882000.0,1932000.0],[883000.0,1932000.0],[883000.0,1933000.0],[882000.0,1933000.0],[882000.0,1932000.0]]]},"id":"882,1932","properties":{"bld_cover":0.0797,"bld_height":0.64526484375,"id":"577"}},{"type":"Feature","geometry":{"geodesic":false,"crs":{"type":"name","properties":{"name":"EPSG:32643"}},"type":"Polygon","coordinates":[[[850000.0,1933000.0],[851000.0,1933000.0],[851000.0,1934000.0],[850000.0,1934000.0],[850000.0,1933000.0]]]},"id":"850,1933","properties":{"bld_cover":0.0573,"bld_height":1.7947287109375,"id":"578"}},{"type":"Feature","geometry":{"geodesic":false,"crs":{"type":"name","properties":{"name":"EPSG:32643"}},"type":"Polygon","coordinates":[[[851000.0,1933000.0],[852000.0,1933000.0],[852000.0,1934000.0],[851000.0,1934000.0],[851000.0,1933000.0]]]},"id":"851,1933","properties":{"bld_cover":0.1541,"bld_height":3.736616796875,"id":"579"}},{"type":"Feature","geometry":{"geodesic":false,"crs":{"type":"name","properties":{"name":"EPSG:32643"}},"type":"Polygon","coordinates":[[[852000.0,1933000.0],[853000.0,1933000.0],[853000.0,1934000.0],[852000.0,1934000.0],[852000.0,1933000.0]]]},"id":"852,1933","properties":{"bld_cover":0.0177,"bld_height":0.305796875,"id":"580"}},{"type":"Feature","geometry":{"geodesic":false,"crs":{"type":"name","properties":{"name":"EPSG:32643"}},"type":"Polygon","coordinates":[[[853000.0,1933000.0],[854000.0,1933000.0],[854000.0,1934000.0],[853000.0,1934000.0],[853000.0,1933000.0]]]},"id":"853,1933","properties":{"bld_cover":0.0481,"bld_height":0.31425,"id":"581"}},{"type":"Feature","geometry":{"geodesic":false,"crs":{"type":"name","properties":{"name":"EPSG:32643"}},"type":"Polygon","coordinates":[[[854000.0,1933000.0],[855000.0,1933000.0],[855000.0,1934000.0],[854000.0,1934000.0],[854000.0,1933000.0]]]},"id":"854,1933","properties":{"bld_cover":0.0581,"bld_height":1.484470703125,"id":"582"}},{"type":"Feature","geometry":{"geodesic":false,"crs":{"type":"name","properties":{"name":"EPSG:32643"}},"type":"Polygon","coordinates":[[[855000.0,1933000.0],[856000.0,1933000.0],[856000.0,1934000.0],[855000.0,1934000.0],[855000.0,1933000.0]]]},"id":"855,1933","properties":{"bld_cover":0.2052,"bld_height":4.4992015625,"id":"583"}},{"type":"Feature","geometry":{"geodesic":false,"crs":{"type":"name","properties":{"name":"EPSG:32643"}},"type":"Polygon","coordinates":[[[856000.0,1933000.0],[857000.0,1933000.0],[857000.0,1934000.0],[856000.0,1934000.0],[856000.0,1933000.0]]]},"id":"856,1933","properties":{"bld_cover":0.1577,"bld_height":2.4452271484375,"id":"584"}},{"type":"Feature","geometry":{"geodesic":false,"crs":{"type":"name","properties":{"name":"EPSG:32643"}},"type":"Polygon","coordinates":[[[857000.0,1933000.0],[858000.0,1933000.0],[858000.0,1934000.0],[857000.0,1934000.0],[857000.0,1933000.0]]]},"id":"857,1933","properties":{"bld_cover":0.2684,"bld_height":7.1742283203125,"id":"585"}},{"type":"Feature","geometry":{"geodesic":false,"crs":{"type":"name","properties":{"name":"EPSG:32643"}},"type":"Polygon","coordinates":[[[858000.0,1933000.0],[859000.0,1933000.0],[859000.0,1934000.0],[858000.0,1934000.0],[858000.0,1933000.0]]]},"id":"858,1933","properties":{"bld_cover":0.2009,"bld_height":4.806962890625,"id":"586"}},{"type":"Feature","geometry":{"geodesic":false,"crs":{"type":"name","properties":{"name":"EPSG:32643"}},"type":"Polygon","coordinates":[[[859000.0,1933000.0],[860000.0,1933000.0],[860000.0,1934000.0],[859000.0,1934000.0],[859000.0,1933000.0]]]},"id":"859,1933","properties":{"bld_cover":0.1384,"bld_height":2.3724005859375,"id":"587"}},{"type":"Feature","geometry":{"geodesic":false,"crs":{"type":"name","properties":{"name":"EPSG:32643"}},"type":"Polygon","coordinates":[[[860000.0,1933000.0],[861000.0,1933000.0],[861000.0,1934000.0],[860000.0,1934000.0],[860000.0,1933000.0]]]},"id":"860,1933","properties":{"bld_cover":0.1495,"bld_height":2.0173138671875,"id":"588"}},{"type":"Feature","geometry":{"geodesic":false,"crs":{"type":"name","properties":{"name":"EPSG:32643"}},"type":"Polygon","coordinates":[[[861000.0,1933000.0],[862000.0,1933000.0],[862000.0,1934000.0],[861000.0,1934000.0],[861000.0,1933000.0]]]},"id":"861,1933","properties":{"bld_cover":0.4145,"bld_height":4.795665625,"id":"589"}},{"type":"Feature","geometry":{"geodesic":false,"crs":{"type":"name","properties":{"name":"EPSG:32643"}},"type":"Polygon","coordinates":[[[862000.0,1933000.0],[863000.0,1933000.0],[863000.0,1934000.0],[862000.0,1934000.0],[862000.0,1933000.0]]]},"id":"862,1933","properties":{"bld_cover":0.492,"bld_height":4.0142517578125,"id":"590"}},{"type":"Feature","geometry":{"geodesic":false,"crs":{"type":"name","properties":{"name":"EPSG:32643"}},"type":"Polygon","coordinates":[[[863000.0,1933000.0],[864000.0,1933000.0],[864000.0,1934000.0],[863000.0,1934000.0],[863000.0,1933000.0]]]},"id":"863,1933","properties":{"bld_cover":0.4072,"bld_height":4.4501037109375,"id":"591"}},{"type":"Feature","geometry":{"geodesic":false,"crs":{"type":"name","properties":{"name":"EPSG:32643"}},"type":"Polygon","coordinates":[[[864000.0,1933000.0],[865000.0,1933000.0],[865000.0,1934000.0],[864000.0,1934000.0],[864000.0,1933000.0]]]},"id":"864,1933","properties":{"bld_cover":0.3421,"bld_height":4.6585115234375,"id":"592"}},{"type":"Feature","geometry":{"geodesic":false,"crs":{"type":"name","properties":{"name":"EPSG:32643"}},"type":"Polygon","coordinates":[[[865000.0,1933000.0],[866000.0,1933000.0],[866000.0,1934000.0],[865000.0,1934000.0],[865000.0,1933000.0]]]},"id":"865,1933","properties":{"bld_cover":0.3655,"bld_height":4.0341763671875,"id":"593"}},{"type":"Feature","geometry":{"geodesic":false,"crs":{"type":"name","properties":{"name":"EPSG:32643"}},"type":"Polygon","coordinates":[[[866000.0,1933000.0],[867000.0,1933000.0],[867000.0,1934000.0],[866000.0,1934000.0],[866000.0,1933000.0]]]},"id":"866,1933","properties":{"bld_cover":0.4277,"bld_height":4.4497201171875,"id":"594"}},{"type":"Feature","geometry":{"geodesic":false,"crs":{"type":"name","properties":{"name":"EPSG:32643"}},"type":"Polygon","coordinates":[[[867000.0,1933000.0],[868000.0,1933000.0],[868000.0,1934000.0],[867000.0,1934000.0],[867000.0,1933000.0]]]},"id":"867,1933","properties":{"bld_cover":0.155,"bld_height":1.4932138671875,"id":"595"}},{"type":"Feature","geometry":{"geodesic":false,"crs":{"type":"name","properties":{"name":"EPSG:32643"}},"type":"Polygon","coordinates":[[[868000.0,1933000.0],[869000.0,1933000.0],[869000.0,1934000.0],[868000.0,1934000.0],[868000.0,1933000.0]]]},"id":"868,1933","properties":{"bld_cover":0.0879,"bld_height":0.7246431640625,"id":"596"}},{"type":"Feature","geometry":{"geodesic":false,"crs":{"type":"name","properties":{"name":"EPSG:32643"}},"type":"Polygon","coordinates":[[[869000.0,1933000.0],[870000.0,1933000.0],[870000.0,1934000.0],[869000.0,1934000.0],[869000.0,1933000.0]]]},"id":"869,1933","properties":{"bld_cover":0.1745,"bld_height":1.6187123046875,"id":"597"}},{"type":"Feature","geometry":{"geodesic":false,"crs":{"type":"name","properties":{"name":"EPSG:32643"}},"type":"Polygon","coordinates":[[[870000.0,1933000.0],[871000.0,1933000.0],[871000.0,1934000.0],[870000.0,1934000.0],[870000.0,1933000.0]]]},"id":"870,1933","properties":{"bld_cover":0.2592,"bld_height":2.09257265625,"id":"598"}},{"type":"Feature","geometry":{"geodesic":false,"crs":{"type":"name","properties":{"name":"EPSG:32643"}},"type":"Polygon","coordinates":[[[871000.0,1933000.0],[872000.0,1933000.0],[872000.0,1934000.0],[871000.0,1934000.0],[871000.0,1933000.0]]]},"id":"871,1933","properties":{"bld_cover":0.3294,"bld_height":2.854567578125,"id":"599"}},{"type":"Feature","geometry":{"geodesic":false,"crs":{"type":"name","properties":{"name":"EPSG:32643"}},"type":"Polygon","coordinates":[[[872000.0,1933000.0],[873000.0,1933000.0],[873000.0,1934000.0],[872000.0,1934000.0],[872000.0,1933000.0]]]},"id":"872,1933","properties":{"bld_cover":0.3554,"bld_height":3.5950375,"id":"600"}},{"type":"Feature","geometry":{"geodesic":false,"crs":{"type":"name","properties":{"name":"EPSG:32643"}},"type":"Polygon","coordinates":[[[873000.0,1933000.0],[874000.0,1933000.0],[874000.0,1934000.0],[873000.0,1934000.0],[873000.0,1933000.0]]]},"id":"873,1933","properties":{"bld_cover":0.1214,"bld_height":1.1010763671875,"id":"601"}},{"type":"Feature","geometry":{"geodesic":false,"crs":{"type":"name","properties":{"name":"EPSG:32643"}},"type":"Polygon","coordinates":[[[874000.0,1933000.0],[875000.0,1933000.0],[875000.0,1934000.0],[874000.0,1934000.0],[874000.0,1933000.0]]]},"id":"874,1933","properties":{"bld_cover":0.1439,"bld_height":1.547112109375,"id":"602"}},{"type":"Feature","geometry":{"geodesic":false,"crs":{"type":"name","properties":{"name":"EPSG:32643"}},"type":"Polygon","coordinates":[[[875000.0,1933000.0],[876000.0,1933000.0],[876000.0,1934000.0],[875000.0,1934000.0],[875000.0,1933000.0]]]},"id":"875,1933","properties":{"bld_cover":0.3813,"bld_height":4.4493658203125,"id":"603"}},{"type":"Feature","geometry":{"geodesic":false,"crs":{"type":"name","properties":{"name":"EPSG:32643"}},"type":"Polygon","coordinates":[[[876000.0,1933000.0],[877000.0,1933000.0],[877000.0,1934000.0],[876000.0,1934000.0],[876000.0,1933000.0]]]},"id":"876,1933","properties":{"bld_cover":0.3613,"bld_height":3.487962109375,"id":"604"}},{"type":"Feature","geometry":{"geodesic":false,"crs":{"type":"name","properties":{"name":"EPSG:32643"}},"type":"Polygon","coordinates":[[[877000.0,1933000.0],[878000.0,1933000.0],[878000.0,1934000.0],[877000.0,1934000.0],[877000.0,1933000.0]]]},"id":"877,1933","properties":{"bld_cover":0.1712,"bld_height":1.5396421875,"id":"605"}},{"type":"Feature","geometry":{"geodesic":false,"crs":{"type":"name","properties":{"name":"EPSG:32643"}},"type":"Polygon","coordinates":[[[878000.0,1933000.0],[879000.0,1933000.0],[879000.0,1934000.0],[878000.0,1934000.0],[878000.0,1933000.0]]]},"id":"878,1933","properties":{"bld_cover":0.3812,"bld_height":3.8811814453125,"id":"606"}},{"type":"Feature","geometry":{"geodesic":false,"crs":{"type":"name","properties":{"name":"EPSG:32643"}},"type":"Polygon","coordinates":[[[879000.0,1933000.0],[880000.0,1933000.0],[880000.0,1934000.0],[879000.0,1934000.0],[879000.0,1933000.0]]]},"id":"879,1933","properties":{"bld_cover":0.2839,"bld_height":2.8306236328125,"id":"607"}},{"type":"Feature","geometry":{"geodesic":false,"crs":{"type":"name","properties":{"name":"EPSG:32643"}},"type":"Polygon","coordinates":[[[880000.0,1933000.0],[881000.0,1933000.0],[881000.0,1934000.0],[880000.0,1934000.0],[880000.0,1933000.0]]]},"id":"880,1933","properties":{"bld_cover":0.1003,"bld_height":1.06639609375,"id":"608"}},{"type":"Feature","geometry":{"geodesic":false,"crs":{"type":"name","properties":{"name":"EPSG:32643"}},"type":"Polygon","coordinates":[[[881000.0,1933000.0],[882000.0,1933000.0],[882000.0,1934000.0],[881000.0,1934000.0],[881000.0,1933000.0]]]},"id":"881,1933","properties":{"bld_cover":0.0967,"bld_height":0.883094140625,"id":"609"}},{"type":"Feature","geometry":{"geodesic":false,"crs":{"type":"name","properties":{"name":"EPSG:32643"}},"type":"Polygon","coordinates":[[[882000.0,1933000.0],[883000.0,1933000.0],[883000.0,1934000.0],[882000.0,1934000.0],[882000.0,1933000.0]]]},"id":"882,1933","properties":{"bld_cover":0.108,"bld_height":1.697935546875,"id":"610"}},{"type":"Feature","geometry":{"geodesic":false,"crs":{"type":"name","properties":{"name":"EPSG:32643"}},"type":"Polygon","coordinates":[[[850000.0,1934000.0],[851000.0,1934000.0],[851000.0,1935000.0],[850000.0,1935000.0],[850000.0,1934000.0]]]},"id":"850,1934","properties":{"bld_cover":0.0241,"bld_height":0.4239888671875,"id":"611"}},{"type":"Feature","geometry":{"geodesic":false,"crs":{"type":"name","properties":{"name":"EPSG:32643"}},"type":"Polygon","coordinates":[[[851000.0,1934000.0],[852000.0,1934000.0],[852000.0,1935000.0],[851000.0,1935000.0],[851000.0,1934000.0]]]},"id":"851,1934","properties":{"bld_cover":0.1589,"bld_height":4.6659884765625,"id":"612"}},{"type":"Feature","geometry":{"geodesic":false,"crs":{"type":"name","properties":{"name":"EPSG:32643"}},"type":"Polygon","coordinates":[[[852000.0,1934000.0],[853000.0,1934000.0],[853000.0,1935000.0],[852000.0,1935000.0],[852000.0,1934000.0]]]},"id":"852,1934","properties":{"bld_cover":0.0178,"bld_height":0.2002642578125,"id":"613"}},{"type":"Feature","geometry":{"geodesic":false,"crs":{"type":"name","properties":{"name":"EPSG:32643"}},"type":"Polygon","coordinates":[[[853000.0,1934000.0],[854000.0,1934000.0],[854000.0,1935000.0],[853000.0,1935000.0],[853000.0,1934000.0]]]},"id":"853,1934","properties":{"bld_cover":0.0573,"bld_height":0.6390375,"id":"614"}},{"type":"Feature","geometry":{"geodesic":false,"crs":{"type":"name","properties":{"name":"EPSG:32643"}},"type":"Polygon","coordinates":[[[854000.0,1934000.0],[855000.0,1934000.0],[855000.0,1935000.0],[854000.0,1935000.0],[854000.0,1934000.0]]]},"id":"854,1934","properties":{"bld_cover":0.2256,"bld_height":4.66172734375,"id":"615"}},{"type":"Feature","geometry":{"geodesic":false,"crs":{"type":"name","properties":{"name":"EPSG:32643"}},"type":"Polygon","coordinates":[[[855000.0,1934000.0],[856000.0,1934000.0],[856000.0,1935000.0],[855000.0,1935000.0],[855000.0,1934000.0]]]},"id":"855,1934","properties":{"bld_cover":0.2461,"bld_height":4.3584484375,"id":"616"}},{"type":"Feature","geometry":{"geodesic":false,"crs":{"type":"name","properties":{"name":"EPSG:32643"}},"type":"Polygon","coordinates":[[[856000.0,1934000.0],[857000.0,1934000.0],[857000.0,1935000.0],[856000.0,1935000.0],[856000.0,1934000.0]]]},"id":"856,1934","properties":{"bld_cover":0.2425,"bld_height":3.6685873046875,"id":"617"}},{"type":"Feature","geometry":{"geodesic":false,"crs":{"type":"name","properties":{"name":"EPSG:32643"}},"type":"Polygon","coordinates":[[[857000.0,1934000.0],[858000.0,1934000.0],[858000.0,1935000.0],[857000.0,1935000.0],[857000.0,1934000.0]]]},"id":"857,1934","properties":{"bld_cover":0.3047,"bld_height":5.641094921875,"id":"618"}},{"type":"Feature","geometry":{"geodesic":false,"crs":{"type":"name","properties":{"name":"EPSG:32643"}},"type":"Polygon","coordinates":[[[858000.0,1934000.0],[859000.0,1934000.0],[859000.0,1935000.0],[858000.0,1935000.0],[858000.0,1934000.0]]]},"id":"858,1934","properties":{"bld_cover":0.2246,"bld_height":3.2530931640625,"id":"619"}},{"type":"Feature","geometry":{"geodesic":false,"crs":{"type":"name","properties":{"name":"EPSG:32643"}},"type":"Polygon","coordinates":[[[859000.0,1934000.0],[860000.0,1934000.0],[860000.0,1935000.0],[859000.0,1935000.0],[859000.0,1934000.0]]]},"id":"859,1934","properties":{"bld_cover":0.0814,"bld_height":1.9742181640625,"id":"620"}},{"type":"Feature","geometry":{"geodesic":false,"crs":{"type":"name","properties":{"name":"EPSG:32643"}},"type":"Polygon","coordinates":[[[860000.0,1934000.0],[861000.0,1934000.0],[861000.0,1935000.0],[860000.0,1935000.0],[860000.0,1934000.0]]]},"id":"860,1934","properties":{"bld_cover":0.0745,"bld_height":1.3503474609375,"id":"621"}},{"type":"Feature","geometry":{"geodesic":false,"crs":{"type":"name","properties":{"name":"EPSG:32643"}},"type":"Polygon","coordinates":[[[861000.0,1934000.0],[862000.0,1934000.0],[862000.0,1935000.0],[861000.0,1935000.0],[861000.0,1934000.0]]]},"id":"861,1934","properties":{"bld_cover":0.1044,"bld_height":1.9916806640625,"id":"622"}},{"type":"Feature","geometry":{"geodesic":false,"crs":{"type":"name","properties":{"name":"EPSG:32643"}},"type":"Polygon","coordinates":[[[862000.0,1934000.0],[863000.0,1934000.0],[863000.0,1935000.0],[862000.0,1935000.0],[862000.0,1934000.0]]]},"id":"862,1934","properties":{"bld_cover":0.1103,"bld_height":2.349120703125,"id":"623"}},{"type":"Feature","geometry":{"geodesic":false,"crs":{"type":"name","properties":{"name":"EPSG:32643"}},"type":"Polygon","coordinates":[[[863000.0,1934000.0],[864000.0,1934000.0],[864000.0,1935000.0],[863000.0,1935000.0],[863000.0,1934000.0]]]},"id":"863,1934","properties":{"bld_cover":0.4212,"bld_height":4.3157962890625,"id":"624"}},{"type":"Feature","geometry":{"geodesic":false,"crs":{"type":"name","properties":{"name":"EPSG:32643"}},"type":"Polygon","coordinates":[[[864000.0,1934000.0],[865000.0,1934000.0],[865000.0,1935000.0],[864000.0,1935000.0],[864000.0,1934000.0]]]},"id":"864,1934","properties":{"bld_cover":0.3248,"bld_height":3.192379296875,"id":"625"}},{"type":"Feature","geometry":{"geodesic":false,"crs":{"type":"name","properties":{"name":"EPSG:32643"}},"type":"Polygon","coordinates":[[[865000.0,1934000.0],[866000.0,1934000.0],[866000.0,1935000.0],[865000.0,1935000.0],[865000.0,1934000.0]]]},"id":"865,1934","properties":{"bld_cover":0.3486,"bld_height":2.899319921875,"id":"626"}},{"type":"Feature","geometry":{"geodesic":false,"crs":{"type":"name","properties":{"name":"EPSG:32643"}},"type":"Polygon","coordinates":[[[866000.0,1934000.0],[867000.0,1934000.0],[867000.0,1935000.0],[866000.0,1935000.0],[866000.0,1934000.0]]]},"id":"866,1934","properties":{"bld_cover":0.2641,"bld_height":2.1951783203125,"id":"627"}},{"type":"Feature","geometry":{"geodesic":false,"crs":{"type":"name","properties":{"name":"EPSG:32643"}},"type":"Polygon","coordinates":[[[867000.0,1934000.0],[868000.0,1934000.0],[868000.0,1935000.0],[867000.0,1935000.0],[867000.0,1934000.0]]]},"id":"867,1934","properties":{"bld_cover":0.3407,"bld_height":3.3839435546875,"id":"628"}},{"type":"Feature","geometry":{"geodesic":false,"crs":{"type":"name","properties":{"name":"EPSG:32643"}},"type":"Polygon","coordinates":[[[868000.0,1934000.0],[869000.0,1934000.0],[869000.0,1935000.0],[868000.0,1935000.0],[868000.0,1934000.0]]]},"id":"868,1934","properties":{"bld_cover":0.1152,"bld_height":0.9398359375,"id":"629"}},{"type":"Feature","geometry":{"geodesic":false,"crs":{"type":"name","properties":{"name":"EPSG:32643"}},"type":"Polygon","coordinates":[[[869000.0,1934000.0],[870000.0,1934000.0],[870000.0,1935000.0],[869000.0,1935000.0],[869000.0,1934000.0]]]},"id":"869,1934","properties":{"bld_cover":0.3792,"bld_height":3.5510291015625,"id":"630"}},{"type":"Feature","geometry":{"geodesic":false,"crs":{"type":"name","properties":{"name":"EPSG:32643"}},"type":"Polygon","coordinates":[[[870000.0,1934000.0],[871000.0,1934000.0],[871000.0,1935000.0],[870000.0,1935000.0],[870000.0,1934000.0]]]},"id":"870,1934","properties":{"bld_cover":0.2742,"bld_height":2.58068125,"id":"631"}},{"type":"Feature","geometry":{"geodesic":false,"crs":{"type":"name","properties":{"name":"EPSG:32643"}},"type":"Polygon","coordinates":[[[871000.0,1934000.0],[872000.0,1934000.0],[872000.0,1935000.0],[871000.0,1935000.0],[871000.0,1934000.0]]]},"id":"871,1934","properties":{"bld_cover":0.2065,"bld_height":1.8979173828125,"id":"632"}},{"type":"Feature","geometry":{"geodesic":false,"crs":{"type":"name","properties":{"name":"EPSG:32643"}},"type":"Polygon","coordinates":[[[872000.0,1934000.0],[873000.0,1934000.0],[873000.0,1935000.0],[872000.0,1935000.0],[872000.0,1934000.0]]]},"id":"872,1934","properties":{"bld_cover":0.1948,"bld_height":1.9738412109375,"id":"633"}},{"type":"Feature","geometry":{"geodesic":false,"crs":{"type":"name","properties":{"name":"EPSG:32643"}},"type":"Polygon","coordinates":[[[873000.0,1934000.0],[874000.0,1934000.0],[874000.0,1935000.0],[873000.0,1935000.0],[873000.0,1934000.0]]]},"id":"873,1934","properties":{"bld_cover":0.0702,"bld_height":0.5231203125,"id":"634"}},{"type":"Feature","geometry":{"geodesic":false,"crs":{"type":"name","properties":{"name":"EPSG:32643"}},"type":"Polygon","coordinates":[[[874000.0,1934000.0],[875000.0,1934000.0],[875000.0,1935000.0],[874000.0,1935000.0],[874000.0,1934000.0]]]},"id":"874,1934","properties":{"bld_cover":0.0923,"bld_height":0.6339955078125,"id":"635"}},{"type":"Feature","geometry":{"geodesic":false,"crs":{"type":"name","properties":{"name":"EPSG:32643"}},"type":"Polygon","coordinates":[[[875000.0,1934000.0],[876000.0,1934000.0],[876000.0,1935000.0],[875000.0,1935000.0],[875000.0,1934000.0]]]},"id":"875,1934","properties":{"bld_cover":0.2997,"bld_height":2.8153181640625,"id":"636"}},{"type":"Feature","geometry":{"geodesic":false,"crs":{"type":"name","properties":{"name":"EPSG:32643"}},"type":"Polygon","coordinates":[[[876000.0,1934000.0],[877000.0,1934000.0],[877000.0,1935000.0],[876000.0,1935000.0],[876000.0,1934000.0]]]},"id":"876,1934","properties":{"bld_cover":0.4077,"bld_height":3.6986744140625,"id":"637"}},{"type":"Feature","geometry":{"geodesic":false,"crs":{"type":"name","properties":{"name":"EPSG:32643"}},"type":"Polygon","coordinates":[[[877000.0,1934000.0],[878000.0,1934000.0],[878000.0,1935000.0],[877000.0,1935000.0],[877000.0,1934000.0]]]},"id":"877,1934","properties":{"bld_cover":0.2895,"bld_height":2.113106640625,"id":"638"}},{"type":"Feature","geometry":{"geodesic":false,"crs":{"type":"name","properties":{"name":"EPSG:32643"}},"type":"Polygon","coordinates":[[[878000.0,1934000.0],[879000.0,1934000.0],[879000.0,1935000.0],[878000.0,1935000.0],[878000.0,1934000.0]]]},"id":"878,1934","properties":{"bld_cover":0.2821,"bld_height":2.94907421875,"id":"639"}},{"type":"Feature","geometry":{"geodesic":false,"crs":{"type":"name","properties":{"name":"EPSG:32643"}},"type":"Polygon","coordinates":[[[879000.0,1934000.0],[880000.0,1934000.0],[880000.0,1935000.0],[879000.0,1935000.0],[879000.0,1934000.0]]]},"id":"879,1934","properties":{"bld_cover":0.0967,"bld_height":0.8750419921875,"id":"640"}},{"type":"Feature","geometry":{"geodesic":false,"crs":{"type":"name","properties":{"name":"EPSG:32643"}},"type":"Polygon","coordinates":[[[880000.0,1934000.0],[881000.0,1934000.0],[881000.0,1935000.0],[880000.0,1935000.0],[880000.0,1934000.0]]]},"id":"880,1934","properties":{"bld_cover":0.1406,"bld_height":1.0639037109375,"id":"641"}},{"type":"Feature","geometry":{"geodesic":false,"crs":{"type":"name","properties":{"name":"EPSG:32643"}},"type":"Polygon","coordinates":[[[881000.0,1934000.0],[882000.0,1934000.0],[882000.0,1935000.0],[881000.0,1935000.0],[881000.0,1934000.0]]]},"id":"881,1934","properties":{"bld_cover":0.2292,"bld_height":1.69943203125,"id":"642"}},{"type":"Feature","geometry":{"geodesic":false,"crs":{"type":"name","properties":{"name":"EPSG:32643"}},"type":"Polygon","coordinates":[[[882000.0,1934000.0],[883000.0,1934000.0],[883000.0,1935000.0],[882000.0,1935000.0],[882000.0,1934000.0]]]},"id":"882,1934","properties":{"bld_cover":0.1251,"bld_height":2.430684765625,"id":"643"}},{"type":"Feature","geometry":{"geodesic":false,"crs":{"type":"name","properties":{"name":"EPSG:32643"}},"type":"Polygon","coordinates":[[[850000.0,1935000.0],[851000.0,1935000.0],[851000.0,1936000.0],[850000.0,1936000.0],[850000.0,1935000.0]]]},"id":"850,1935","properties":{"bld_cover":0.1006,"bld_height":2.13763125,"id":"644"}},{"type":"Feature","geometry":{"geodesic":false,"crs":{"type":"name","properties":{"name":"EPSG:32643"}},"type":"Polygon","coordinates":[[[851000.0,1935000.0],[852000.0,1935000.0],[852000.0,1936000.0],[851000.0,1936000.0],[851000.0,1935000.0]]]},"id":"851,1935","properties":{"bld_cover":0.2331,"bld_height":3.1865763671875,"id":"645"}},{"type":"Feature","geometry":{"geodesic":false,"crs":{"type":"name","properties":{"name":"EPSG:32643"}},"type":"Polygon","coordinates":[[[852000.0,1935000.0],[853000.0,1935000.0],[853000.0,1936000.0],[852000.0,1936000.0],[852000.0,1935000.0]]]},"id":"852,1935","properties":{"bld_cover":0.2838,"bld_height":3.780027734375,"id":"646"}},{"type":"Feature","geometry":{"geodesic":false,"crs":{"type":"name","properties":{"name":"EPSG:32643"}},"type":"Polygon","coordinates":[[[853000.0,1935000.0],[854000.0,1935000.0],[854000.0,1936000.0],[853000.0,1936000.0],[853000.0,1935000.0]]]},"id":"853,1935","properties":{"bld_cover":0.1653,"bld_height":1.752303125,"id":"647"}},{"type":"Feature","geometry":{"geodesic":false,"crs":{"type":"name","properties":{"name":"EPSG:32643"}},"type":"Polygon","coordinates":[[[854000.0,1935000.0],[855000.0,1935000.0],[855000.0,1936000.0],[854000.0,1936000.0],[854000.0,1935000.0]]]},"id":"854,1935","properties":{"bld_cover":0.0579,"bld_height":0.976326953125,"id":"648"}},{"type":"Feature","geometry":{"geodesic":false,"crs":{"type":"name","properties":{"name":"EPSG:32643"}},"type":"Polygon","coordinates":[[[855000.0,1935000.0],[856000.0,1935000.0],[856000.0,1936000.0],[855000.0,1936000.0],[855000.0,1935000.0]]]},"id":"855,1935","properties":{"bld_cover":0.1713,"bld_height":3.5742326171875,"id":"649"}},{"type":"Feature","geometry":{"geodesic":false,"crs":{"type":"name","properties":{"name":"EPSG:32643"}},"type":"Polygon","coordinates":[[[856000.0,1935000.0],[857000.0,1935000.0],[857000.0,1936000.0],[856000.0,1936000.0],[856000.0,1935000.0]]]},"id":"856,1935","properties":{"bld_cover":0.3717,"bld_height":3.166643359375,"id":"650"}},{"type":"Feature","geometry":{"geodesic":false,"crs":{"type":"name","properties":{"name":"EPSG:32643"}},"type":"Polygon","coordinates":[[[857000.0,1935000.0],[858000.0,1935000.0],[858000.0,1936000.0],[857000.0,1936000.0],[857000.0,1935000.0]]]},"id":"857,1935","properties":{"bld_cover":0.3551,"bld_height":3.5715826171875,"id":"651"}},{"type":"Feature","geometry":{"geodesic":false,"crs":{"type":"name","properties":{"name":"EPSG:32643"}},"type":"Polygon","coordinates":[[[858000.0,1935000.0],[859000.0,1935000.0],[859000.0,1936000.0],[858000.0,1936000.0],[858000.0,1935000.0]]]},"id":"858,1935","properties":{"bld_cover":0.1399,"bld_height":2.9025068359375,"id":"652"}},{"type":"Feature","geometry":{"geodesic":false,"crs":{"type":"name","properties":{"name":"EPSG:32643"}},"type":"Polygon","coordinates":[[[859000.0,1935000.0],[860000.0,1935000.0],[860000.0,1936000.0],[859000.0,1936000.0],[859000.0,1935000.0]]]},"id":"859,1935","properties":{"bld_cover":0.1546,"bld_height":2.6592212890625,"id":"653"}},{"type":"Feature","geometry":{"geodesic":false,"crs":{"type":"name","properties":{"name":"EPSG:32643"}},"type":"Polygon","coordinates":[[[860000.0,1935000.0],[861000.0,1935000.0],[861000.0,1936000.0],[860000.0,1936000.0],[860000.0,1935000.0]]]},"id":"860,1935","properties":{"bld_cover":0.1147,"bld_height":3.6756216796875,"id":"654"}},{"type":"Feature","geometry":{"geodesic":false,"crs":{"type":"name","properties":{"name":"EPSG:32643"}},"type":"Polygon","coordinates":[[[861000.0,1935000.0],[862000.0,1935000.0],[862000.0,1936000.0],[861000.0,1936000.0],[861000.0,1935000.0]]]},"id":"861,1935","properties":{"bld_cover":0.009,"bld_height":0.0842701171875,"id":"655"}},{"type":"Feature","geometry":{"geodesic":false,"crs":{"type":"name","properties":{"name":"EPSG:32643"}},"type":"Polygon","coordinates":[[[862000.0,1935000.0],[863000.0,1935000.0],[863000.0,1936000.0],[862000.0,1936000.0],[862000.0,1935000.0]]]},"id":"862,1935","properties":{"bld_cover":0.065,"bld_height":0.86750859375,"id":"656"}},{"type":"Feature","geometry":{"geodesic":false,"crs":{"type":"name","properties":{"name":"EPSG:32643"}},"type":"Polygon","coordinates":[[[863000.0,1935000.0],[864000.0,1935000.0],[864000.0,1936000.0],[863000.0,1936000.0],[863000.0,1935000.0]]]},"id":"863,1935","properties":{"bld_cover":0.3084,"bld_height":3.88612109375,"id":"657"}},{"type":"Feature","geometry":{"geodesic":false,"crs":{"type":"name","properties":{"name":"EPSG:32643"}},"type":"Polygon","coordinates":[[[864000.0,1935000.0],[865000.0,1935000.0],[865000.0,1936000.0],[864000.0,1936000.0],[864000.0,1935000.0]]]},"id":"864,1935","properties":{"bld_cover":0.1883,"bld_height":1.673733984375,"id":"658"}},{"type":"Feature","geometry":{"geodesic":false,"crs":{"type":"name","properties":{"name":"EPSG:32643"}},"type":"Polygon","coordinates":[[[865000.0,1935000.0],[866000.0,1935000.0],[866000.0,1936000.0],[865000.0,1936000.0],[865000.0,1935000.0]]]},"id":"865,1935","properties":{"bld_cover":0.1008,"bld_height":0.882325390625,"id":"659"}},{"type":"Feature","geometry":{"geodesic":false,"crs":{"type":"name","properties":{"name":"EPSG:32643"}},"type":"Polygon","coordinates":[[[866000.0,1935000.0],[867000.0,1935000.0],[867000.0,1936000.0],[866000.0,1936000.0],[866000.0,1935000.0]]]},"id":"866,1935","properties":{"bld_cover":0.1235,"bld_height":1.03828515625,"id":"660"}},{"type":"Feature","geometry":{"geodesic":false,"crs":{"type":"name","properties":{"name":"EPSG:32643"}},"type":"Polygon","coordinates":[[[867000.0,1935000.0],[868000.0,1935000.0],[868000.0,1936000.0],[867000.0,1936000.0],[867000.0,1935000.0]]]},"id":"867,1935","properties":{"bld_cover":0.0763,"bld_height":0.622904296875,"id":"661"}},{"type":"Feature","geometry":{"geodesic":false,"crs":{"type":"name","properties":{"name":"EPSG:32643"}},"type":"Polygon","coordinates":[[[868000.0,1935000.0],[869000.0,1935000.0],[869000.0,1936000.0],[868000.0,1936000.0],[868000.0,1935000.0]]]},"id":"868,1935","properties":{"bld_cover":0.0488,"bld_height":0.3248919921875,"id":"662"}},{"type":"Feature","geometry":{"geodesic":false,"crs":{"type":"name","properties":{"name":"EPSG:32643"}},"type":"Polygon","coordinates":[[[869000.0,1935000.0],[870000.0,1935000.0],[870000.0,1936000.0],[869000.0,1936000.0],[869000.0,1935000.0]]]},"id":"869,1935","properties":{"bld_cover":0.421,"bld_height":4.0336517578125,"id":"663"}},{"type":"Feature","geometry":{"geodesic":false,"crs":{"type":"name","properties":{"name":"EPSG:32643"}},"type":"Polygon","coordinates":[[[870000.0,1935000.0],[871000.0,1935000.0],[871000.0,1936000.0],[870000.0,1936000.0],[870000.0,1935000.0]]]},"id":"870,1935","properties":{"bld_cover":0.4194,"bld_height":4.108146875,"id":"664"}},{"type":"Feature","geometry":{"geodesic":false,"crs":{"type":"name","properties":{"name":"EPSG:32643"}},"type":"Polygon","coordinates":[[[871000.0,1935000.0],[872000.0,1935000.0],[872000.0,1936000.0],[871000.0,1936000.0],[871000.0,1935000.0]]]},"id":"871,1935","properties":{"bld_cover":0.2219,"bld_height":2.418755859375,"id":"665"}},{"type":"Feature","geometry":{"geodesic":false,"crs":{"type":"name","properties":{"name":"EPSG:32643"}},"type":"Polygon","coordinates":[[[872000.0,1935000.0],[873000.0,1935000.0],[873000.0,1936000.0],[872000.0,1936000.0],[872000.0,1935000.0]]]},"id":"872,1935","properties":{"bld_cover":0.2725,"bld_height":2.4659837890625,"id":"666"}},{"type":"Feature","geometry":{"geodesic":false,"crs":{"type":"name","properties":{"name":"EPSG:32643"}},"type":"Polygon","coordinates":[[[873000.0,1935000.0],[874000.0,1935000.0],[874000.0,1936000.0],[873000.0,1936000.0],[873000.0,1935000.0]]]},"id":"873,1935","properties":{"bld_cover":0.117,"bld_height":0.9352650390625,"id":"667"}},{"type":"Feature","geometry":{"geodesic":false,"crs":{"type":"name","properties":{"name":"EPSG:32643"}},"type":"Polygon","coordinates":[[[874000.0,1935000.0],[875000.0,1935000.0],[875000.0,1936000.0],[874000.0,1936000.0],[874000.0,1935000.0]]]},"id":"874,1935","properties":{"bld_cover":0.1254,"bld_height":1.104060546875,"id":"668"}},{"type":"Feature","geometry":{"geodesic":false,"crs":{"type":"name","properties":{"name":"EPSG:32643"}},"type":"Polygon","coordinates":[[[875000.0,1935000.0],[876000.0,1935000.0],[876000.0,1936000.0],[875000.0,1936000.0],[875000.0,1935000.0]]]},"id":"875,1935","properties":{"bld_cover":0.2833,"bld_height":2.2623767578125,"id":"669"}},{"type":"Feature","geometry":{"geodesic":false,"crs":{"type":"name","properties":{"name":"EPSG:32643"}},"type":"Polygon","coordinates":[[[876000.0,1935000.0],[877000.0,1935000.0],[877000.0,1936000.0],[876000.0,1936000.0],[876000.0,1935000.0]]]},"id":"876,1935","properties":{"bld_cover":0.4504,"bld_height":3.8280701171875,"id":"670"}},{"type":"Feature","geometry":{"geodesic":false,"crs":{"type":"name","properties":{"name":"EPSG:32643"}},"type":"Polygon","coordinates":[[[877000.0,1935000.0],[878000.0,1935000.0],[878000.0,1936000.0],[877000.0,1936000.0],[877000.0,1935000.0]]]},"id":"877,1935","properties":{"bld_cover":0.4057,"bld_height":3.7142419921875,"id":"671"}},{"type":"Feature","geometry":{"geodesic":false,"crs":{"type":"name","properties":{"name":"EPSG:32643"}},"type":"Polygon","coordinates":[[[878000.0,1935000.0],[879000.0,1935000.0],[879000.0,1936000.0],[878000.0,1936000.0],[878000.0,1935000.0]]]},"id":"878,1935","properties":{"bld_cover":0.377,"bld_height":4.401622265625,"id":"672"}},{"type":"Feature","geometry":{"geodesic":false,"crs":{"type":"name","properties":{"name":"EPSG:32643"}},"type":"Polygon","coordinates":[[[879000.0,1935000.0],[880000.0,1935000.0],[880000.0,1936000.0],[879000.0,1936000.0],[879000.0,1935000.0]]]},"id":"879,1935","properties":{"bld_cover":0.1902,"bld_height":2.188558203125,"id":"673"}},{"type":"Feature","geometry":{"geodesic":false,"crs":{"type":"name","properties":{"name":"EPSG:32643"}},"type":"Polygon","coordinates":[[[880000.0,1935000.0],[881000.0,1935000.0],[881000.0,1936000.0],[880000.0,1936000.0],[880000.0,1935000.0]]]},"id":"880,1935","properties":{"bld_cover":0.0578,"bld_height":0.5489646484375,"id":"674"}},{"type":"Feature","geometry":{"geodesic":false,"crs":{"type":"name","properties":{"name":"EPSG:32643"}},"type":"Polygon","coordinates":[[[881000.0,1935000.0],[882000.0,1935000.0],[882000.0,1936000.0],[881000.0,1936000.0],[881000.0,1935000.0]]]},"id":"881,1935","properties":{"bld_cover":0.0893,"bld_height":0.6824828125,"id":"675"}},{"type":"Feature","geometry":{"geodesic":false,"crs":{"type":"name","properties":{"name":"EPSG:32643"}},"type":"Polygon","coordinates":[[[882000.0,1935000.0],[883000.0,1935000.0],[883000.0,1936000.0],[882000.0,1936000.0],[882000.0,1935000.0]]]},"id":"882,1935","properties":{"bld_cover":0.1551,"bld_height":2.498318359375,"id":"676"}},{"type":"Feature","geometry":{"geodesic":false,"crs":{"type":"name","properties":{"name":"EPSG:32643"}},"type":"Polygon","coordinates":[[[850000.0,1936000.0],[851000.0,1936000.0],[851000.0,1937000.0],[850000.0,1937000.0],[850000.0,1936000.0]]]},"id":"850,1936","properties":{"bld_cover":0.0424,"bld_height":0.6522111328125,"id":"677"}},{"type":"Feature","geometry":{"geodesic":false,"crs":{"type":"name","properties":{"name":"EPSG:32643"}},"type":"Polygon","coordinates":[[[851000.0,1936000.0],[852000.0,1936000.0],[852000.0,1937000.0],[851000.0,1937000.0],[851000.0,1936000.0]]]},"id":"851,1936","properties":{"bld_cover":0.1418,"bld_height":1.4961177734375,"id":"678"}},{"type":"Feature","geometry":{"geodesic":false,"crs":{"type":"name","properties":{"name":"EPSG:32643"}},"type":"Polygon","coordinates":[[[852000.0,1936000.0],[853000.0,1936000.0],[853000.0,1937000.0],[852000.0,1937000.0],[852000.0,1936000.0]]]},"id":"852,1936","properties":{"bld_cover":0.2958,"bld_height":3.3571107421875,"id":"679"}},{"type":"Feature","geometry":{"geodesic":false,"crs":{"type":"name","properties":{"name":"EPSG:32643"}},"type":"Polygon","coordinates":[[[853000.0,1936000.0],[854000.0,1936000.0],[854000.0,1937000.0],[853000.0,1937000.0],[853000.0,1936000.0]]]},"id":"853,1936","properties":{"bld_cover":0.3128,"bld_height":2.967515625,"id":"680"}},{"type":"Feature","geometry":{"geodesic":false,"crs":{"type":"name","properties":{"name":"EPSG:32643"}},"type":"Polygon","coordinates":[[[854000.0,1936000.0],[855000.0,1936000.0],[855000.0,1937000.0],[854000.0,1937000.0],[854000.0,1936000.0]]]},"id":"854,1936","properties":{"bld_cover":0.1447,"bld_height":1.7084515625,"id":"681"}},{"type":"Feature","geometry":{"geodesic":false,"crs":{"type":"name","properties":{"name":"EPSG:32643"}},"type":"Polygon","coordinates":[[[855000.0,1936000.0],[856000.0,1936000.0],[856000.0,1937000.0],[855000.0,1937000.0],[855000.0,1936000.0]]]},"id":"855,1936","properties":{"bld_cover":0.1779,"bld_height":2.538773046875,"id":"682"}},{"type":"Feature","geometry":{"geodesic":false,"crs":{"type":"name","properties":{"name":"EPSG:32643"}},"type":"Polygon","coordinates":[[[856000.0,1936000.0],[857000.0,1936000.0],[857000.0,1937000.0],[856000.0,1937000.0],[856000.0,1936000.0]]]},"id":"856,1936","properties":{"bld_cover":0.2827,"bld_height":4.6472517578125,"id":"683"}},{"type":"Feature","geometry":{"geodesic":false,"crs":{"type":"name","properties":{"name":"EPSG:32643"}},"type":"Polygon","coordinates":[[[857000.0,1936000.0],[858000.0,1936000.0],[858000.0,1937000.0],[857000.0,1937000.0],[857000.0,1936000.0]]]},"id":"857,1936","properties":{"bld_cover":0.1491,"bld_height":1.674854296875,"id":"684"}},{"type":"Feature","geometry":{"geodesic":false,"crs":{"type":"name","properties":{"name":"EPSG:32643"}},"type":"Polygon","coordinates":[[[858000.0,1936000.0],[859000.0,1936000.0],[859000.0,1937000.0],[858000.0,1937000.0],[858000.0,1936000.0]]]},"id":"858,1936","properties":{"bld_cover":0.3023,"bld_height":5.6187640625,"id":"685"}},{"type":"Feature","geometry":{"geodesic":false,"crs":{"type":"name","properties":{"name":"EPSG:32643"}},"type":"Polygon","coordinates":[[[859000.0,1936000.0],[860000.0,1936000.0],[860000.0,1937000.0],[859000.0,1937000.0],[859000.0,1936000.0]]]},"id":"859,1936","properties":{"bld_cover":0.3185,"bld_height":5.561199609375,"id":"686"}},{"type":"Feature","geometry":{"geodesic":false,"crs":{"type":"name","properties":{"name":"EPSG:32643"}},"type":"Polygon","coordinates":[[[860000.0,1936000.0],[861000.0,1936000.0],[861000.0,1937000.0],[860000.0,1937000.0],[860000.0,1936000.0]]]},"id":"860,1936","properties":{"bld_cover":0.3183,"bld_height":5.2303029296875,"id":"687"}},{"type":"Feature","geometry":{"geodesic":false,"crs":{"type":"name","properties":{"name":"EPSG:32643"}},"type":"Polygon","coordinates":[[[861000.0,1936000.0],[862000.0,1936000.0],[862000.0,1937000.0],[861000.0,1937000.0],[861000.0,1936000.0]]]},"id":"861,1936","properties":{"bld_cover":0.1448,"bld_height":1.777981640625,"id":"688"}},{"type":"Feature","geometry":{"geodesic":false,"crs":{"type":"name","properties":{"name":"EPSG:32643"}},"type":"Polygon","coordinates":[[[862000.0,1936000.0],[863000.0,1936000.0],[863000.0,1937000.0],[862000.0,1937000.0],[862000.0,1936000.0]]]},"id":"862,1936","properties":{"bld_cover":0.4306,"bld_height":5.4307345703125,"id":"689"}},{"type":"Feature","geometry":{"geodesic":false,"crs":{"type":"name","properties":{"name":"EPSG:32643"}},"type":"Polygon","coordinates":[[[863000.0,1936000.0],[864000.0,1936000.0],[864000.0,1937000.0],[863000.0,1937000.0],[863000.0,1936000.0]]]},"id":"863,1936","properties":{"bld_cover":0.3536,"bld_height":3.614169140625,"id":"690"}},{"type":"Feature","geometry":{"geodesic":false,"crs":{"type":"name","properties":{"name":"EPSG:32643"}},"type":"Polygon","coordinates":[[[864000.0,1936000.0],[865000.0,1936000.0],[865000.0,1937000.0],[864000.0,1937000.0],[864000.0,1936000.0]]]},"id":"864,1936","properties":{"bld_cover":0.1505,"bld_height":1.334878125,"id":"691"}},{"type":"Feature","geometry":{"geodesic":false,"crs":{"type":"name","properties":{"name":"EPSG:32643"}},"type":"Polygon","coordinates":[[[865000.0,1936000.0],[866000.0,1936000.0],[866000.0,1937000.0],[865000.0,1937000.0],[865000.0,1936000.0]]]},"id":"865,1936","properties":{"bld_cover":0.128,"bld_height":1.1167625,"id":"692"}},{"type":"Feature","geometry":{"geodesic":false,"crs":{"type":"name","properties":{"name":"EPSG:32643"}},"type":"Polygon","coordinates":[[[866000.0,1936000.0],[867000.0,1936000.0],[867000.0,1937000.0],[866000.0,1937000.0],[866000.0,1936000.0]]]},"id":"866,1936","properties":{"bld_cover":0.1914,"bld_height":2.3244916015625,"id":"693"}},{"type":"Feature","geometry":{"geodesic":false,"crs":{"type":"name","properties":{"name":"EPSG:32643"}},"type":"Polygon","coordinates":[[[867000.0,1936000.0],[868000.0,1936000.0],[868000.0,1937000.0],[867000.0,1937000.0],[867000.0,1936000.0]]]},"id":"867,1936","properties":{"bld_cover":0.136,"bld_height":1.204125,"id":"694"}},{"type":"Feature","geometry":{"geodesic":false,"crs":{"type":"name","properties":{"name":"EPSG:32643"}},"type":"Polygon","coordinates":[[[868000.0,1936000.0],[869000.0,1936000.0],[869000.0,1937000.0],[868000.0,1937000.0],[868000.0,1936000.0]]]},"id":"868,1936","properties":{"bld_cover":0.0329,"bld_height":0.217323046875,"id":"695"}},{"type":"Feature","geometry":{"geodesic":false,"crs":{"type":"name","properties":{"name":"EPSG:32643"}},"type":"Polygon","coordinates":[[[869000.0,1936000.0],[870000.0,1936000.0],[870000.0,1937000.0],[869000.0,1937000.0],[869000.0,1936000.0]]]},"id":"869,1936","properties":{"bld_cover":0.2719,"bld_height":2.873949609375,"id":"696"}},{"type":"Feature","geometry":{"geodesic":false,"crs":{"type":"name","properties":{"name":"EPSG:32643"}},"type":"Polygon","coordinates":[[[870000.0,1936000.0],[871000.0,1936000.0],[871000.0,1937000.0],[870000.0,1937000.0],[870000.0,1936000.0]]]},"id":"870,1936","properties":{"bld_cover":0.2608,"bld_height":2.671906640625,"id":"697"}},{"type":"Feature","geometry":{"geodesic":false,"crs":{"type":"name","properties":{"name":"EPSG:32643"}},"type":"Polygon","coordinates":[[[871000.0,1936000.0],[872000.0,1936000.0],[872000.0,1937000.0],[871000.0,1937000.0],[871000.0,1936000.0]]]},"id":"871,1936","properties":{"bld_cover":0.3635,"bld_height":3.791641015625,"id":"698"}},{"type":"Feature","geometry":{"geodesic":false,"crs":{"type":"name","properties":{"name":"EPSG:32643"}},"type":"Polygon","coordinates":[[[872000.0,1936000.0],[873000.0,1936000.0],[873000.0,1937000.0],[872000.0,1937000.0],[872000.0,1936000.0]]]},"id":"872,1936","properties":{"bld_cover":0.1562,"bld_height":1.1777654296875,"id":"699"}},{"type":"Feature","geometry":{"geodesic":false,"crs":{"type":"name","properties":{"name":"EPSG:32643"}},"type":"Polygon","coordinates":[[[873000.0,1936000.0],[874000.0,1936000.0],[874000.0,1937000.0],[873000.0,1937000.0],[873000.0,1936000.0]]]},"id":"873,1936","properties":{"bld_cover":0.1409,"bld_height":1.1095041015625,"id":"700"}},{"type":"Feature","geometry":{"geodesic":false,"crs":{"type":"name","properties":{"name":"EPSG:32643"}},"type":"Polygon","coordinates":[[[874000.0,1936000.0],[875000.0,1936000.0],[875000.0,1937000.0],[874000.0,1937000.0],[874000.0,1936000.0]]]},"id":"874,1936","properties":{"bld_cover":0.1829,"bld_height":1.66930546875,"id":"701"}},{"type":"Feature","geometry":{"geodesic":false,"crs":{"type":"name","properties":{"name":"EPSG:32643"}},"type":"Polygon","coordinates":[[[875000.0,1936000.0],[876000.0,1936000.0],[876000.0,1937000.0],[875000.0,1937000.0],[875000.0,1936000.0]]]},"id":"875,1936","properties":{"bld_cover":0.3446,"bld_height":3.577925,"id":"702"}},{"type":"Feature","geometry":{"geodesic":false,"crs":{"type":"name","properties":{"name":"EPSG:32643"}},"type":"Polygon","coordinates":[[[876000.0,1936000.0],[877000.0,1936000.0],[877000.0,1937000.0],[876000.0,1937000.0],[876000.0,1936000.0]]]},"id":"876,1936","properties":{"bld_cover":0.3679,"bld_height":3.1036576171875,"id":"703"}},{"type":"Feature","geometry":{"geodesic":false,"crs":{"type":"name","properties":{"name":"EPSG:32643"}},"type":"Polygon","coordinates":[[[877000.0,1936000.0],[878000.0,1936000.0],[878000.0,1937000.0],[877000.0,1937000.0],[877000.0,1936000.0]]]},"id":"877,1936","properties":{"bld_cover":0.3478,"bld_height":3.6491783203125,"id":"704"}},{"type":"Feature","geometry":{"geodesic":false,"crs":{"type":"name","properties":{"name":"EPSG:32643"}},"type":"Polygon","coordinates":[[[878000.0,1936000.0],[879000.0,1936000.0],[879000.0,1937000.0],[878000.0,1937000.0],[878000.0,1936000.0]]]},"id":"878,1936","properties":{"bld_cover":0.3902,"bld_height":3.9053755859375,"id":"705"}},{"type":"Feature","geometry":{"geodesic":false,"crs":{"type":"name","properties":{"name":"EPSG:32643"}},"type":"Polygon","coordinates":[[[879000.0,1936000.0],[880000.0,1936000.0],[880000.0,1937000.0],[879000.0,1937000.0],[879000.0,1936000.0]]]},"id":"879,1936","properties":{"bld_cover":0.3623,"bld_height":3.5264330078125,"id":"706"}},{"type":"Feature","geometry":{"geodesic":false,"crs":{"type":"name","properties":{"name":"EPSG:32643"}},"type":"Polygon","coordinates":[[[880000.0,1936000.0],[881000.0,1936000.0],[881000.0,1937000.0],[880000.0,1937000.0],[880000.0,1936000.0]]]},"id":"880,1936","properties":{"bld_cover":0.3098,"bld_height":2.85008203125,"id":"707"}},{"type":"Feature","geometry":{"geodesic":false,"crs":{"type":"name","properties":{"name":"EPSG:32643"}},"type":"Polygon","coordinates":[[[881000.0,1936000.0],[882000.0,1936000.0],[882000.0,1937000.0],[881000.0,1937000.0],[881000.0,1936000.0]]]},"id":"881,1936","properties":{"bld_cover":0.2824,"bld_height":2.76685078125,"id":"708"}},{"type":"Feature","geometry":{"geodesic":false,"crs":{"type":"name","properties":{"name":"EPSG:32643"}},"type":"Polygon","coordinates":[[[882000.0,1936000.0],[883000.0,1936000.0],[883000.0,1937000.0],[882000.0,1937000.0],[882000.0,1936000.0]]]},"id":"882,1936","properties":{"bld_cover":0.0959,"bld_height":1.8740046875,"id":"709"}},{"type":"Feature","geometry":{"geodesic":false,"crs":{"type":"name","properties":{"name":"EPSG:32643"}},"type":"Polygon","coordinates":[[[850000.0,1937000.0],[851000.0,1937000.0],[851000.0,1938000.0],[850000.0,1938000.0],[850000.0,1937000.0]]]},"id":"850,1937","properties":{"bld_cover":0.0308,"bld_height":0.5236376953125,"id":"710"}},{"type":"Feature","geometry":{"geodesic":false,"crs":{"type":"name","properties":{"name":"EPSG:32643"}},"type":"Polygon","coordinates":[[[851000.0,1937000.0],[852000.0,1937000.0],[852000.0,1938000.0],[851000.0,1938000.0],[851000.0,1937000.0]]]},"id":"851,1937","properties":{"bld_cover":0.0589,"bld_height":0.5267935546875,"id":"711"}},{"type":"Feature","geometry":{"geodesic":false,"crs":{"type":"name","properties":{"name":"EPSG:32643"}},"type":"Polygon","coordinates":[[[852000.0,1937000.0],[853000.0,1937000.0],[853000.0,1938000.0],[852000.0,1938000.0],[852000.0,1937000.0]]]},"id":"852,1937","properties":{"bld_cover":0.3558,"bld_height":3.8679513671875,"id":"712"}},{"type":"Feature","geometry":{"geodesic":false,"crs":{"type":"name","properties":{"name":"EPSG:32643"}},"type":"Polygon","coordinates":[[[853000.0,1937000.0],[854000.0,1937000.0],[854000.0,1938000.0],[853000.0,1938000.0],[853000.0,1937000.0]]]},"id":"853,1937","properties":{"bld_cover":0.2751,"bld_height":3.4228591796875,"id":"713"}},{"type":"Feature","geometry":{"geodesic":false,"crs":{"type":"name","properties":{"name":"EPSG:32643"}},"type":"Polygon","coordinates":[[[854000.0,1937000.0],[855000.0,1937000.0],[855000.0,1938000.0],[854000.0,1938000.0],[854000.0,1937000.0]]]},"id":"854,1937","properties":{"bld_cover":0.3093,"bld_height":5.35456640625,"id":"714"}},{"type":"Feature","geometry":{"geodesic":false,"crs":{"type":"name","properties":{"name":"EPSG:32643"}},"type":"Polygon","coordinates":[[[855000.0,1937000.0],[856000.0,1937000.0],[856000.0,1938000.0],[855000.0,1938000.0],[855000.0,1937000.0]]]},"id":"855,1937","properties":{"bld_cover":0.2517,"bld_height":3.7277837890625,"id":"715"}},{"type":"Feature","geometry":{"geodesic":false,"crs":{"type":"name","properties":{"name":"EPSG:32643"}},"type":"Polygon","coordinates":[[[856000.0,1937000.0],[857000.0,1937000.0],[857000.0,1938000.0],[856000.0,1938000.0],[856000.0,1937000.0]]]},"id":"856,1937","properties":{"bld_cover":0.359,"bld_height":5.6037462890625,"id":"716"}},{"type":"Feature","geometry":{"geodesic":false,"crs":{"type":"name","properties":{"name":"EPSG:32643"}},"type":"Polygon","coordinates":[[[857000.0,1937000.0],[858000.0,1937000.0],[858000.0,1938000.0],[857000.0,1938000.0],[857000.0,1937000.0]]]},"id":"857,1937","properties":{"bld_cover":0.2661,"bld_height":4.118890234375,"id":"717"}},{"type":"Feature","geometry":{"geodesic":false,"crs":{"type":"name","properties":{"name":"EPSG:32643"}},"type":"Polygon","coordinates":[[[858000.0,1937000.0],[859000.0,1937000.0],[859000.0,1938000.0],[858000.0,1938000.0],[858000.0,1937000.0]]]},"id":"858,1937","properties":{"bld_cover":0.0788,"bld_height":0.954244140625,"id":"718"}},{"type":"Feature","geometry":{"geodesic":false,"crs":{"type":"name","properties":{"name":"EPSG:32643"}},"type":"Polygon","coordinates":[[[859000.0,1937000.0],[860000.0,1937000.0],[860000.0,1938000.0],[859000.0,1938000.0],[859000.0,1937000.0]]]},"id":"859,1937","properties":{"bld_cover":0.3437,"bld_height":4.631765234375,"id":"719"}},{"type":"Feature","geometry":{"geodesic":false,"crs":{"type":"name","properties":{"name":"EPSG:32643"}},"type":"Polygon","coordinates":[[[860000.0,1937000.0],[861000.0,1937000.0],[861000.0,1938000.0],[860000.0,1938000.0],[860000.0,1937000.0]]]},"id":"860,1937","properties":{"bld_cover":0.3237,"bld_height":4.9476666015625,"id":"720"}},{"type":"Feature","geometry":{"geodesic":false,"crs":{"type":"name","properties":{"name":"EPSG:32643"}},"type":"Polygon","coordinates":[[[861000.0,1937000.0],[862000.0,1937000.0],[862000.0,1938000.0],[861000.0,1938000.0],[861000.0,1937000.0]]]},"id":"861,1937","properties":{"bld_cover":0.3646,"bld_height":5.377155859375,"id":"721"}},{"type":"Feature","geometry":{"geodesic":false,"crs":{"type":"name","properties":{"name":"EPSG:32643"}},"type":"Polygon","coordinates":[[[862000.0,1937000.0],[863000.0,1937000.0],[863000.0,1938000.0],[862000.0,1938000.0],[862000.0,1937000.0]]]},"id":"862,1937","properties":{"bld_cover":0.4166,"bld_height":5.3634892578125,"id":"722"}},{"type":"Feature","geometry":{"geodesic":false,"crs":{"type":"name","properties":{"name":"EPSG:32643"}},"type":"Polygon","coordinates":[[[863000.0,1937000.0],[864000.0,1937000.0],[864000.0,1938000.0],[863000.0,1938000.0],[863000.0,1937000.0]]]},"id":"863,1937","properties":{"bld_cover":0.3763,"bld_height":4.1515951171875,"id":"723"}},{"type":"Feature","geometry":{"geodesic":false,"crs":{"type":"name","properties":{"name":"EPSG:32643"}},"type":"Polygon","coordinates":[[[864000.0,1937000.0],[865000.0,1937000.0],[865000.0,1938000.0],[864000.0,1938000.0],[864000.0,1937000.0]]]},"id":"864,1937","properties":{"bld_cover":0.4221,"bld_height":4.0918564453125,"id":"724"}},{"type":"Feature","geometry":{"geodesic":false,"crs":{"type":"name","properties":{"name":"EPSG:32643"}},"type":"Polygon","coordinates":[[[865000.0,1937000.0],[866000.0,1937000.0],[866000.0,1938000.0],[865000.0,1938000.0],[865000.0,1937000.0]]]},"id":"865,1937","properties":{"bld_cover":0.3603,"bld_height":3.44194921875,"id":"725"}},{"type":"Feature","geometry":{"geodesic":false,"crs":{"type":"name","properties":{"name":"EPSG:32643"}},"type":"Polygon","coordinates":[[[866000.0,1937000.0],[867000.0,1937000.0],[867000.0,1938000.0],[866000.0,1938000.0],[866000.0,1937000.0]]]},"id":"866,1937","properties":{"bld_cover":0.3828,"bld_height":4.5832904296875,"id":"726"}},{"type":"Feature","geometry":{"geodesic":false,"crs":{"type":"name","properties":{"name":"EPSG:32643"}},"type":"Polygon","coordinates":[[[867000.0,1937000.0],[868000.0,1937000.0],[868000.0,1938000.0],[867000.0,1938000.0],[867000.0,1937000.0]]]},"id":"867,1937","properties":{"bld_cover":0.4617,"bld_height":4.8728126953125,"id":"727"}},{"type":"Feature","geometry":{"geodesic":false,"crs":{"type":"name","properties":{"name":"EPSG:32643"}},"type":"Polygon","coordinates":[[[868000.0,1937000.0],[869000.0,1937000.0],[869000.0,1938000.0],[868000.0,1938000.0],[868000.0,1937000.0]]]},"id":"868,1937","properties":{"bld_cover":0.0896,"bld_height":0.9372275390625,"id":"728"}},{"type":"Feature","geometry":{"geodesic":false,"crs":{"type":"name","properties":{"name":"EPSG:32643"}},"type":"Polygon","coordinates":[[[869000.0,1937000.0],[870000.0,1937000.0],[870000.0,1938000.0],[869000.0,1938000.0],[869000.0,1937000.0]]]},"id":"869,1937","properties":{"bld_cover":0.0292,"bld_height":0.2432662109375,"id":"729"}},{"type":"Feature","geometry":{"geodesic":false,"crs":{"type":"name","properties":{"name":"EPSG:32643"}},"type":"Polygon","coordinates":[[[870000.0,1937000.0],[871000.0,1937000.0],[871000.0,1938000.0],[870000.0,1938000.0],[870000.0,1937000.0]]]},"id":"870,1937","properties":{"bld_cover":0.0271,"bld_height":0.251383984375,"id":"730"}},{"type":"Feature","geometry":{"geodesic":false,"crs":{"type":"name","properties":{"name":"EPSG:32643"}},"type":"Polygon","coordinates":[[[871000.0,1937000.0],[872000.0,1937000.0],[872000.0,1938000.0],[871000.0,1938000.0],[871000.0,1937000.0]]]},"id":"871,1937","properties":{"bld_cover":0.3477,"bld_height":3.0378138671875,"id":"731"}},{"type":"Feature","geometry":{"geodesic":false,"crs":{"type":"name","properties":{"name":"EPSG:32643"}},"type":"Polygon","coordinates":[[[872000.0,1937000.0],[873000.0,1937000.0],[873000.0,1938000.0],[872000.0,1938000.0],[872000.0,1937000.0]]]},"id":"872,1937","properties":{"bld_cover":0.3507,"bld_height":3.056465625,"id":"732"}},{"type":"Feature","geometry":{"geodesic":false,"crs":{"type":"name","properties":{"name":"EPSG:32643"}},"type":"Polygon","coordinates":[[[873000.0,1937000.0],[874000.0,1937000.0],[874000.0,1938000.0],[873000.0,1938000.0],[873000.0,1937000.0]]]},"id":"873,1937","properties":{"bld_cover":0.1732,"bld_height":1.5349212890625,"id":"733"}},{"type":"Feature","geometry":{"geodesic":false,"crs":{"type":"name","properties":{"name":"EPSG:32643"}},"type":"Polygon","coordinates":[[[874000.0,1937000.0],[875000.0,1937000.0],[875000.0,1938000.0],[874000.0,1938000.0],[874000.0,1937000.0]]]},"id":"874,1937","properties":{"bld_cover":0.0592,"bld_height":0.511482421875,"id":"734"}},{"type":"Feature","geometry":{"geodesic":false,"crs":{"type":"name","properties":{"name":"EPSG:32643"}},"type":"Polygon","coordinates":[[[875000.0,1937000.0],[876000.0,1937000.0],[876000.0,1938000.0],[875000.0,1938000.0],[875000.0,1937000.0]]]},"id":"875,1937","properties":{"bld_cover":0.206,"bld_height":2.2190263671875,"id":"735"}},{"type":"Feature","geometry":{"geodesic":false,"crs":{"type":"name","properties":{"name":"EPSG:32643"}},"type":"Polygon","coordinates":[[[876000.0,1937000.0],[877000.0,1937000.0],[877000.0,1938000.0],[876000.0,1938000.0],[876000.0,1937000.0]]]},"id":"876,1937","properties":{"bld_cover":0.3123,"bld_height":3.3957732421875,"id":"736"}},{"type":"Feature","geometry":{"geodesic":false,"crs":{"type":"name","properties":{"name":"EPSG:32643"}},"type":"Polygon","coordinates":[[[877000.0,1937000.0],[878000.0,1937000.0],[878000.0,1938000.0],[877000.0,1938000.0],[877000.0,1937000.0]]]},"id":"877,1937","properties":{"bld_cover":0.1948,"bld_height":2.2269232421875,"id":"737"}},{"type":"Feature","geometry":{"geodesic":false,"crs":{"type":"name","properties":{"name":"EPSG:32643"}},"type":"Polygon","coordinates":[[[878000.0,1937000.0],[879000.0,1937000.0],[879000.0,1938000.0],[878000.0,1938000.0],[878000.0,1937000.0]]]},"id":"878,1937","properties":{"bld_cover":0.2239,"bld_height":2.1629498046875,"id":"738"}},{"type":"Feature","geometry":{"geodesic":false,"crs":{"type":"name","properties":{"name":"EPSG:32643"}},"type":"Polygon","coordinates":[[[879000.0,1937000.0],[880000.0,1937000.0],[880000.0,1938000.0],[879000.0,1938000.0],[879000.0,1937000.0]]]},"id":"879,1937","properties":{"bld_cover":0.2789,"bld_height":2.721511328125,"id":"739"}},{"type":"Feature","geometry":{"geodesic":false,"crs":{"type":"name","properties":{"name":"EPSG:32643"}},"type":"Polygon","coordinates":[[[880000.0,1937000.0],[881000.0,1937000.0],[881000.0,1938000.0],[880000.0,1938000.0],[880000.0,1937000.0]]]},"id":"880,1937","properties":{"bld_cover":0.1677,"bld_height":1.3119880859375,"id":"740"}},{"type":"Feature","geometry":{"geodesic":false,"crs":{"type":"name","properties":{"name":"EPSG:32643"}},"type":"Polygon","coordinates":[[[881000.0,1937000.0],[882000.0,1937000.0],[882000.0,1938000.0],[881000.0,1938000.0],[881000.0,1937000.0]]]},"id":"881,1937","properties":{"bld_cover":0.2451,"bld_height":1.842214453125,"id":"741"}},{"type":"Feature","geometry":{"geodesic":false,"crs":{"type":"name","properties":{"name":"EPSG:32643"}},"type":"Polygon","coordinates":[[[882000.0,1937000.0],[883000.0,1937000.0],[883000.0,1938000.0],[882000.0,1938000.0],[882000.0,1937000.0]]]},"id":"882,1937","properties":{"bld_cover":0.1533,"bld_height":2.9761095703125,"id":"742"}},{"type":"Feature","geometry":{"geodesic":false,"crs":{"type":"name","properties":{"name":"EPSG:32643"}},"type":"Polygon","coordinates":[[[855000.0,1938000.0],[856000.0,1938000.0],[856000.0,1939000.0],[855000.0,1939000.0],[855000.0,1938000.0]]]},"id":"855,1938","properties":{"bld_cover":0.0011,"bld_height":0.6740322265625,"id":"743"}},{"type":"Feature","geometry":{"geodesic":false,"crs":{"type":"name","properties":{"name":"EPSG:32643"}},"type":"Polygon","coordinates":[[[856000.0,1938000.0],[857000.0,1938000.0],[857000.0,1939000.0],[856000.0,1939000.0],[856000.0,1938000.0]]]},"id":"856,1938","properties":{"bld_cover":0.0104,"bld_height":3.915578515625,"id":"744"}},{"type":"Feature","geometry":{"geodesic":false,"crs":{"type":"name","properties":{"name":"EPSG:32643"}},"type":"Polygon","coordinates":[[[857000.0,1938000.0],[858000.0,1938000.0],[858000.0,1939000.0],[857000.0,1939000.0],[857000.0,1938000.0]]]},"id":"857,1938","properties":{"bld_cover":0.0062,"bld_height":3.32355234375,"id":"745"}},{"type":"Feature","geometry":{"geodesic":false,"crs":{"type":"name","properties":{"name":"EPSG:32643"}},"type":"Polygon","coordinates":[[[858000.0,1938000.0],[859000.0,1938000.0],[859000.0,1939000.0],[858000.0,1939000.0],[858000.0,1938000.0]]]},"id":"858,1938","properties":{"bld_cover":0.0015,"bld_height":1.251115234375,"id":"746"}},{"type":"Feature","geometry":{"geodesic":false,"crs":{"type":"name","properties":{"name":"EPSG:32643"}},"type":"Polygon","coordinates":[[[859000.0,1938000.0],[860000.0,1938000.0],[860000.0,1939000.0],[859000.0,1939000.0],[859000.0,1938000.0]]]},"id":"859,1938","properties":{"bld_cover":0.0272,"bld_height":5.1003197265625,"id":"747"}},{"type":"Feature","geometry":{"geodesic":false,"crs":{"type":"name","properties":{"name":"EPSG:32643"}},"type":"Polygon","coordinates":[[[860000.0,1938000.0],[861000.0,1938000.0],[861000.0,1939000.0],[860000.0,1939000.0],[860000.0,1938000.0]]]},"id":"860,1938","properties":{"bld_cover":0.0352,"bld_height":4.6489259765625,"id":"748"}},{"type":"Feature","geometry":{"geodesic":false,"crs":{"type":"name","properties":{"name":"EPSG:32643"}},"type":"Polygon","coordinates":[[[861000.0,1938000.0],[862000.0,1938000.0],[862000.0,1939000.0],[861000.0,1939000.0],[861000.0,1938000.0]]]},"id":"861,1938","properties":{"bld_cover":0.038,"bld_height":2.24644296875,"id":"749"}},{"type":"Feature","geometry":{"geodesic":false,"crs":{"type":"name","properties":{"name":"EPSG:32643"}},"type":"Polygon","coordinates":[[[862000.0,1938000.0],[863000.0,1938000.0],[863000.0,1939000.0],[862000.0,1939000.0],[862000.0,1938000.0]]]},"id":"862,1938","properties":{"bld_cover":0.0517,"bld_height":4.8196515625,"id":"750"}},{"type":"Feature","geometry":{"geodesic":false,"crs":{"type":"name","properties":{"name":"EPSG:32643"}},"type":"Polygon","coordinates":[[[863000.0,1938000.0],[864000.0,1938000.0],[864000.0,1939000.0],[863000.0,1939000.0],[863000.0,1938000.0]]]},"id":"863,1938","properties":{"bld_cover":0.0741,"bld_height":4.1648484375,"id":"751"}},{"type":"Feature","geometry":{"geodesic":false,"crs":{"type":"name","properties":{"name":"EPSG:32643"}},"type":"Polygon","coordinates":[[[864000.0,1938000.0],[865000.0,1938000.0],[865000.0,1939000.0],[864000.0,1939000.0],[864000.0,1938000.0]]]},"id":"864,1938","properties":{"bld_cover":0.0515,"bld_height":1.977988671875,"id":"752"}},{"type":"Feature","geometry":{"geodesic":false,"crs":{"type":"name","properties":{"name":"EPSG:32643"}},"type":"Polygon","coordinates":[[[865000.0,1938000.0],[866000.0,1938000.0],[866000.0,1939000.0],[865000.0,1939000.0],[865000.0,1938000.0]]]},"id":"865,1938","properties":{"bld_cover":0.0017,"bld_height":0.1200615234375,"id":"753"}},{"type":"Feature","geometry":{"geodesic":false,"crs":{"type":"name","properties":{"name":"EPSG:32643"}},"type":"Polygon","coordinates":[[[866000.0,1938000.0],[867000.0,1938000.0],[867000.0,1939000.0],[866000.0,1939000.0],[866000.0,1938000.0]]]},"id":"866,1938","properties":{"bld_cover":0.0094,"bld_height":0.49731015625,"id":"754"}},{"type":"Feature","geometry":{"geodesic":false,"crs":{"type":"name","properties":{"name":"EPSG:32643"}},"type":"Polygon","coordinates":[[[867000.0,1938000.0],[868000.0,1938000.0],[868000.0,1939000.0],[867000.0,1939000.0],[867000.0,1938000.0]]]},"id":"867,1938","properties":{"bld_cover":0.1146,"bld_height":4.4090005859375,"id":"755"}},{"type":"Feature","geometry":{"geodesic":false,"crs":{"type":"name","properties":{"name":"EPSG:32643"}},"type":"Polygon","coordinates":[[[868000.0,1938000.0],[869000.0,1938000.0],[869000.0,1939000.0],[868000.0,1939000.0],[868000.0,1938000.0]]]},"id":"868,1938","properties":{"bld_cover":0.1042,"bld_height":4.0916154296875,"id":"756"}},{"type":"Feature","geometry":{"geodesic":false,"crs":{"type":"name","properties":{"name":"EPSG:32643"}},"type":"Polygon","coordinates":[[[869000.0,1938000.0],[870000.0,1938000.0],[870000.0,1939000.0],[869000.0,1939000.0],[869000.0,1938000.0]]]},"id":"869,1938","properties":{"bld_cover":0.0171,"bld_height":2.510849609375,"id":"757"}},{"type":"Feature","geometry":{"geodesic":false,"crs":{"type":"name","properties":{"name":"EPSG:32643"}},"type":"Polygon","coordinates":[[[870000.0,1938000.0],[871000.0,1938000.0],[871000.0,1939000.0],[870000.0,1939000.0],[870000.0,1938000.0]]]},"id":"870,1938","properties":{"bld_cover":0,"bld_height":0.41263984375,"id":"758"}},{"type":"Feature","geometry":{"geodesic":false,"crs":{"type":"name","properties":{"name":"EPSG:32643"}},"type":"Polygon","coordinates":[[[871000.0,1938000.0],[872000.0,1938000.0],[872000.0,1939000.0],[871000.0,1939000.0],[871000.0,1938000.0]]]},"id":"871,1938","properties":{"bld_cover":0.1077,"bld_height":3.4368390625,"id":"759"}},{"type":"Feature","geometry":{"geodesic":false,"crs":{"type":"name","properties":{"name":"EPSG:32643"}},"type":"Polygon","coordinates":[[[872000.0,1938000.0],[873000.0,1938000.0],[873000.0,1939000.0],[872000.0,1939000.0],[872000.0,1938000.0]]]},"id":"872,1938","properties":{"bld_cover":0.1397,"bld_height":3.8140427734375,"id":"760"}},{"type":"Feature","geometry":{"geodesic":false,"crs":{"type":"name","properties":{"name":"EPSG:32643"}},"type":"Polygon","coordinates":[[[873000.0,1938000.0],[874000.0,1938000.0],[874000.0,1939000.0],[873000.0,1939000.0],[873000.0,1938000.0]]]},"id":"873,1938","properties":{"bld_cover":0.0497,"bld_height":1.75683984375,"id":"761"}},{"type":"Feature","geometry":{"geodesic":false,"crs":{"type":"name","properties":{"name":"EPSG:32643"}},"type":"Polygon","coordinates":[[[874000.0,1938000.0],[875000.0,1938000.0],[875000.0,1939000.0],[874000.0,1939000.0],[874000.0,1938000.0]]]},"id":"874,1938","properties":{"bld_cover":0.0334,"bld_height":0.637625390625,"id":"762"}},{"type":"Feature","geometry":{"geodesic":false,"crs":{"type":"name","properties":{"name":"EPSG:32643"}},"type":"Polygon","coordinates":[[[875000.0,1938000.0],[876000.0,1938000.0],[876000.0,1939000.0],[875000.0,1939000.0],[875000.0,1938000.0]]]},"id":"875,1938","properties":{"bld_cover":0.051,"bld_height":2.3948740234375,"id":"763"}},{"type":"Feature","geometry":{"geodesic":false,"crs":{"type":"name","properties":{"name":"EPSG:32643"}},"type":"Polygon","coordinates":[[[876000.0,1938000.0],[877000.0,1938000.0],[877000.0,1939000.0],[876000.0,1939000.0],[876000.0,1938000.0]]]},"id":"876,1938","properties":{"bld_cover":0.1022,"bld_height":3.0426267578125,"id":"764"}},{"type":"Feature","geometry":{"geodesic":false,"crs":{"type":"name","properties":{"name":"EPSG:32643"}},"type":"Polygon","coordinates":[[[877000.0,1938000.0],[878000.0,1938000.0],[878000.0,1939000.0],[877000.0,1939000.0],[877000.0,1938000.0]]]},"id":"877,1938","properties":{"bld_cover":0.0332,"bld_height":1.599326953125,"id":"765"}},{"type":"Feature","geometry":{"geodesic":false,"crs":{"type":"name","properties":{"name":"EPSG:32643"}},"type":"Polygon","coordinates":[[[878000.0,1938000.0],[879000.0,1938000.0],[879000.0,1939000.0],[878000.0,1939000.0],[878000.0,1938000.0]]]},"id":"878,1938","properties":{"bld_cover":0.0892,"bld_height":1.4219150390625,"id":"766"}},{"type":"Feature","geometry":{"geodesic":false,"crs":{"type":"name","properties":{"name":"EPSG:32643"}},"type":"Polygon","coordinates":[[[879000.0,1938000.0],[880000.0,1938000.0],[880000.0,1939000.0],[879000.0,1939000.0],[879000.0,1938000.0]]]},"id":"879,1938","properties":{"bld_cover":0.097,"bld_height":1.9478501953125,"id":"767"}},{"type":"Feature","geometry":{"geodesic":false,"crs":{"type":"name","properties":{"name":"EPSG:32643"}},"type":"Polygon","coordinates":[[[880000.0,1938000.0],[881000.0,1938000.0],[881000.0,1939000.0],[880000.0,1939000.0],[880000.0,1938000.0]]]},"id":"880,1938","properties":{"bld_cover":0.0736,"bld_height":1.70938828125,"id":"768"}},{"type":"Feature","geometry":{"geodesic":false,"crs":{"type":"name","properties":{"name":"EPSG:32643"}},"type":"Polygon","coordinates":[[[881000.0,1938000.0],[882000.0,1938000.0],[882000.0,1939000.0],[881000.0,1939000.0],[881000.0,1938000.0]]]},"id":"881,1938","properties":{"bld_cover":0.1714,"bld_height":3.1586109375,"id":"769"}},{"type":"Feature","geometry":{"geodesic":false,"crs":{"type":"name","properties":{"name":"EPSG:32643"}},"type":"Polygon","coordinates":[[[882000.0,1938000.0],[883000.0,1938000.0],[883000.0,1939000.0],[882000.0,1939000.0],[882000.0,1938000.0]]]},"id":"882,1938","properties":{"bld_cover":0.0741,"bld_height":2.2576986328125,"id":"770"}}]}